[2026-06-04 00:53:21] local.ERROR: App\Http\Controllers\Admin\AdminController::edit(): Argument #2 ($id) must be of type int, string given, called in /Users/alejandroleon/Documents/PROYECTOS CLIENTES/SINERGIA-WEB/vendor/laravel/framework/src/Illuminate/Routing/ControllerDispatcher.php on line 46 {"userId":1,"exception":"[object] (TypeError(code: 0): App\\Http\\Controllers\\Admin\\AdminController::edit(): Argument #2 ($id) must be of type int, string given, called in /Users/alejandroleon/Documents/PROYECTOS CLIENTES/SINERGIA-WEB/vendor/laravel/framework/src/Illuminate/Routing/ControllerDispatcher.php on line 46 at /Users/alejandroleon/Documents/PROYECTOS CLIENTES/SINERGIA-WEB/app/Http/Controllers/Admin/AdminController.php:58)
[stacktrace]
#0 /Users/alejandroleon/Documents/PROYECTOS CLIENTES/SINERGIA-WEB/vendor/laravel/framework/src/Illuminate/Routing/ControllerDispatcher.php(46): App\\Http\\Controllers\\Admin\\AdminController->edit('blog-titulo-1', 'posts')
#1 /Users/alejandroleon/Documents/PROYECTOS CLIENTES/SINERGIA-WEB/vendor/laravel/framework/src/Illuminate/Routing/Route.php(265): Illuminate\\Routing\\ControllerDispatcher->dispatch(Object(Illuminate\\Routing\\Route), Object(App\\Http\\Controllers\\Admin\\AdminController), 'edit')
#2 /Users/alejandroleon/Documents/PROYECTOS CLIENTES/SINERGIA-WEB/vendor/laravel/framework/src/Illuminate/Routing/Route.php(211): Illuminate\\Routing\\Route->runController()
#3 /Users/alejandroleon/Documents/PROYECTOS CLIENTES/SINERGIA-WEB/vendor/laravel/framework/src/Illuminate/Routing/Router.php(822): Illuminate\\Routing\\Route->run()
#4 /Users/alejandroleon/Documents/PROYECTOS CLIENTES/SINERGIA-WEB/vendor/laravel/framework/src/Illuminate/Pipeline/Pipeline.php(180): Illuminate\\Routing\\Router->Illuminate\\Routing\\{closure}(Object(Illuminate\\Http\\Request))
#5 /Users/alejandroleon/Documents/PROYECTOS CLIENTES/SINERGIA-WEB/vendor/laravel/framework/src/Illuminate/Routing/Middleware/SubstituteBindings.php(50): Illuminate\\Pipeline\\Pipeline->Illuminate\\Pipeline\\{closure}(Object(Illuminate\\Http\\Request))
#6 /Users/alejandroleon/Documents/PROYECTOS CLIENTES/SINERGIA-WEB/vendor/laravel/framework/src/Illuminate/Pipeline/Pipeline.php(219): Illuminate\\Routing\\Middleware\\SubstituteBindings->handle(Object(Illuminate\\Http\\Request), Object(Closure))
#7 /Users/alejandroleon/Documents/PROYECTOS CLIENTES/SINERGIA-WEB/vendor/laravel/framework/src/Illuminate/Auth/Middleware/Authenticate.php(63): Illuminate\\Pipeline\\Pipeline->Illuminate\\Pipeline\\{closure}(Object(Illuminate\\Http\\Request))
#8 /Users/alejandroleon/Documents/PROYECTOS CLIENTES/SINERGIA-WEB/vendor/laravel/framework/src/Illuminate/Pipeline/Pipeline.php(219): Illuminate\\Auth\\Middleware\\Authenticate->handle(Object(Illuminate\\Http\\Request), Object(Closure))
#9 /Users/alejandroleon/Documents/PROYECTOS CLIENTES/SINERGIA-WEB/vendor/laravel/framework/src/Illuminate/Foundation/Http/Middleware/VerifyCsrfToken.php(87): Illuminate\\Pipeline\\Pipeline->Illuminate\\Pipeline\\{closure}(Object(Illuminate\\Http\\Request))
#10 /Users/alejandroleon/Documents/PROYECTOS CLIENTES/SINERGIA-WEB/vendor/laravel/framework/src/Illuminate/Pipeline/Pipeline.php(219): Illuminate\\Foundation\\Http\\Middleware\\VerifyCsrfToken->handle(Object(Illuminate\\Http\\Request), Object(Closure))
#11 /Users/alejandroleon/Documents/PROYECTOS CLIENTES/SINERGIA-WEB/vendor/laravel/framework/src/Illuminate/View/Middleware/ShareErrorsFromSession.php(48): Illuminate\\Pipeline\\Pipeline->Illuminate\\Pipeline\\{closure}(Object(Illuminate\\Http\\Request))
#12 /Users/alejandroleon/Documents/PROYECTOS CLIENTES/SINERGIA-WEB/vendor/laravel/framework/src/Illuminate/Pipeline/Pipeline.php(219): Illuminate\\View\\Middleware\\ShareErrorsFromSession->handle(Object(Illuminate\\Http\\Request), Object(Closure))
#13 /Users/alejandroleon/Documents/PROYECTOS CLIENTES/SINERGIA-WEB/vendor/laravel/framework/src/Illuminate/Session/Middleware/StartSession.php(120): Illuminate\\Pipeline\\Pipeline->Illuminate\\Pipeline\\{closure}(Object(Illuminate\\Http\\Request))
#14 /Users/alejandroleon/Documents/PROYECTOS CLIENTES/SINERGIA-WEB/vendor/laravel/framework/src/Illuminate/Session/Middleware/StartSession.php(63): Illuminate\\Session\\Middleware\\StartSession->handleStatefulRequest(Object(Illuminate\\Http\\Request), Object(Illuminate\\Session\\Store), Object(Closure))
#15 /Users/alejandroleon/Documents/PROYECTOS CLIENTES/SINERGIA-WEB/vendor/laravel/framework/src/Illuminate/Pipeline/Pipeline.php(219): Illuminate\\Session\\Middleware\\StartSession->handle(Object(Illuminate\\Http\\Request), Object(Closure))
#16 /Users/alejandroleon/Documents/PROYECTOS CLIENTES/SINERGIA-WEB/vendor/laravel/framework/src/Illuminate/Cookie/Middleware/AddQueuedCookiesToResponse.php(36): Illuminate\\Pipeline\\Pipeline->Illuminate\\Pipeline\\{closure}(Object(Illuminate\\Http\\Request))
#17 /Users/alejandroleon/Documents/PROYECTOS CLIENTES/SINERGIA-WEB/vendor/laravel/framework/src/Illuminate/Pipeline/Pipeline.php(219): Illuminate\\Cookie\\Middleware\\AddQueuedCookiesToResponse->handle(Object(Illuminate\\Http\\Request), Object(Closure))
#18 /Users/alejandroleon/Documents/PROYECTOS CLIENTES/SINERGIA-WEB/vendor/laravel/framework/src/Illuminate/Cookie/Middleware/EncryptCookies.php(74): Illuminate\\Pipeline\\Pipeline->Illuminate\\Pipeline\\{closure}(Object(Illuminate\\Http\\Request))
#19 /Users/alejandroleon/Documents/PROYECTOS CLIENTES/SINERGIA-WEB/vendor/laravel/framework/src/Illuminate/Pipeline/Pipeline.php(219): Illuminate\\Cookie\\Middleware\\EncryptCookies->handle(Object(Illuminate\\Http\\Request), Object(Closure))
#20 /Users/alejandroleon/Documents/PROYECTOS CLIENTES/SINERGIA-WEB/vendor/laravel/framework/src/Illuminate/Pipeline/Pipeline.php(137): Illuminate\\Pipeline\\Pipeline->Illuminate\\Pipeline\\{closure}(Object(Illuminate\\Http\\Request))
#21 /Users/alejandroleon/Documents/PROYECTOS CLIENTES/SINERGIA-WEB/vendor/laravel/framework/src/Illuminate/Routing/Router.php(821): Illuminate\\Pipeline\\Pipeline->then(Object(Closure))
#22 /Users/alejandroleon/Documents/PROYECTOS CLIENTES/SINERGIA-WEB/vendor/laravel/framework/src/Illuminate/Routing/Router.php(800): Illuminate\\Routing\\Router->runRouteWithinStack(Object(Illuminate\\Routing\\Route), Object(Illuminate\\Http\\Request))
#23 /Users/alejandroleon/Documents/PROYECTOS CLIENTES/SINERGIA-WEB/vendor/laravel/framework/src/Illuminate/Routing/Router.php(764): Illuminate\\Routing\\Router->runRoute(Object(Illuminate\\Http\\Request), Object(Illuminate\\Routing\\Route))
#24 /Users/alejandroleon/Documents/PROYECTOS CLIENTES/SINERGIA-WEB/vendor/laravel/framework/src/Illuminate/Routing/Router.php(753): Illuminate\\Routing\\Router->dispatchToRoute(Object(Illuminate\\Http\\Request))
#25 /Users/alejandroleon/Documents/PROYECTOS CLIENTES/SINERGIA-WEB/vendor/laravel/framework/src/Illuminate/Foundation/Http/Kernel.php(200): Illuminate\\Routing\\Router->dispatch(Object(Illuminate\\Http\\Request))
#26 /Users/alejandroleon/Documents/PROYECTOS CLIENTES/SINERGIA-WEB/vendor/laravel/framework/src/Illuminate/Pipeline/Pipeline.php(180): Illuminate\\Foundation\\Http\\Kernel->Illuminate\\Foundation\\Http\\{closure}(Object(Illuminate\\Http\\Request))
#27 /Users/alejandroleon/Documents/PROYECTOS CLIENTES/SINERGIA-WEB/vendor/laravel/framework/src/Illuminate/Foundation/Http/Middleware/TransformsRequest.php(21): Illuminate\\Pipeline\\Pipeline->Illuminate\\Pipeline\\{closure}(Object(Illuminate\\Http\\Request))
#28 /Users/alejandroleon/Documents/PROYECTOS CLIENTES/SINERGIA-WEB/vendor/laravel/framework/src/Illuminate/Foundation/Http/Middleware/ConvertEmptyStringsToNull.php(31): Illuminate\\Foundation\\Http\\Middleware\\TransformsRequest->handle(Object(Illuminate\\Http\\Request), Object(Closure))
#29 /Users/alejandroleon/Documents/PROYECTOS CLIENTES/SINERGIA-WEB/vendor/laravel/framework/src/Illuminate/Pipeline/Pipeline.php(219): Illuminate\\Foundation\\Http\\Middleware\\ConvertEmptyStringsToNull->handle(Object(Illuminate\\Http\\Request), Object(Closure))
#30 /Users/alejandroleon/Documents/PROYECTOS CLIENTES/SINERGIA-WEB/vendor/laravel/framework/src/Illuminate/Foundation/Http/Middleware/TransformsRequest.php(21): Illuminate\\Pipeline\\Pipeline->Illuminate\\Pipeline\\{closure}(Object(Illuminate\\Http\\Request))
#31 /Users/alejandroleon/Documents/PROYECTOS CLIENTES/SINERGIA-WEB/vendor/laravel/framework/src/Illuminate/Foundation/Http/Middleware/TrimStrings.php(51): Illuminate\\Foundation\\Http\\Middleware\\TransformsRequest->handle(Object(Illuminate\\Http\\Request), Object(Closure))
#32 /Users/alejandroleon/Documents/PROYECTOS CLIENTES/SINERGIA-WEB/vendor/laravel/framework/src/Illuminate/Pipeline/Pipeline.php(219): Illuminate\\Foundation\\Http\\Middleware\\TrimStrings->handle(Object(Illuminate\\Http\\Request), Object(Closure))
#33 /Users/alejandroleon/Documents/PROYECTOS CLIENTES/SINERGIA-WEB/vendor/laravel/framework/src/Illuminate/Http/Middleware/ValidatePostSize.php(27): Illuminate\\Pipeline\\Pipeline->Illuminate\\Pipeline\\{closure}(Object(Illuminate\\Http\\Request))
#34 /Users/alejandroleon/Documents/PROYECTOS CLIENTES/SINERGIA-WEB/vendor/laravel/framework/src/Illuminate/Pipeline/Pipeline.php(219): Illuminate\\Http\\Middleware\\ValidatePostSize->handle(Object(Illuminate\\Http\\Request), Object(Closure))
#35 /Users/alejandroleon/Documents/PROYECTOS CLIENTES/SINERGIA-WEB/vendor/laravel/framework/src/Illuminate/Foundation/Http/Middleware/PreventRequestsDuringMaintenance.php(109): Illuminate\\Pipeline\\Pipeline->Illuminate\\Pipeline\\{closure}(Object(Illuminate\\Http\\Request))
#36 /Users/alejandroleon/Documents/PROYECTOS CLIENTES/SINERGIA-WEB/vendor/laravel/framework/src/Illuminate/Pipeline/Pipeline.php(219): Illuminate\\Foundation\\Http\\Middleware\\PreventRequestsDuringMaintenance->handle(Object(Illuminate\\Http\\Request), Object(Closure))
#37 /Users/alejandroleon/Documents/PROYECTOS CLIENTES/SINERGIA-WEB/vendor/laravel/framework/src/Illuminate/Http/Middleware/HandleCors.php(61): Illuminate\\Pipeline\\Pipeline->Illuminate\\Pipeline\\{closure}(Object(Illuminate\\Http\\Request))
#38 /Users/alejandroleon/Documents/PROYECTOS CLIENTES/SINERGIA-WEB/vendor/laravel/framework/src/Illuminate/Pipeline/Pipeline.php(219): Illuminate\\Http\\Middleware\\HandleCors->handle(Object(Illuminate\\Http\\Request), Object(Closure))
#39 /Users/alejandroleon/Documents/PROYECTOS CLIENTES/SINERGIA-WEB/vendor/laravel/framework/src/Illuminate/Http/Middleware/TrustProxies.php(58): Illuminate\\Pipeline\\Pipeline->Illuminate\\Pipeline\\{closure}(Object(Illuminate\\Http\\Request))
#40 /Users/alejandroleon/Documents/PROYECTOS CLIENTES/SINERGIA-WEB/vendor/laravel/framework/src/Illuminate/Pipeline/Pipeline.php(219): Illuminate\\Http\\Middleware\\TrustProxies->handle(Object(Illuminate\\Http\\Request), Object(Closure))
#41 /Users/alejandroleon/Documents/PROYECTOS CLIENTES/SINERGIA-WEB/vendor/laravel/framework/src/Illuminate/Foundation/Http/Middleware/InvokeDeferredCallbacks.php(22): Illuminate\\Pipeline\\Pipeline->Illuminate\\Pipeline\\{closure}(Object(Illuminate\\Http\\Request))
#42 /Users/alejandroleon/Documents/PROYECTOS CLIENTES/SINERGIA-WEB/vendor/laravel/framework/src/Illuminate/Pipeline/Pipeline.php(219): Illuminate\\Foundation\\Http\\Middleware\\InvokeDeferredCallbacks->handle(Object(Illuminate\\Http\\Request), Object(Closure))
#43 /Users/alejandroleon/Documents/PROYECTOS CLIENTES/SINERGIA-WEB/vendor/laravel/framework/src/Illuminate/Http/Middleware/ValidatePathEncoding.php(26): Illuminate\\Pipeline\\Pipeline->Illuminate\\Pipeline\\{closure}(Object(Illuminate\\Http\\Request))
#44 /Users/alejandroleon/Documents/PROYECTOS CLIENTES/SINERGIA-WEB/vendor/laravel/framework/src/Illuminate/Pipeline/Pipeline.php(219): Illuminate\\Http\\Middleware\\ValidatePathEncoding->handle(Object(Illuminate\\Http\\Request), Object(Closure))
#45 /Users/alejandroleon/Documents/PROYECTOS CLIENTES/SINERGIA-WEB/vendor/laravel/framework/src/Illuminate/Pipeline/Pipeline.php(137): Illuminate\\Pipeline\\Pipeline->Illuminate\\Pipeline\\{closure}(Object(Illuminate\\Http\\Request))
#46 /Users/alejandroleon/Documents/PROYECTOS CLIENTES/SINERGIA-WEB/vendor/laravel/framework/src/Illuminate/Foundation/Http/Kernel.php(175): Illuminate\\Pipeline\\Pipeline->then(Object(Closure))
#47 /Users/alejandroleon/Documents/PROYECTOS CLIENTES/SINERGIA-WEB/vendor/laravel/framework/src/Illuminate/Foundation/Http/Kernel.php(144): Illuminate\\Foundation\\Http\\Kernel->sendRequestThroughRouter(Object(Illuminate\\Http\\Request))
#48 /Users/alejandroleon/Documents/PROYECTOS CLIENTES/SINERGIA-WEB/vendor/laravel/framework/src/Illuminate/Foundation/Application.php(1220): Illuminate\\Foundation\\Http\\Kernel->handle(Object(Illuminate\\Http\\Request))
#49 /Users/alejandroleon/Documents/PROYECTOS CLIENTES/SINERGIA-WEB/public/index.php(17): Illuminate\\Foundation\\Application->handleRequest(Object(Illuminate\\Http\\Request))
#50 /Users/alejandroleon/Documents/PROYECTOS CLIENTES/SINERGIA-WEB/vendor/laravel/framework/src/Illuminate/Foundation/resources/server.php(23): require_once('/Users/alejandr...')
#51 {main}
"} 
[2026-06-04 00:59:21] local.ERROR: Route [login] not defined. {"exception":"[object] (Symfony\\Component\\Routing\\Exception\\RouteNotFoundException(code: 0): Route [login] not defined. at /Users/alejandroleon/Documents/PROYECTOS CLIENTES/SINERGIA-WEB/vendor/laravel/framework/src/Illuminate/Routing/UrlGenerator.php:534)
[stacktrace]
#0 /Users/alejandroleon/Documents/PROYECTOS CLIENTES/SINERGIA-WEB/vendor/laravel/framework/src/Illuminate/Foundation/helpers.php(870): Illuminate\\Routing\\UrlGenerator->route('login', Array, true)
#1 /Users/alejandroleon/Documents/PROYECTOS CLIENTES/SINERGIA-WEB/vendor/laravel/framework/src/Illuminate/Foundation/Configuration/ApplicationBuilder.php(278): route('login')
#2 [internal function]: Illuminate\\Foundation\\Configuration\\ApplicationBuilder->Illuminate\\Foundation\\Configuration\\{closure}(Object(Illuminate\\Http\\Request))
#3 /Users/alejandroleon/Documents/PROYECTOS CLIENTES/SINERGIA-WEB/vendor/laravel/framework/src/Illuminate/Auth/Middleware/Authenticate.php(117): call_user_func(Object(Closure), Object(Illuminate\\Http\\Request))
#4 /Users/alejandroleon/Documents/PROYECTOS CLIENTES/SINERGIA-WEB/vendor/laravel/framework/src/Illuminate/Auth/Middleware/Authenticate.php(104): Illuminate\\Auth\\Middleware\\Authenticate->redirectTo(Object(Illuminate\\Http\\Request))
#5 /Users/alejandroleon/Documents/PROYECTOS CLIENTES/SINERGIA-WEB/vendor/laravel/framework/src/Illuminate/Auth/Middleware/Authenticate.php(87): Illuminate\\Auth\\Middleware\\Authenticate->unauthenticated(Object(Illuminate\\Http\\Request), Array)
#6 /Users/alejandroleon/Documents/PROYECTOS CLIENTES/SINERGIA-WEB/vendor/laravel/framework/src/Illuminate/Auth/Middleware/Authenticate.php(61): Illuminate\\Auth\\Middleware\\Authenticate->authenticate(Object(Illuminate\\Http\\Request), Array)
#7 /Users/alejandroleon/Documents/PROYECTOS CLIENTES/SINERGIA-WEB/vendor/laravel/framework/src/Illuminate/Pipeline/Pipeline.php(219): Illuminate\\Auth\\Middleware\\Authenticate->handle(Object(Illuminate\\Http\\Request), Object(Closure))
#8 /Users/alejandroleon/Documents/PROYECTOS CLIENTES/SINERGIA-WEB/vendor/laravel/framework/src/Illuminate/Foundation/Http/Middleware/VerifyCsrfToken.php(87): Illuminate\\Pipeline\\Pipeline->Illuminate\\Pipeline\\{closure}(Object(Illuminate\\Http\\Request))
#9 /Users/alejandroleon/Documents/PROYECTOS CLIENTES/SINERGIA-WEB/vendor/laravel/framework/src/Illuminate/Pipeline/Pipeline.php(219): Illuminate\\Foundation\\Http\\Middleware\\VerifyCsrfToken->handle(Object(Illuminate\\Http\\Request), Object(Closure))
#10 /Users/alejandroleon/Documents/PROYECTOS CLIENTES/SINERGIA-WEB/vendor/laravel/framework/src/Illuminate/View/Middleware/ShareErrorsFromSession.php(48): Illuminate\\Pipeline\\Pipeline->Illuminate\\Pipeline\\{closure}(Object(Illuminate\\Http\\Request))
#11 /Users/alejandroleon/Documents/PROYECTOS CLIENTES/SINERGIA-WEB/vendor/laravel/framework/src/Illuminate/Pipeline/Pipeline.php(219): Illuminate\\View\\Middleware\\ShareErrorsFromSession->handle(Object(Illuminate\\Http\\Request), Object(Closure))
#12 /Users/alejandroleon/Documents/PROYECTOS CLIENTES/SINERGIA-WEB/vendor/laravel/framework/src/Illuminate/Session/Middleware/StartSession.php(120): Illuminate\\Pipeline\\Pipeline->Illuminate\\Pipeline\\{closure}(Object(Illuminate\\Http\\Request))
#13 /Users/alejandroleon/Documents/PROYECTOS CLIENTES/SINERGIA-WEB/vendor/laravel/framework/src/Illuminate/Session/Middleware/StartSession.php(63): Illuminate\\Session\\Middleware\\StartSession->handleStatefulRequest(Object(Illuminate\\Http\\Request), Object(Illuminate\\Session\\Store), Object(Closure))
#14 /Users/alejandroleon/Documents/PROYECTOS CLIENTES/SINERGIA-WEB/vendor/laravel/framework/src/Illuminate/Pipeline/Pipeline.php(219): Illuminate\\Session\\Middleware\\StartSession->handle(Object(Illuminate\\Http\\Request), Object(Closure))
#15 /Users/alejandroleon/Documents/PROYECTOS CLIENTES/SINERGIA-WEB/vendor/laravel/framework/src/Illuminate/Cookie/Middleware/AddQueuedCookiesToResponse.php(36): Illuminate\\Pipeline\\Pipeline->Illuminate\\Pipeline\\{closure}(Object(Illuminate\\Http\\Request))
#16 /Users/alejandroleon/Documents/PROYECTOS CLIENTES/SINERGIA-WEB/vendor/laravel/framework/src/Illuminate/Pipeline/Pipeline.php(219): Illuminate\\Cookie\\Middleware\\AddQueuedCookiesToResponse->handle(Object(Illuminate\\Http\\Request), Object(Closure))
#17 /Users/alejandroleon/Documents/PROYECTOS CLIENTES/SINERGIA-WEB/vendor/laravel/framework/src/Illuminate/Cookie/Middleware/EncryptCookies.php(74): Illuminate\\Pipeline\\Pipeline->Illuminate\\Pipeline\\{closure}(Object(Illuminate\\Http\\Request))
#18 /Users/alejandroleon/Documents/PROYECTOS CLIENTES/SINERGIA-WEB/vendor/laravel/framework/src/Illuminate/Pipeline/Pipeline.php(219): Illuminate\\Cookie\\Middleware\\EncryptCookies->handle(Object(Illuminate\\Http\\Request), Object(Closure))
#19 /Users/alejandroleon/Documents/PROYECTOS CLIENTES/SINERGIA-WEB/vendor/laravel/framework/src/Illuminate/Pipeline/Pipeline.php(137): Illuminate\\Pipeline\\Pipeline->Illuminate\\Pipeline\\{closure}(Object(Illuminate\\Http\\Request))
#20 /Users/alejandroleon/Documents/PROYECTOS CLIENTES/SINERGIA-WEB/vendor/laravel/framework/src/Illuminate/Routing/Router.php(821): Illuminate\\Pipeline\\Pipeline->then(Object(Closure))
#21 /Users/alejandroleon/Documents/PROYECTOS CLIENTES/SINERGIA-WEB/vendor/laravel/framework/src/Illuminate/Routing/Router.php(800): Illuminate\\Routing\\Router->runRouteWithinStack(Object(Illuminate\\Routing\\Route), Object(Illuminate\\Http\\Request))
#22 /Users/alejandroleon/Documents/PROYECTOS CLIENTES/SINERGIA-WEB/vendor/laravel/framework/src/Illuminate/Routing/Router.php(764): Illuminate\\Routing\\Router->runRoute(Object(Illuminate\\Http\\Request), Object(Illuminate\\Routing\\Route))
#23 /Users/alejandroleon/Documents/PROYECTOS CLIENTES/SINERGIA-WEB/vendor/laravel/framework/src/Illuminate/Routing/Router.php(753): Illuminate\\Routing\\Router->dispatchToRoute(Object(Illuminate\\Http\\Request))
#24 /Users/alejandroleon/Documents/PROYECTOS CLIENTES/SINERGIA-WEB/vendor/laravel/framework/src/Illuminate/Foundation/Http/Kernel.php(200): Illuminate\\Routing\\Router->dispatch(Object(Illuminate\\Http\\Request))
#25 /Users/alejandroleon/Documents/PROYECTOS CLIENTES/SINERGIA-WEB/vendor/laravel/framework/src/Illuminate/Pipeline/Pipeline.php(180): Illuminate\\Foundation\\Http\\Kernel->Illuminate\\Foundation\\Http\\{closure}(Object(Illuminate\\Http\\Request))
#26 /Users/alejandroleon/Documents/PROYECTOS CLIENTES/SINERGIA-WEB/vendor/laravel/framework/src/Illuminate/Foundation/Http/Middleware/TransformsRequest.php(21): Illuminate\\Pipeline\\Pipeline->Illuminate\\Pipeline\\{closure}(Object(Illuminate\\Http\\Request))
#27 /Users/alejandroleon/Documents/PROYECTOS CLIENTES/SINERGIA-WEB/vendor/laravel/framework/src/Illuminate/Foundation/Http/Middleware/ConvertEmptyStringsToNull.php(31): Illuminate\\Foundation\\Http\\Middleware\\TransformsRequest->handle(Object(Illuminate\\Http\\Request), Object(Closure))
#28 /Users/alejandroleon/Documents/PROYECTOS CLIENTES/SINERGIA-WEB/vendor/laravel/framework/src/Illuminate/Pipeline/Pipeline.php(219): Illuminate\\Foundation\\Http\\Middleware\\ConvertEmptyStringsToNull->handle(Object(Illuminate\\Http\\Request), Object(Closure))
#29 /Users/alejandroleon/Documents/PROYECTOS CLIENTES/SINERGIA-WEB/vendor/laravel/framework/src/Illuminate/Foundation/Http/Middleware/TransformsRequest.php(21): Illuminate\\Pipeline\\Pipeline->Illuminate\\Pipeline\\{closure}(Object(Illuminate\\Http\\Request))
#30 /Users/alejandroleon/Documents/PROYECTOS CLIENTES/SINERGIA-WEB/vendor/laravel/framework/src/Illuminate/Foundation/Http/Middleware/TrimStrings.php(51): Illuminate\\Foundation\\Http\\Middleware\\TransformsRequest->handle(Object(Illuminate\\Http\\Request), Object(Closure))
#31 /Users/alejandroleon/Documents/PROYECTOS CLIENTES/SINERGIA-WEB/vendor/laravel/framework/src/Illuminate/Pipeline/Pipeline.php(219): Illuminate\\Foundation\\Http\\Middleware\\TrimStrings->handle(Object(Illuminate\\Http\\Request), Object(Closure))
#32 /Users/alejandroleon/Documents/PROYECTOS CLIENTES/SINERGIA-WEB/vendor/laravel/framework/src/Illuminate/Http/Middleware/ValidatePostSize.php(27): Illuminate\\Pipeline\\Pipeline->Illuminate\\Pipeline\\{closure}(Object(Illuminate\\Http\\Request))
#33 /Users/alejandroleon/Documents/PROYECTOS CLIENTES/SINERGIA-WEB/vendor/laravel/framework/src/Illuminate/Pipeline/Pipeline.php(219): Illuminate\\Http\\Middleware\\ValidatePostSize->handle(Object(Illuminate\\Http\\Request), Object(Closure))
#34 /Users/alejandroleon/Documents/PROYECTOS CLIENTES/SINERGIA-WEB/vendor/laravel/framework/src/Illuminate/Foundation/Http/Middleware/PreventRequestsDuringMaintenance.php(109): Illuminate\\Pipeline\\Pipeline->Illuminate\\Pipeline\\{closure}(Object(Illuminate\\Http\\Request))
#35 /Users/alejandroleon/Documents/PROYECTOS CLIENTES/SINERGIA-WEB/vendor/laravel/framework/src/Illuminate/Pipeline/Pipeline.php(219): Illuminate\\Foundation\\Http\\Middleware\\PreventRequestsDuringMaintenance->handle(Object(Illuminate\\Http\\Request), Object(Closure))
#36 /Users/alejandroleon/Documents/PROYECTOS CLIENTES/SINERGIA-WEB/vendor/laravel/framework/src/Illuminate/Http/Middleware/HandleCors.php(61): Illuminate\\Pipeline\\Pipeline->Illuminate\\Pipeline\\{closure}(Object(Illuminate\\Http\\Request))
#37 /Users/alejandroleon/Documents/PROYECTOS CLIENTES/SINERGIA-WEB/vendor/laravel/framework/src/Illuminate/Pipeline/Pipeline.php(219): Illuminate\\Http\\Middleware\\HandleCors->handle(Object(Illuminate\\Http\\Request), Object(Closure))
#38 /Users/alejandroleon/Documents/PROYECTOS CLIENTES/SINERGIA-WEB/vendor/laravel/framework/src/Illuminate/Http/Middleware/TrustProxies.php(58): Illuminate\\Pipeline\\Pipeline->Illuminate\\Pipeline\\{closure}(Object(Illuminate\\Http\\Request))
#39 /Users/alejandroleon/Documents/PROYECTOS CLIENTES/SINERGIA-WEB/vendor/laravel/framework/src/Illuminate/Pipeline/Pipeline.php(219): Illuminate\\Http\\Middleware\\TrustProxies->handle(Object(Illuminate\\Http\\Request), Object(Closure))
#40 /Users/alejandroleon/Documents/PROYECTOS CLIENTES/SINERGIA-WEB/vendor/laravel/framework/src/Illuminate/Foundation/Http/Middleware/InvokeDeferredCallbacks.php(22): Illuminate\\Pipeline\\Pipeline->Illuminate\\Pipeline\\{closure}(Object(Illuminate\\Http\\Request))
#41 /Users/alejandroleon/Documents/PROYECTOS CLIENTES/SINERGIA-WEB/vendor/laravel/framework/src/Illuminate/Pipeline/Pipeline.php(219): Illuminate\\Foundation\\Http\\Middleware\\InvokeDeferredCallbacks->handle(Object(Illuminate\\Http\\Request), Object(Closure))
#42 /Users/alejandroleon/Documents/PROYECTOS CLIENTES/SINERGIA-WEB/vendor/laravel/framework/src/Illuminate/Http/Middleware/ValidatePathEncoding.php(26): Illuminate\\Pipeline\\Pipeline->Illuminate\\Pipeline\\{closure}(Object(Illuminate\\Http\\Request))
#43 /Users/alejandroleon/Documents/PROYECTOS CLIENTES/SINERGIA-WEB/vendor/laravel/framework/src/Illuminate/Pipeline/Pipeline.php(219): Illuminate\\Http\\Middleware\\ValidatePathEncoding->handle(Object(Illuminate\\Http\\Request), Object(Closure))
#44 /Users/alejandroleon/Documents/PROYECTOS CLIENTES/SINERGIA-WEB/vendor/laravel/framework/src/Illuminate/Pipeline/Pipeline.php(137): Illuminate\\Pipeline\\Pipeline->Illuminate\\Pipeline\\{closure}(Object(Illuminate\\Http\\Request))
#45 /Users/alejandroleon/Documents/PROYECTOS CLIENTES/SINERGIA-WEB/vendor/laravel/framework/src/Illuminate/Foundation/Http/Kernel.php(175): Illuminate\\Pipeline\\Pipeline->then(Object(Closure))
#46 /Users/alejandroleon/Documents/PROYECTOS CLIENTES/SINERGIA-WEB/vendor/laravel/framework/src/Illuminate/Foundation/Http/Kernel.php(144): Illuminate\\Foundation\\Http\\Kernel->sendRequestThroughRouter(Object(Illuminate\\Http\\Request))
#47 /Users/alejandroleon/Documents/PROYECTOS CLIENTES/SINERGIA-WEB/vendor/laravel/framework/src/Illuminate/Foundation/Application.php(1220): Illuminate\\Foundation\\Http\\Kernel->handle(Object(Illuminate\\Http\\Request))
#48 /Users/alejandroleon/Documents/PROYECTOS CLIENTES/SINERGIA-WEB/public/index.php(17): Illuminate\\Foundation\\Application->handleRequest(Object(Illuminate\\Http\\Request))
#49 /Users/alejandroleon/Documents/PROYECTOS CLIENTES/SINERGIA-WEB/vendor/laravel/framework/src/Illuminate/Foundation/resources/server.php(23): require_once('/Users/alejandr...')
#50 {main}
"} 
[2026-06-04 01:02:29] local.ERROR: Class "Livewire\Mechanisms\ExtendBlade\ExtendBlade" not found (View: /Users/alejandroleon/Documents/PROYECTOS CLIENTES/SINERGIA-WEB/resources/views/pages/home.blade.php) {"userId":1,"exception":"[object] (Illuminate\\View\\ViewException(code: 0): Class \"Livewire\\Mechanisms\\ExtendBlade\\ExtendBlade\" not found (View: /Users/alejandroleon/Documents/PROYECTOS CLIENTES/SINERGIA-WEB/resources/views/pages/home.blade.php) at /Users/alejandroleon/Documents/PROYECTOS CLIENTES/SINERGIA-WEB/storage/framework/views/955dfe8b9f7f1af8668779189872e438.php:9)
[stacktrace]
#0 /Users/alejandroleon/Documents/PROYECTOS CLIENTES/SINERGIA-WEB/vendor/laravel/framework/src/Illuminate/View/Engines/PhpEngine.php(59): Illuminate\\View\\Engines\\CompilerEngine->handleViewException(Object(Error), 1)
#1 /Users/alejandroleon/Documents/PROYECTOS CLIENTES/SINERGIA-WEB/vendor/laravel/framework/src/Illuminate/View/Engines/CompilerEngine.php(76): Illuminate\\View\\Engines\\PhpEngine->evaluatePath('/Users/alejandr...', Array)
#2 /Users/alejandroleon/Documents/PROYECTOS CLIENTES/SINERGIA-WEB/vendor/laravel/framework/src/Illuminate/View/View.php(208): Illuminate\\View\\Engines\\CompilerEngine->get('/Users/alejandr...', Array)
#3 /Users/alejandroleon/Documents/PROYECTOS CLIENTES/SINERGIA-WEB/vendor/laravel/framework/src/Illuminate/View/View.php(191): Illuminate\\View\\View->getContents()
#4 /Users/alejandroleon/Documents/PROYECTOS CLIENTES/SINERGIA-WEB/vendor/laravel/framework/src/Illuminate/View/View.php(160): Illuminate\\View\\View->renderContents()
#5 /Users/alejandroleon/Documents/PROYECTOS CLIENTES/SINERGIA-WEB/vendor/laravel/framework/src/Illuminate/Http/Response.php(78): Illuminate\\View\\View->render()
#6 /Users/alejandroleon/Documents/PROYECTOS CLIENTES/SINERGIA-WEB/vendor/laravel/framework/src/Illuminate/Http/Response.php(34): Illuminate\\Http\\Response->setContent(Object(Illuminate\\View\\View))
#7 /Users/alejandroleon/Documents/PROYECTOS CLIENTES/SINERGIA-WEB/vendor/laravel/framework/src/Illuminate/Routing/Router.php(939): Illuminate\\Http\\Response->__construct(Object(Illuminate\\View\\View), 200, Array)
#8 /Users/alejandroleon/Documents/PROYECTOS CLIENTES/SINERGIA-WEB/vendor/laravel/framework/src/Illuminate/Routing/Router.php(906): Illuminate\\Routing\\Router::toResponse(Object(Illuminate\\Http\\Request), Object(Illuminate\\View\\View))
#9 /Users/alejandroleon/Documents/PROYECTOS CLIENTES/SINERGIA-WEB/vendor/laravel/framework/src/Illuminate/Routing/Router.php(821): Illuminate\\Routing\\Router->prepareResponse(Object(Illuminate\\Http\\Request), Object(Illuminate\\View\\View))
#10 /Users/alejandroleon/Documents/PROYECTOS CLIENTES/SINERGIA-WEB/vendor/laravel/framework/src/Illuminate/Pipeline/Pipeline.php(180): Illuminate\\Routing\\Router->Illuminate\\Routing\\{closure}(Object(Illuminate\\Http\\Request))
#11 /Users/alejandroleon/Documents/PROYECTOS CLIENTES/SINERGIA-WEB/vendor/laravel/framework/src/Illuminate/Routing/Middleware/SubstituteBindings.php(50): Illuminate\\Pipeline\\Pipeline->Illuminate\\Pipeline\\{closure}(Object(Illuminate\\Http\\Request))
#12 /Users/alejandroleon/Documents/PROYECTOS CLIENTES/SINERGIA-WEB/vendor/laravel/framework/src/Illuminate/Pipeline/Pipeline.php(219): Illuminate\\Routing\\Middleware\\SubstituteBindings->handle(Object(Illuminate\\Http\\Request), Object(Closure))
#13 /Users/alejandroleon/Documents/PROYECTOS CLIENTES/SINERGIA-WEB/vendor/laravel/framework/src/Illuminate/Foundation/Http/Middleware/VerifyCsrfToken.php(87): Illuminate\\Pipeline\\Pipeline->Illuminate\\Pipeline\\{closure}(Object(Illuminate\\Http\\Request))
#14 /Users/alejandroleon/Documents/PROYECTOS CLIENTES/SINERGIA-WEB/vendor/laravel/framework/src/Illuminate/Pipeline/Pipeline.php(219): Illuminate\\Foundation\\Http\\Middleware\\VerifyCsrfToken->handle(Object(Illuminate\\Http\\Request), Object(Closure))
#15 /Users/alejandroleon/Documents/PROYECTOS CLIENTES/SINERGIA-WEB/vendor/laravel/framework/src/Illuminate/View/Middleware/ShareErrorsFromSession.php(48): Illuminate\\Pipeline\\Pipeline->Illuminate\\Pipeline\\{closure}(Object(Illuminate\\Http\\Request))
#16 /Users/alejandroleon/Documents/PROYECTOS CLIENTES/SINERGIA-WEB/vendor/laravel/framework/src/Illuminate/Pipeline/Pipeline.php(219): Illuminate\\View\\Middleware\\ShareErrorsFromSession->handle(Object(Illuminate\\Http\\Request), Object(Closure))
#17 /Users/alejandroleon/Documents/PROYECTOS CLIENTES/SINERGIA-WEB/vendor/laravel/framework/src/Illuminate/Session/Middleware/StartSession.php(120): Illuminate\\Pipeline\\Pipeline->Illuminate\\Pipeline\\{closure}(Object(Illuminate\\Http\\Request))
#18 /Users/alejandroleon/Documents/PROYECTOS CLIENTES/SINERGIA-WEB/vendor/laravel/framework/src/Illuminate/Session/Middleware/StartSession.php(63): Illuminate\\Session\\Middleware\\StartSession->handleStatefulRequest(Object(Illuminate\\Http\\Request), Object(Illuminate\\Session\\Store), Object(Closure))
#19 /Users/alejandroleon/Documents/PROYECTOS CLIENTES/SINERGIA-WEB/vendor/laravel/framework/src/Illuminate/Pipeline/Pipeline.php(219): Illuminate\\Session\\Middleware\\StartSession->handle(Object(Illuminate\\Http\\Request), Object(Closure))
#20 /Users/alejandroleon/Documents/PROYECTOS CLIENTES/SINERGIA-WEB/vendor/laravel/framework/src/Illuminate/Cookie/Middleware/AddQueuedCookiesToResponse.php(36): Illuminate\\Pipeline\\Pipeline->Illuminate\\Pipeline\\{closure}(Object(Illuminate\\Http\\Request))
#21 /Users/alejandroleon/Documents/PROYECTOS CLIENTES/SINERGIA-WEB/vendor/laravel/framework/src/Illuminate/Pipeline/Pipeline.php(219): Illuminate\\Cookie\\Middleware\\AddQueuedCookiesToResponse->handle(Object(Illuminate\\Http\\Request), Object(Closure))
#22 /Users/alejandroleon/Documents/PROYECTOS CLIENTES/SINERGIA-WEB/vendor/laravel/framework/src/Illuminate/Cookie/Middleware/EncryptCookies.php(74): Illuminate\\Pipeline\\Pipeline->Illuminate\\Pipeline\\{closure}(Object(Illuminate\\Http\\Request))
#23 /Users/alejandroleon/Documents/PROYECTOS CLIENTES/SINERGIA-WEB/vendor/laravel/framework/src/Illuminate/Pipeline/Pipeline.php(219): Illuminate\\Cookie\\Middleware\\EncryptCookies->handle(Object(Illuminate\\Http\\Request), Object(Closure))
#24 /Users/alejandroleon/Documents/PROYECTOS CLIENTES/SINERGIA-WEB/vendor/laravel/framework/src/Illuminate/Pipeline/Pipeline.php(137): Illuminate\\Pipeline\\Pipeline->Illuminate\\Pipeline\\{closure}(Object(Illuminate\\Http\\Request))
#25 /Users/alejandroleon/Documents/PROYECTOS CLIENTES/SINERGIA-WEB/vendor/laravel/framework/src/Illuminate/Routing/Router.php(821): Illuminate\\Pipeline\\Pipeline->then(Object(Closure))
#26 /Users/alejandroleon/Documents/PROYECTOS CLIENTES/SINERGIA-WEB/vendor/laravel/framework/src/Illuminate/Routing/Router.php(800): Illuminate\\Routing\\Router->runRouteWithinStack(Object(Illuminate\\Routing\\Route), Object(Illuminate\\Http\\Request))
#27 /Users/alejandroleon/Documents/PROYECTOS CLIENTES/SINERGIA-WEB/vendor/laravel/framework/src/Illuminate/Routing/Router.php(764): Illuminate\\Routing\\Router->runRoute(Object(Illuminate\\Http\\Request), Object(Illuminate\\Routing\\Route))
#28 /Users/alejandroleon/Documents/PROYECTOS CLIENTES/SINERGIA-WEB/vendor/laravel/framework/src/Illuminate/Routing/Router.php(753): Illuminate\\Routing\\Router->dispatchToRoute(Object(Illuminate\\Http\\Request))
#29 /Users/alejandroleon/Documents/PROYECTOS CLIENTES/SINERGIA-WEB/vendor/laravel/framework/src/Illuminate/Foundation/Http/Kernel.php(200): Illuminate\\Routing\\Router->dispatch(Object(Illuminate\\Http\\Request))
#30 /Users/alejandroleon/Documents/PROYECTOS CLIENTES/SINERGIA-WEB/vendor/laravel/framework/src/Illuminate/Pipeline/Pipeline.php(180): Illuminate\\Foundation\\Http\\Kernel->Illuminate\\Foundation\\Http\\{closure}(Object(Illuminate\\Http\\Request))
#31 /Users/alejandroleon/Documents/PROYECTOS CLIENTES/SINERGIA-WEB/vendor/laravel/framework/src/Illuminate/Foundation/Http/Middleware/TransformsRequest.php(21): Illuminate\\Pipeline\\Pipeline->Illuminate\\Pipeline\\{closure}(Object(Illuminate\\Http\\Request))
#32 /Users/alejandroleon/Documents/PROYECTOS CLIENTES/SINERGIA-WEB/vendor/laravel/framework/src/Illuminate/Foundation/Http/Middleware/ConvertEmptyStringsToNull.php(31): Illuminate\\Foundation\\Http\\Middleware\\TransformsRequest->handle(Object(Illuminate\\Http\\Request), Object(Closure))
#33 /Users/alejandroleon/Documents/PROYECTOS CLIENTES/SINERGIA-WEB/vendor/laravel/framework/src/Illuminate/Pipeline/Pipeline.php(219): Illuminate\\Foundation\\Http\\Middleware\\ConvertEmptyStringsToNull->handle(Object(Illuminate\\Http\\Request), Object(Closure))
#34 /Users/alejandroleon/Documents/PROYECTOS CLIENTES/SINERGIA-WEB/vendor/laravel/framework/src/Illuminate/Foundation/Http/Middleware/TransformsRequest.php(21): Illuminate\\Pipeline\\Pipeline->Illuminate\\Pipeline\\{closure}(Object(Illuminate\\Http\\Request))
#35 /Users/alejandroleon/Documents/PROYECTOS CLIENTES/SINERGIA-WEB/vendor/laravel/framework/src/Illuminate/Foundation/Http/Middleware/TrimStrings.php(51): Illuminate\\Foundation\\Http\\Middleware\\TransformsRequest->handle(Object(Illuminate\\Http\\Request), Object(Closure))
#36 /Users/alejandroleon/Documents/PROYECTOS CLIENTES/SINERGIA-WEB/vendor/laravel/framework/src/Illuminate/Pipeline/Pipeline.php(219): Illuminate\\Foundation\\Http\\Middleware\\TrimStrings->handle(Object(Illuminate\\Http\\Request), Object(Closure))
#37 /Users/alejandroleon/Documents/PROYECTOS CLIENTES/SINERGIA-WEB/vendor/laravel/framework/src/Illuminate/Http/Middleware/ValidatePostSize.php(27): Illuminate\\Pipeline\\Pipeline->Illuminate\\Pipeline\\{closure}(Object(Illuminate\\Http\\Request))
#38 /Users/alejandroleon/Documents/PROYECTOS CLIENTES/SINERGIA-WEB/vendor/laravel/framework/src/Illuminate/Pipeline/Pipeline.php(219): Illuminate\\Http\\Middleware\\ValidatePostSize->handle(Object(Illuminate\\Http\\Request), Object(Closure))
#39 /Users/alejandroleon/Documents/PROYECTOS CLIENTES/SINERGIA-WEB/vendor/laravel/framework/src/Illuminate/Foundation/Http/Middleware/PreventRequestsDuringMaintenance.php(109): Illuminate\\Pipeline\\Pipeline->Illuminate\\Pipeline\\{closure}(Object(Illuminate\\Http\\Request))
#40 /Users/alejandroleon/Documents/PROYECTOS CLIENTES/SINERGIA-WEB/vendor/laravel/framework/src/Illuminate/Pipeline/Pipeline.php(219): Illuminate\\Foundation\\Http\\Middleware\\PreventRequestsDuringMaintenance->handle(Object(Illuminate\\Http\\Request), Object(Closure))
#41 /Users/alejandroleon/Documents/PROYECTOS CLIENTES/SINERGIA-WEB/vendor/laravel/framework/src/Illuminate/Http/Middleware/HandleCors.php(61): Illuminate\\Pipeline\\Pipeline->Illuminate\\Pipeline\\{closure}(Object(Illuminate\\Http\\Request))
#42 /Users/alejandroleon/Documents/PROYECTOS CLIENTES/SINERGIA-WEB/vendor/laravel/framework/src/Illuminate/Pipeline/Pipeline.php(219): Illuminate\\Http\\Middleware\\HandleCors->handle(Object(Illuminate\\Http\\Request), Object(Closure))
#43 /Users/alejandroleon/Documents/PROYECTOS CLIENTES/SINERGIA-WEB/vendor/laravel/framework/src/Illuminate/Http/Middleware/TrustProxies.php(58): Illuminate\\Pipeline\\Pipeline->Illuminate\\Pipeline\\{closure}(Object(Illuminate\\Http\\Request))
#44 /Users/alejandroleon/Documents/PROYECTOS CLIENTES/SINERGIA-WEB/vendor/laravel/framework/src/Illuminate/Pipeline/Pipeline.php(219): Illuminate\\Http\\Middleware\\TrustProxies->handle(Object(Illuminate\\Http\\Request), Object(Closure))
#45 /Users/alejandroleon/Documents/PROYECTOS CLIENTES/SINERGIA-WEB/vendor/laravel/framework/src/Illuminate/Foundation/Http/Middleware/InvokeDeferredCallbacks.php(22): Illuminate\\Pipeline\\Pipeline->Illuminate\\Pipeline\\{closure}(Object(Illuminate\\Http\\Request))
#46 /Users/alejandroleon/Documents/PROYECTOS CLIENTES/SINERGIA-WEB/vendor/laravel/framework/src/Illuminate/Pipeline/Pipeline.php(219): Illuminate\\Foundation\\Http\\Middleware\\InvokeDeferredCallbacks->handle(Object(Illuminate\\Http\\Request), Object(Closure))
#47 /Users/alejandroleon/Documents/PROYECTOS CLIENTES/SINERGIA-WEB/vendor/laravel/framework/src/Illuminate/Http/Middleware/ValidatePathEncoding.php(26): Illuminate\\Pipeline\\Pipeline->Illuminate\\Pipeline\\{closure}(Object(Illuminate\\Http\\Request))
#48 /Users/alejandroleon/Documents/PROYECTOS CLIENTES/SINERGIA-WEB/vendor/laravel/framework/src/Illuminate/Pipeline/Pipeline.php(219): Illuminate\\Http\\Middleware\\ValidatePathEncoding->handle(Object(Illuminate\\Http\\Request), Object(Closure))
#49 /Users/alejandroleon/Documents/PROYECTOS CLIENTES/SINERGIA-WEB/vendor/laravel/framework/src/Illuminate/Pipeline/Pipeline.php(137): Illuminate\\Pipeline\\Pipeline->Illuminate\\Pipeline\\{closure}(Object(Illuminate\\Http\\Request))
#50 /Users/alejandroleon/Documents/PROYECTOS CLIENTES/SINERGIA-WEB/vendor/laravel/framework/src/Illuminate/Foundation/Http/Kernel.php(175): Illuminate\\Pipeline\\Pipeline->then(Object(Closure))
#51 /Users/alejandroleon/Documents/PROYECTOS CLIENTES/SINERGIA-WEB/vendor/laravel/framework/src/Illuminate/Foundation/Http/Kernel.php(144): Illuminate\\Foundation\\Http\\Kernel->sendRequestThroughRouter(Object(Illuminate\\Http\\Request))
#52 /Users/alejandroleon/Documents/PROYECTOS CLIENTES/SINERGIA-WEB/vendor/laravel/framework/src/Illuminate/Foundation/Application.php(1220): Illuminate\\Foundation\\Http\\Kernel->handle(Object(Illuminate\\Http\\Request))
#53 /Users/alejandroleon/Documents/PROYECTOS CLIENTES/SINERGIA-WEB/public/index.php(17): Illuminate\\Foundation\\Application->handleRequest(Object(Illuminate\\Http\\Request))
#54 /Users/alejandroleon/Documents/PROYECTOS CLIENTES/SINERGIA-WEB/vendor/laravel/framework/src/Illuminate/Foundation/resources/server.php(23): require_once('/Users/alejandr...')
#55 {main}

[previous exception] [object] (Error(code: 0): Class \"Livewire\\Mechanisms\\ExtendBlade\\ExtendBlade\" not found at /Users/alejandroleon/Documents/PROYECTOS CLIENTES/SINERGIA-WEB/storage/framework/views/955dfe8b9f7f1af8668779189872e438.php:9)
[stacktrace]
#0 /Users/alejandroleon/Documents/PROYECTOS CLIENTES/SINERGIA-WEB/vendor/laravel/framework/src/Illuminate/Filesystem/Filesystem.php(123): require()
#1 /Users/alejandroleon/Documents/PROYECTOS CLIENTES/SINERGIA-WEB/vendor/laravel/framework/src/Illuminate/Filesystem/Filesystem.php(124): Illuminate\\Filesystem\\Filesystem::Illuminate\\Filesystem\\{closure}()
#2 /Users/alejandroleon/Documents/PROYECTOS CLIENTES/SINERGIA-WEB/vendor/laravel/framework/src/Illuminate/View/Engines/PhpEngine.php(57): Illuminate\\Filesystem\\Filesystem->getRequire('/Users/alejandr...', Array)
#3 /Users/alejandroleon/Documents/PROYECTOS CLIENTES/SINERGIA-WEB/vendor/laravel/framework/src/Illuminate/View/Engines/CompilerEngine.php(76): Illuminate\\View\\Engines\\PhpEngine->evaluatePath('/Users/alejandr...', Array)
#4 /Users/alejandroleon/Documents/PROYECTOS CLIENTES/SINERGIA-WEB/vendor/laravel/framework/src/Illuminate/View/View.php(208): Illuminate\\View\\Engines\\CompilerEngine->get('/Users/alejandr...', Array)
#5 /Users/alejandroleon/Documents/PROYECTOS CLIENTES/SINERGIA-WEB/vendor/laravel/framework/src/Illuminate/View/View.php(191): Illuminate\\View\\View->getContents()
#6 /Users/alejandroleon/Documents/PROYECTOS CLIENTES/SINERGIA-WEB/vendor/laravel/framework/src/Illuminate/View/View.php(160): Illuminate\\View\\View->renderContents()
#7 /Users/alejandroleon/Documents/PROYECTOS CLIENTES/SINERGIA-WEB/vendor/laravel/framework/src/Illuminate/Http/Response.php(78): Illuminate\\View\\View->render()
#8 /Users/alejandroleon/Documents/PROYECTOS CLIENTES/SINERGIA-WEB/vendor/laravel/framework/src/Illuminate/Http/Response.php(34): Illuminate\\Http\\Response->setContent(Object(Illuminate\\View\\View))
#9 /Users/alejandroleon/Documents/PROYECTOS CLIENTES/SINERGIA-WEB/vendor/laravel/framework/src/Illuminate/Routing/Router.php(939): Illuminate\\Http\\Response->__construct(Object(Illuminate\\View\\View), 200, Array)
#10 /Users/alejandroleon/Documents/PROYECTOS CLIENTES/SINERGIA-WEB/vendor/laravel/framework/src/Illuminate/Routing/Router.php(906): Illuminate\\Routing\\Router::toResponse(Object(Illuminate\\Http\\Request), Object(Illuminate\\View\\View))
#11 /Users/alejandroleon/Documents/PROYECTOS CLIENTES/SINERGIA-WEB/vendor/laravel/framework/src/Illuminate/Routing/Router.php(821): Illuminate\\Routing\\Router->prepareResponse(Object(Illuminate\\Http\\Request), Object(Illuminate\\View\\View))
#12 /Users/alejandroleon/Documents/PROYECTOS CLIENTES/SINERGIA-WEB/vendor/laravel/framework/src/Illuminate/Pipeline/Pipeline.php(180): Illuminate\\Routing\\Router->Illuminate\\Routing\\{closure}(Object(Illuminate\\Http\\Request))
#13 /Users/alejandroleon/Documents/PROYECTOS CLIENTES/SINERGIA-WEB/vendor/laravel/framework/src/Illuminate/Routing/Middleware/SubstituteBindings.php(50): Illuminate\\Pipeline\\Pipeline->Illuminate\\Pipeline\\{closure}(Object(Illuminate\\Http\\Request))
#14 /Users/alejandroleon/Documents/PROYECTOS CLIENTES/SINERGIA-WEB/vendor/laravel/framework/src/Illuminate/Pipeline/Pipeline.php(219): Illuminate\\Routing\\Middleware\\SubstituteBindings->handle(Object(Illuminate\\Http\\Request), Object(Closure))
#15 /Users/alejandroleon/Documents/PROYECTOS CLIENTES/SINERGIA-WEB/vendor/laravel/framework/src/Illuminate/Foundation/Http/Middleware/VerifyCsrfToken.php(87): Illuminate\\Pipeline\\Pipeline->Illuminate\\Pipeline\\{closure}(Object(Illuminate\\Http\\Request))
#16 /Users/alejandroleon/Documents/PROYECTOS CLIENTES/SINERGIA-WEB/vendor/laravel/framework/src/Illuminate/Pipeline/Pipeline.php(219): Illuminate\\Foundation\\Http\\Middleware\\VerifyCsrfToken->handle(Object(Illuminate\\Http\\Request), Object(Closure))
#17 /Users/alejandroleon/Documents/PROYECTOS CLIENTES/SINERGIA-WEB/vendor/laravel/framework/src/Illuminate/View/Middleware/ShareErrorsFromSession.php(48): Illuminate\\Pipeline\\Pipeline->Illuminate\\Pipeline\\{closure}(Object(Illuminate\\Http\\Request))
#18 /Users/alejandroleon/Documents/PROYECTOS CLIENTES/SINERGIA-WEB/vendor/laravel/framework/src/Illuminate/Pipeline/Pipeline.php(219): Illuminate\\View\\Middleware\\ShareErrorsFromSession->handle(Object(Illuminate\\Http\\Request), Object(Closure))
#19 /Users/alejandroleon/Documents/PROYECTOS CLIENTES/SINERGIA-WEB/vendor/laravel/framework/src/Illuminate/Session/Middleware/StartSession.php(120): Illuminate\\Pipeline\\Pipeline->Illuminate\\Pipeline\\{closure}(Object(Illuminate\\Http\\Request))
#20 /Users/alejandroleon/Documents/PROYECTOS CLIENTES/SINERGIA-WEB/vendor/laravel/framework/src/Illuminate/Session/Middleware/StartSession.php(63): Illuminate\\Session\\Middleware\\StartSession->handleStatefulRequest(Object(Illuminate\\Http\\Request), Object(Illuminate\\Session\\Store), Object(Closure))
#21 /Users/alejandroleon/Documents/PROYECTOS CLIENTES/SINERGIA-WEB/vendor/laravel/framework/src/Illuminate/Pipeline/Pipeline.php(219): Illuminate\\Session\\Middleware\\StartSession->handle(Object(Illuminate\\Http\\Request), Object(Closure))
#22 /Users/alejandroleon/Documents/PROYECTOS CLIENTES/SINERGIA-WEB/vendor/laravel/framework/src/Illuminate/Cookie/Middleware/AddQueuedCookiesToResponse.php(36): Illuminate\\Pipeline\\Pipeline->Illuminate\\Pipeline\\{closure}(Object(Illuminate\\Http\\Request))
#23 /Users/alejandroleon/Documents/PROYECTOS CLIENTES/SINERGIA-WEB/vendor/laravel/framework/src/Illuminate/Pipeline/Pipeline.php(219): Illuminate\\Cookie\\Middleware\\AddQueuedCookiesToResponse->handle(Object(Illuminate\\Http\\Request), Object(Closure))
#24 /Users/alejandroleon/Documents/PROYECTOS CLIENTES/SINERGIA-WEB/vendor/laravel/framework/src/Illuminate/Cookie/Middleware/EncryptCookies.php(74): Illuminate\\Pipeline\\Pipeline->Illuminate\\Pipeline\\{closure}(Object(Illuminate\\Http\\Request))
#25 /Users/alejandroleon/Documents/PROYECTOS CLIENTES/SINERGIA-WEB/vendor/laravel/framework/src/Illuminate/Pipeline/Pipeline.php(219): Illuminate\\Cookie\\Middleware\\EncryptCookies->handle(Object(Illuminate\\Http\\Request), Object(Closure))
#26 /Users/alejandroleon/Documents/PROYECTOS CLIENTES/SINERGIA-WEB/vendor/laravel/framework/src/Illuminate/Pipeline/Pipeline.php(137): Illuminate\\Pipeline\\Pipeline->Illuminate\\Pipeline\\{closure}(Object(Illuminate\\Http\\Request))
#27 /Users/alejandroleon/Documents/PROYECTOS CLIENTES/SINERGIA-WEB/vendor/laravel/framework/src/Illuminate/Routing/Router.php(821): Illuminate\\Pipeline\\Pipeline->then(Object(Closure))
#28 /Users/alejandroleon/Documents/PROYECTOS CLIENTES/SINERGIA-WEB/vendor/laravel/framework/src/Illuminate/Routing/Router.php(800): Illuminate\\Routing\\Router->runRouteWithinStack(Object(Illuminate\\Routing\\Route), Object(Illuminate\\Http\\Request))
#29 /Users/alejandroleon/Documents/PROYECTOS CLIENTES/SINERGIA-WEB/vendor/laravel/framework/src/Illuminate/Routing/Router.php(764): Illuminate\\Routing\\Router->runRoute(Object(Illuminate\\Http\\Request), Object(Illuminate\\Routing\\Route))
#30 /Users/alejandroleon/Documents/PROYECTOS CLIENTES/SINERGIA-WEB/vendor/laravel/framework/src/Illuminate/Routing/Router.php(753): Illuminate\\Routing\\Router->dispatchToRoute(Object(Illuminate\\Http\\Request))
#31 /Users/alejandroleon/Documents/PROYECTOS CLIENTES/SINERGIA-WEB/vendor/laravel/framework/src/Illuminate/Foundation/Http/Kernel.php(200): Illuminate\\Routing\\Router->dispatch(Object(Illuminate\\Http\\Request))
#32 /Users/alejandroleon/Documents/PROYECTOS CLIENTES/SINERGIA-WEB/vendor/laravel/framework/src/Illuminate/Pipeline/Pipeline.php(180): Illuminate\\Foundation\\Http\\Kernel->Illuminate\\Foundation\\Http\\{closure}(Object(Illuminate\\Http\\Request))
#33 /Users/alejandroleon/Documents/PROYECTOS CLIENTES/SINERGIA-WEB/vendor/laravel/framework/src/Illuminate/Foundation/Http/Middleware/TransformsRequest.php(21): Illuminate\\Pipeline\\Pipeline->Illuminate\\Pipeline\\{closure}(Object(Illuminate\\Http\\Request))
#34 /Users/alejandroleon/Documents/PROYECTOS CLIENTES/SINERGIA-WEB/vendor/laravel/framework/src/Illuminate/Foundation/Http/Middleware/ConvertEmptyStringsToNull.php(31): Illuminate\\Foundation\\Http\\Middleware\\TransformsRequest->handle(Object(Illuminate\\Http\\Request), Object(Closure))
#35 /Users/alejandroleon/Documents/PROYECTOS CLIENTES/SINERGIA-WEB/vendor/laravel/framework/src/Illuminate/Pipeline/Pipeline.php(219): Illuminate\\Foundation\\Http\\Middleware\\ConvertEmptyStringsToNull->handle(Object(Illuminate\\Http\\Request), Object(Closure))
#36 /Users/alejandroleon/Documents/PROYECTOS CLIENTES/SINERGIA-WEB/vendor/laravel/framework/src/Illuminate/Foundation/Http/Middleware/TransformsRequest.php(21): Illuminate\\Pipeline\\Pipeline->Illuminate\\Pipeline\\{closure}(Object(Illuminate\\Http\\Request))
#37 /Users/alejandroleon/Documents/PROYECTOS CLIENTES/SINERGIA-WEB/vendor/laravel/framework/src/Illuminate/Foundation/Http/Middleware/TrimStrings.php(51): Illuminate\\Foundation\\Http\\Middleware\\TransformsRequest->handle(Object(Illuminate\\Http\\Request), Object(Closure))
#38 /Users/alejandroleon/Documents/PROYECTOS CLIENTES/SINERGIA-WEB/vendor/laravel/framework/src/Illuminate/Pipeline/Pipeline.php(219): Illuminate\\Foundation\\Http\\Middleware\\TrimStrings->handle(Object(Illuminate\\Http\\Request), Object(Closure))
#39 /Users/alejandroleon/Documents/PROYECTOS CLIENTES/SINERGIA-WEB/vendor/laravel/framework/src/Illuminate/Http/Middleware/ValidatePostSize.php(27): Illuminate\\Pipeline\\Pipeline->Illuminate\\Pipeline\\{closure}(Object(Illuminate\\Http\\Request))
#40 /Users/alejandroleon/Documents/PROYECTOS CLIENTES/SINERGIA-WEB/vendor/laravel/framework/src/Illuminate/Pipeline/Pipeline.php(219): Illuminate\\Http\\Middleware\\ValidatePostSize->handle(Object(Illuminate\\Http\\Request), Object(Closure))
#41 /Users/alejandroleon/Documents/PROYECTOS CLIENTES/SINERGIA-WEB/vendor/laravel/framework/src/Illuminate/Foundation/Http/Middleware/PreventRequestsDuringMaintenance.php(109): Illuminate\\Pipeline\\Pipeline->Illuminate\\Pipeline\\{closure}(Object(Illuminate\\Http\\Request))
#42 /Users/alejandroleon/Documents/PROYECTOS CLIENTES/SINERGIA-WEB/vendor/laravel/framework/src/Illuminate/Pipeline/Pipeline.php(219): Illuminate\\Foundation\\Http\\Middleware\\PreventRequestsDuringMaintenance->handle(Object(Illuminate\\Http\\Request), Object(Closure))
#43 /Users/alejandroleon/Documents/PROYECTOS CLIENTES/SINERGIA-WEB/vendor/laravel/framework/src/Illuminate/Http/Middleware/HandleCors.php(61): Illuminate\\Pipeline\\Pipeline->Illuminate\\Pipeline\\{closure}(Object(Illuminate\\Http\\Request))
#44 /Users/alejandroleon/Documents/PROYECTOS CLIENTES/SINERGIA-WEB/vendor/laravel/framework/src/Illuminate/Pipeline/Pipeline.php(219): Illuminate\\Http\\Middleware\\HandleCors->handle(Object(Illuminate\\Http\\Request), Object(Closure))
#45 /Users/alejandroleon/Documents/PROYECTOS CLIENTES/SINERGIA-WEB/vendor/laravel/framework/src/Illuminate/Http/Middleware/TrustProxies.php(58): Illuminate\\Pipeline\\Pipeline->Illuminate\\Pipeline\\{closure}(Object(Illuminate\\Http\\Request))
#46 /Users/alejandroleon/Documents/PROYECTOS CLIENTES/SINERGIA-WEB/vendor/laravel/framework/src/Illuminate/Pipeline/Pipeline.php(219): Illuminate\\Http\\Middleware\\TrustProxies->handle(Object(Illuminate\\Http\\Request), Object(Closure))
#47 /Users/alejandroleon/Documents/PROYECTOS CLIENTES/SINERGIA-WEB/vendor/laravel/framework/src/Illuminate/Foundation/Http/Middleware/InvokeDeferredCallbacks.php(22): Illuminate\\Pipeline\\Pipeline->Illuminate\\Pipeline\\{closure}(Object(Illuminate\\Http\\Request))
#48 /Users/alejandroleon/Documents/PROYECTOS CLIENTES/SINERGIA-WEB/vendor/laravel/framework/src/Illuminate/Pipeline/Pipeline.php(219): Illuminate\\Foundation\\Http\\Middleware\\InvokeDeferredCallbacks->handle(Object(Illuminate\\Http\\Request), Object(Closure))
#49 /Users/alejandroleon/Documents/PROYECTOS CLIENTES/SINERGIA-WEB/vendor/laravel/framework/src/Illuminate/Http/Middleware/ValidatePathEncoding.php(26): Illuminate\\Pipeline\\Pipeline->Illuminate\\Pipeline\\{closure}(Object(Illuminate\\Http\\Request))
#50 /Users/alejandroleon/Documents/PROYECTOS CLIENTES/SINERGIA-WEB/vendor/laravel/framework/src/Illuminate/Pipeline/Pipeline.php(219): Illuminate\\Http\\Middleware\\ValidatePathEncoding->handle(Object(Illuminate\\Http\\Request), Object(Closure))
#51 /Users/alejandroleon/Documents/PROYECTOS CLIENTES/SINERGIA-WEB/vendor/laravel/framework/src/Illuminate/Pipeline/Pipeline.php(137): Illuminate\\Pipeline\\Pipeline->Illuminate\\Pipeline\\{closure}(Object(Illuminate\\Http\\Request))
#52 /Users/alejandroleon/Documents/PROYECTOS CLIENTES/SINERGIA-WEB/vendor/laravel/framework/src/Illuminate/Foundation/Http/Kernel.php(175): Illuminate\\Pipeline\\Pipeline->then(Object(Closure))
#53 /Users/alejandroleon/Documents/PROYECTOS CLIENTES/SINERGIA-WEB/vendor/laravel/framework/src/Illuminate/Foundation/Http/Kernel.php(144): Illuminate\\Foundation\\Http\\Kernel->sendRequestThroughRouter(Object(Illuminate\\Http\\Request))
#54 /Users/alejandroleon/Documents/PROYECTOS CLIENTES/SINERGIA-WEB/vendor/laravel/framework/src/Illuminate/Foundation/Application.php(1220): Illuminate\\Foundation\\Http\\Kernel->handle(Object(Illuminate\\Http\\Request))
#55 /Users/alejandroleon/Documents/PROYECTOS CLIENTES/SINERGIA-WEB/public/index.php(17): Illuminate\\Foundation\\Application->handleRequest(Object(Illuminate\\Http\\Request))
#56 /Users/alejandroleon/Documents/PROYECTOS CLIENTES/SINERGIA-WEB/vendor/laravel/framework/src/Illuminate/Foundation/resources/server.php(23): require_once('/Users/alejandr...')
#57 {main}
"} 
[2026-06-04 01:02:32] local.ERROR: Class "Livewire\Mechanisms\ExtendBlade\ExtendBlade" not found (View: /Users/alejandroleon/Documents/PROYECTOS CLIENTES/SINERGIA-WEB/resources/views/pages/home.blade.php) {"userId":1,"exception":"[object] (Illuminate\\View\\ViewException(code: 0): Class \"Livewire\\Mechanisms\\ExtendBlade\\ExtendBlade\" not found (View: /Users/alejandroleon/Documents/PROYECTOS CLIENTES/SINERGIA-WEB/resources/views/pages/home.blade.php) at /Users/alejandroleon/Documents/PROYECTOS CLIENTES/SINERGIA-WEB/storage/framework/views/955dfe8b9f7f1af8668779189872e438.php:9)
[stacktrace]
#0 /Users/alejandroleon/Documents/PROYECTOS CLIENTES/SINERGIA-WEB/vendor/laravel/framework/src/Illuminate/View/Engines/PhpEngine.php(59): Illuminate\\View\\Engines\\CompilerEngine->handleViewException(Object(Error), 1)
#1 /Users/alejandroleon/Documents/PROYECTOS CLIENTES/SINERGIA-WEB/vendor/laravel/framework/src/Illuminate/View/Engines/CompilerEngine.php(76): Illuminate\\View\\Engines\\PhpEngine->evaluatePath('/Users/alejandr...', Array)
#2 /Users/alejandroleon/Documents/PROYECTOS CLIENTES/SINERGIA-WEB/vendor/laravel/framework/src/Illuminate/View/View.php(208): Illuminate\\View\\Engines\\CompilerEngine->get('/Users/alejandr...', Array)
#3 /Users/alejandroleon/Documents/PROYECTOS CLIENTES/SINERGIA-WEB/vendor/laravel/framework/src/Illuminate/View/View.php(191): Illuminate\\View\\View->getContents()
#4 /Users/alejandroleon/Documents/PROYECTOS CLIENTES/SINERGIA-WEB/vendor/laravel/framework/src/Illuminate/View/View.php(160): Illuminate\\View\\View->renderContents()
#5 /Users/alejandroleon/Documents/PROYECTOS CLIENTES/SINERGIA-WEB/vendor/laravel/framework/src/Illuminate/Http/Response.php(78): Illuminate\\View\\View->render()
#6 /Users/alejandroleon/Documents/PROYECTOS CLIENTES/SINERGIA-WEB/vendor/laravel/framework/src/Illuminate/Http/Response.php(34): Illuminate\\Http\\Response->setContent(Object(Illuminate\\View\\View))
#7 /Users/alejandroleon/Documents/PROYECTOS CLIENTES/SINERGIA-WEB/vendor/laravel/framework/src/Illuminate/Routing/Router.php(939): Illuminate\\Http\\Response->__construct(Object(Illuminate\\View\\View), 200, Array)
#8 /Users/alejandroleon/Documents/PROYECTOS CLIENTES/SINERGIA-WEB/vendor/laravel/framework/src/Illuminate/Routing/Router.php(906): Illuminate\\Routing\\Router::toResponse(Object(Illuminate\\Http\\Request), Object(Illuminate\\View\\View))
#9 /Users/alejandroleon/Documents/PROYECTOS CLIENTES/SINERGIA-WEB/vendor/laravel/framework/src/Illuminate/Routing/Router.php(821): Illuminate\\Routing\\Router->prepareResponse(Object(Illuminate\\Http\\Request), Object(Illuminate\\View\\View))
#10 /Users/alejandroleon/Documents/PROYECTOS CLIENTES/SINERGIA-WEB/vendor/laravel/framework/src/Illuminate/Pipeline/Pipeline.php(180): Illuminate\\Routing\\Router->Illuminate\\Routing\\{closure}(Object(Illuminate\\Http\\Request))
#11 /Users/alejandroleon/Documents/PROYECTOS CLIENTES/SINERGIA-WEB/vendor/laravel/framework/src/Illuminate/Routing/Middleware/SubstituteBindings.php(50): Illuminate\\Pipeline\\Pipeline->Illuminate\\Pipeline\\{closure}(Object(Illuminate\\Http\\Request))
#12 /Users/alejandroleon/Documents/PROYECTOS CLIENTES/SINERGIA-WEB/vendor/laravel/framework/src/Illuminate/Pipeline/Pipeline.php(219): Illuminate\\Routing\\Middleware\\SubstituteBindings->handle(Object(Illuminate\\Http\\Request), Object(Closure))
#13 /Users/alejandroleon/Documents/PROYECTOS CLIENTES/SINERGIA-WEB/vendor/laravel/framework/src/Illuminate/Foundation/Http/Middleware/VerifyCsrfToken.php(87): Illuminate\\Pipeline\\Pipeline->Illuminate\\Pipeline\\{closure}(Object(Illuminate\\Http\\Request))
#14 /Users/alejandroleon/Documents/PROYECTOS CLIENTES/SINERGIA-WEB/vendor/laravel/framework/src/Illuminate/Pipeline/Pipeline.php(219): Illuminate\\Foundation\\Http\\Middleware\\VerifyCsrfToken->handle(Object(Illuminate\\Http\\Request), Object(Closure))
#15 /Users/alejandroleon/Documents/PROYECTOS CLIENTES/SINERGIA-WEB/vendor/laravel/framework/src/Illuminate/View/Middleware/ShareErrorsFromSession.php(48): Illuminate\\Pipeline\\Pipeline->Illuminate\\Pipeline\\{closure}(Object(Illuminate\\Http\\Request))
#16 /Users/alejandroleon/Documents/PROYECTOS CLIENTES/SINERGIA-WEB/vendor/laravel/framework/src/Illuminate/Pipeline/Pipeline.php(219): Illuminate\\View\\Middleware\\ShareErrorsFromSession->handle(Object(Illuminate\\Http\\Request), Object(Closure))
#17 /Users/alejandroleon/Documents/PROYECTOS CLIENTES/SINERGIA-WEB/vendor/laravel/framework/src/Illuminate/Session/Middleware/StartSession.php(120): Illuminate\\Pipeline\\Pipeline->Illuminate\\Pipeline\\{closure}(Object(Illuminate\\Http\\Request))
#18 /Users/alejandroleon/Documents/PROYECTOS CLIENTES/SINERGIA-WEB/vendor/laravel/framework/src/Illuminate/Session/Middleware/StartSession.php(63): Illuminate\\Session\\Middleware\\StartSession->handleStatefulRequest(Object(Illuminate\\Http\\Request), Object(Illuminate\\Session\\Store), Object(Closure))
#19 /Users/alejandroleon/Documents/PROYECTOS CLIENTES/SINERGIA-WEB/vendor/laravel/framework/src/Illuminate/Pipeline/Pipeline.php(219): Illuminate\\Session\\Middleware\\StartSession->handle(Object(Illuminate\\Http\\Request), Object(Closure))
#20 /Users/alejandroleon/Documents/PROYECTOS CLIENTES/SINERGIA-WEB/vendor/laravel/framework/src/Illuminate/Cookie/Middleware/AddQueuedCookiesToResponse.php(36): Illuminate\\Pipeline\\Pipeline->Illuminate\\Pipeline\\{closure}(Object(Illuminate\\Http\\Request))
#21 /Users/alejandroleon/Documents/PROYECTOS CLIENTES/SINERGIA-WEB/vendor/laravel/framework/src/Illuminate/Pipeline/Pipeline.php(219): Illuminate\\Cookie\\Middleware\\AddQueuedCookiesToResponse->handle(Object(Illuminate\\Http\\Request), Object(Closure))
#22 /Users/alejandroleon/Documents/PROYECTOS CLIENTES/SINERGIA-WEB/vendor/laravel/framework/src/Illuminate/Cookie/Middleware/EncryptCookies.php(74): Illuminate\\Pipeline\\Pipeline->Illuminate\\Pipeline\\{closure}(Object(Illuminate\\Http\\Request))
#23 /Users/alejandroleon/Documents/PROYECTOS CLIENTES/SINERGIA-WEB/vendor/laravel/framework/src/Illuminate/Pipeline/Pipeline.php(219): Illuminate\\Cookie\\Middleware\\EncryptCookies->handle(Object(Illuminate\\Http\\Request), Object(Closure))
#24 /Users/alejandroleon/Documents/PROYECTOS CLIENTES/SINERGIA-WEB/vendor/laravel/framework/src/Illuminate/Pipeline/Pipeline.php(137): Illuminate\\Pipeline\\Pipeline->Illuminate\\Pipeline\\{closure}(Object(Illuminate\\Http\\Request))
#25 /Users/alejandroleon/Documents/PROYECTOS CLIENTES/SINERGIA-WEB/vendor/laravel/framework/src/Illuminate/Routing/Router.php(821): Illuminate\\Pipeline\\Pipeline->then(Object(Closure))
#26 /Users/alejandroleon/Documents/PROYECTOS CLIENTES/SINERGIA-WEB/vendor/laravel/framework/src/Illuminate/Routing/Router.php(800): Illuminate\\Routing\\Router->runRouteWithinStack(Object(Illuminate\\Routing\\Route), Object(Illuminate\\Http\\Request))
#27 /Users/alejandroleon/Documents/PROYECTOS CLIENTES/SINERGIA-WEB/vendor/laravel/framework/src/Illuminate/Routing/Router.php(764): Illuminate\\Routing\\Router->runRoute(Object(Illuminate\\Http\\Request), Object(Illuminate\\Routing\\Route))
#28 /Users/alejandroleon/Documents/PROYECTOS CLIENTES/SINERGIA-WEB/vendor/laravel/framework/src/Illuminate/Routing/Router.php(753): Illuminate\\Routing\\Router->dispatchToRoute(Object(Illuminate\\Http\\Request))
#29 /Users/alejandroleon/Documents/PROYECTOS CLIENTES/SINERGIA-WEB/vendor/laravel/framework/src/Illuminate/Foundation/Http/Kernel.php(200): Illuminate\\Routing\\Router->dispatch(Object(Illuminate\\Http\\Request))
#30 /Users/alejandroleon/Documents/PROYECTOS CLIENTES/SINERGIA-WEB/vendor/laravel/framework/src/Illuminate/Pipeline/Pipeline.php(180): Illuminate\\Foundation\\Http\\Kernel->Illuminate\\Foundation\\Http\\{closure}(Object(Illuminate\\Http\\Request))
#31 /Users/alejandroleon/Documents/PROYECTOS CLIENTES/SINERGIA-WEB/vendor/laravel/framework/src/Illuminate/Foundation/Http/Middleware/TransformsRequest.php(21): Illuminate\\Pipeline\\Pipeline->Illuminate\\Pipeline\\{closure}(Object(Illuminate\\Http\\Request))
#32 /Users/alejandroleon/Documents/PROYECTOS CLIENTES/SINERGIA-WEB/vendor/laravel/framework/src/Illuminate/Foundation/Http/Middleware/ConvertEmptyStringsToNull.php(31): Illuminate\\Foundation\\Http\\Middleware\\TransformsRequest->handle(Object(Illuminate\\Http\\Request), Object(Closure))
#33 /Users/alejandroleon/Documents/PROYECTOS CLIENTES/SINERGIA-WEB/vendor/laravel/framework/src/Illuminate/Pipeline/Pipeline.php(219): Illuminate\\Foundation\\Http\\Middleware\\ConvertEmptyStringsToNull->handle(Object(Illuminate\\Http\\Request), Object(Closure))
#34 /Users/alejandroleon/Documents/PROYECTOS CLIENTES/SINERGIA-WEB/vendor/laravel/framework/src/Illuminate/Foundation/Http/Middleware/TransformsRequest.php(21): Illuminate\\Pipeline\\Pipeline->Illuminate\\Pipeline\\{closure}(Object(Illuminate\\Http\\Request))
#35 /Users/alejandroleon/Documents/PROYECTOS CLIENTES/SINERGIA-WEB/vendor/laravel/framework/src/Illuminate/Foundation/Http/Middleware/TrimStrings.php(51): Illuminate\\Foundation\\Http\\Middleware\\TransformsRequest->handle(Object(Illuminate\\Http\\Request), Object(Closure))
#36 /Users/alejandroleon/Documents/PROYECTOS CLIENTES/SINERGIA-WEB/vendor/laravel/framework/src/Illuminate/Pipeline/Pipeline.php(219): Illuminate\\Foundation\\Http\\Middleware\\TrimStrings->handle(Object(Illuminate\\Http\\Request), Object(Closure))
#37 /Users/alejandroleon/Documents/PROYECTOS CLIENTES/SINERGIA-WEB/vendor/laravel/framework/src/Illuminate/Http/Middleware/ValidatePostSize.php(27): Illuminate\\Pipeline\\Pipeline->Illuminate\\Pipeline\\{closure}(Object(Illuminate\\Http\\Request))
#38 /Users/alejandroleon/Documents/PROYECTOS CLIENTES/SINERGIA-WEB/vendor/laravel/framework/src/Illuminate/Pipeline/Pipeline.php(219): Illuminate\\Http\\Middleware\\ValidatePostSize->handle(Object(Illuminate\\Http\\Request), Object(Closure))
#39 /Users/alejandroleon/Documents/PROYECTOS CLIENTES/SINERGIA-WEB/vendor/laravel/framework/src/Illuminate/Foundation/Http/Middleware/PreventRequestsDuringMaintenance.php(109): Illuminate\\Pipeline\\Pipeline->Illuminate\\Pipeline\\{closure}(Object(Illuminate\\Http\\Request))
#40 /Users/alejandroleon/Documents/PROYECTOS CLIENTES/SINERGIA-WEB/vendor/laravel/framework/src/Illuminate/Pipeline/Pipeline.php(219): Illuminate\\Foundation\\Http\\Middleware\\PreventRequestsDuringMaintenance->handle(Object(Illuminate\\Http\\Request), Object(Closure))
#41 /Users/alejandroleon/Documents/PROYECTOS CLIENTES/SINERGIA-WEB/vendor/laravel/framework/src/Illuminate/Http/Middleware/HandleCors.php(61): Illuminate\\Pipeline\\Pipeline->Illuminate\\Pipeline\\{closure}(Object(Illuminate\\Http\\Request))
#42 /Users/alejandroleon/Documents/PROYECTOS CLIENTES/SINERGIA-WEB/vendor/laravel/framework/src/Illuminate/Pipeline/Pipeline.php(219): Illuminate\\Http\\Middleware\\HandleCors->handle(Object(Illuminate\\Http\\Request), Object(Closure))
#43 /Users/alejandroleon/Documents/PROYECTOS CLIENTES/SINERGIA-WEB/vendor/laravel/framework/src/Illuminate/Http/Middleware/TrustProxies.php(58): Illuminate\\Pipeline\\Pipeline->Illuminate\\Pipeline\\{closure}(Object(Illuminate\\Http\\Request))
#44 /Users/alejandroleon/Documents/PROYECTOS CLIENTES/SINERGIA-WEB/vendor/laravel/framework/src/Illuminate/Pipeline/Pipeline.php(219): Illuminate\\Http\\Middleware\\TrustProxies->handle(Object(Illuminate\\Http\\Request), Object(Closure))
#45 /Users/alejandroleon/Documents/PROYECTOS CLIENTES/SINERGIA-WEB/vendor/laravel/framework/src/Illuminate/Foundation/Http/Middleware/InvokeDeferredCallbacks.php(22): Illuminate\\Pipeline\\Pipeline->Illuminate\\Pipeline\\{closure}(Object(Illuminate\\Http\\Request))
#46 /Users/alejandroleon/Documents/PROYECTOS CLIENTES/SINERGIA-WEB/vendor/laravel/framework/src/Illuminate/Pipeline/Pipeline.php(219): Illuminate\\Foundation\\Http\\Middleware\\InvokeDeferredCallbacks->handle(Object(Illuminate\\Http\\Request), Object(Closure))
#47 /Users/alejandroleon/Documents/PROYECTOS CLIENTES/SINERGIA-WEB/vendor/laravel/framework/src/Illuminate/Http/Middleware/ValidatePathEncoding.php(26): Illuminate\\Pipeline\\Pipeline->Illuminate\\Pipeline\\{closure}(Object(Illuminate\\Http\\Request))
#48 /Users/alejandroleon/Documents/PROYECTOS CLIENTES/SINERGIA-WEB/vendor/laravel/framework/src/Illuminate/Pipeline/Pipeline.php(219): Illuminate\\Http\\Middleware\\ValidatePathEncoding->handle(Object(Illuminate\\Http\\Request), Object(Closure))
#49 /Users/alejandroleon/Documents/PROYECTOS CLIENTES/SINERGIA-WEB/vendor/laravel/framework/src/Illuminate/Pipeline/Pipeline.php(137): Illuminate\\Pipeline\\Pipeline->Illuminate\\Pipeline\\{closure}(Object(Illuminate\\Http\\Request))
#50 /Users/alejandroleon/Documents/PROYECTOS CLIENTES/SINERGIA-WEB/vendor/laravel/framework/src/Illuminate/Foundation/Http/Kernel.php(175): Illuminate\\Pipeline\\Pipeline->then(Object(Closure))
#51 /Users/alejandroleon/Documents/PROYECTOS CLIENTES/SINERGIA-WEB/vendor/laravel/framework/src/Illuminate/Foundation/Http/Kernel.php(144): Illuminate\\Foundation\\Http\\Kernel->sendRequestThroughRouter(Object(Illuminate\\Http\\Request))
#52 /Users/alejandroleon/Documents/PROYECTOS CLIENTES/SINERGIA-WEB/vendor/laravel/framework/src/Illuminate/Foundation/Application.php(1220): Illuminate\\Foundation\\Http\\Kernel->handle(Object(Illuminate\\Http\\Request))
#53 /Users/alejandroleon/Documents/PROYECTOS CLIENTES/SINERGIA-WEB/public/index.php(17): Illuminate\\Foundation\\Application->handleRequest(Object(Illuminate\\Http\\Request))
#54 /Users/alejandroleon/Documents/PROYECTOS CLIENTES/SINERGIA-WEB/vendor/laravel/framework/src/Illuminate/Foundation/resources/server.php(23): require_once('/Users/alejandr...')
#55 {main}

[previous exception] [object] (Error(code: 0): Class \"Livewire\\Mechanisms\\ExtendBlade\\ExtendBlade\" not found at /Users/alejandroleon/Documents/PROYECTOS CLIENTES/SINERGIA-WEB/storage/framework/views/955dfe8b9f7f1af8668779189872e438.php:9)
[stacktrace]
#0 /Users/alejandroleon/Documents/PROYECTOS CLIENTES/SINERGIA-WEB/vendor/laravel/framework/src/Illuminate/Filesystem/Filesystem.php(123): require()
#1 /Users/alejandroleon/Documents/PROYECTOS CLIENTES/SINERGIA-WEB/vendor/laravel/framework/src/Illuminate/Filesystem/Filesystem.php(124): Illuminate\\Filesystem\\Filesystem::Illuminate\\Filesystem\\{closure}()
#2 /Users/alejandroleon/Documents/PROYECTOS CLIENTES/SINERGIA-WEB/vendor/laravel/framework/src/Illuminate/View/Engines/PhpEngine.php(57): Illuminate\\Filesystem\\Filesystem->getRequire('/Users/alejandr...', Array)
#3 /Users/alejandroleon/Documents/PROYECTOS CLIENTES/SINERGIA-WEB/vendor/laravel/framework/src/Illuminate/View/Engines/CompilerEngine.php(76): Illuminate\\View\\Engines\\PhpEngine->evaluatePath('/Users/alejandr...', Array)
#4 /Users/alejandroleon/Documents/PROYECTOS CLIENTES/SINERGIA-WEB/vendor/laravel/framework/src/Illuminate/View/View.php(208): Illuminate\\View\\Engines\\CompilerEngine->get('/Users/alejandr...', Array)
#5 /Users/alejandroleon/Documents/PROYECTOS CLIENTES/SINERGIA-WEB/vendor/laravel/framework/src/Illuminate/View/View.php(191): Illuminate\\View\\View->getContents()
#6 /Users/alejandroleon/Documents/PROYECTOS CLIENTES/SINERGIA-WEB/vendor/laravel/framework/src/Illuminate/View/View.php(160): Illuminate\\View\\View->renderContents()
#7 /Users/alejandroleon/Documents/PROYECTOS CLIENTES/SINERGIA-WEB/vendor/laravel/framework/src/Illuminate/Http/Response.php(78): Illuminate\\View\\View->render()
#8 /Users/alejandroleon/Documents/PROYECTOS CLIENTES/SINERGIA-WEB/vendor/laravel/framework/src/Illuminate/Http/Response.php(34): Illuminate\\Http\\Response->setContent(Object(Illuminate\\View\\View))
#9 /Users/alejandroleon/Documents/PROYECTOS CLIENTES/SINERGIA-WEB/vendor/laravel/framework/src/Illuminate/Routing/Router.php(939): Illuminate\\Http\\Response->__construct(Object(Illuminate\\View\\View), 200, Array)
#10 /Users/alejandroleon/Documents/PROYECTOS CLIENTES/SINERGIA-WEB/vendor/laravel/framework/src/Illuminate/Routing/Router.php(906): Illuminate\\Routing\\Router::toResponse(Object(Illuminate\\Http\\Request), Object(Illuminate\\View\\View))
#11 /Users/alejandroleon/Documents/PROYECTOS CLIENTES/SINERGIA-WEB/vendor/laravel/framework/src/Illuminate/Routing/Router.php(821): Illuminate\\Routing\\Router->prepareResponse(Object(Illuminate\\Http\\Request), Object(Illuminate\\View\\View))
#12 /Users/alejandroleon/Documents/PROYECTOS CLIENTES/SINERGIA-WEB/vendor/laravel/framework/src/Illuminate/Pipeline/Pipeline.php(180): Illuminate\\Routing\\Router->Illuminate\\Routing\\{closure}(Object(Illuminate\\Http\\Request))
#13 /Users/alejandroleon/Documents/PROYECTOS CLIENTES/SINERGIA-WEB/vendor/laravel/framework/src/Illuminate/Routing/Middleware/SubstituteBindings.php(50): Illuminate\\Pipeline\\Pipeline->Illuminate\\Pipeline\\{closure}(Object(Illuminate\\Http\\Request))
#14 /Users/alejandroleon/Documents/PROYECTOS CLIENTES/SINERGIA-WEB/vendor/laravel/framework/src/Illuminate/Pipeline/Pipeline.php(219): Illuminate\\Routing\\Middleware\\SubstituteBindings->handle(Object(Illuminate\\Http\\Request), Object(Closure))
#15 /Users/alejandroleon/Documents/PROYECTOS CLIENTES/SINERGIA-WEB/vendor/laravel/framework/src/Illuminate/Foundation/Http/Middleware/VerifyCsrfToken.php(87): Illuminate\\Pipeline\\Pipeline->Illuminate\\Pipeline\\{closure}(Object(Illuminate\\Http\\Request))
#16 /Users/alejandroleon/Documents/PROYECTOS CLIENTES/SINERGIA-WEB/vendor/laravel/framework/src/Illuminate/Pipeline/Pipeline.php(219): Illuminate\\Foundation\\Http\\Middleware\\VerifyCsrfToken->handle(Object(Illuminate\\Http\\Request), Object(Closure))
#17 /Users/alejandroleon/Documents/PROYECTOS CLIENTES/SINERGIA-WEB/vendor/laravel/framework/src/Illuminate/View/Middleware/ShareErrorsFromSession.php(48): Illuminate\\Pipeline\\Pipeline->Illuminate\\Pipeline\\{closure}(Object(Illuminate\\Http\\Request))
#18 /Users/alejandroleon/Documents/PROYECTOS CLIENTES/SINERGIA-WEB/vendor/laravel/framework/src/Illuminate/Pipeline/Pipeline.php(219): Illuminate\\View\\Middleware\\ShareErrorsFromSession->handle(Object(Illuminate\\Http\\Request), Object(Closure))
#19 /Users/alejandroleon/Documents/PROYECTOS CLIENTES/SINERGIA-WEB/vendor/laravel/framework/src/Illuminate/Session/Middleware/StartSession.php(120): Illuminate\\Pipeline\\Pipeline->Illuminate\\Pipeline\\{closure}(Object(Illuminate\\Http\\Request))
#20 /Users/alejandroleon/Documents/PROYECTOS CLIENTES/SINERGIA-WEB/vendor/laravel/framework/src/Illuminate/Session/Middleware/StartSession.php(63): Illuminate\\Session\\Middleware\\StartSession->handleStatefulRequest(Object(Illuminate\\Http\\Request), Object(Illuminate\\Session\\Store), Object(Closure))
#21 /Users/alejandroleon/Documents/PROYECTOS CLIENTES/SINERGIA-WEB/vendor/laravel/framework/src/Illuminate/Pipeline/Pipeline.php(219): Illuminate\\Session\\Middleware\\StartSession->handle(Object(Illuminate\\Http\\Request), Object(Closure))
#22 /Users/alejandroleon/Documents/PROYECTOS CLIENTES/SINERGIA-WEB/vendor/laravel/framework/src/Illuminate/Cookie/Middleware/AddQueuedCookiesToResponse.php(36): Illuminate\\Pipeline\\Pipeline->Illuminate\\Pipeline\\{closure}(Object(Illuminate\\Http\\Request))
#23 /Users/alejandroleon/Documents/PROYECTOS CLIENTES/SINERGIA-WEB/vendor/laravel/framework/src/Illuminate/Pipeline/Pipeline.php(219): Illuminate\\Cookie\\Middleware\\AddQueuedCookiesToResponse->handle(Object(Illuminate\\Http\\Request), Object(Closure))
#24 /Users/alejandroleon/Documents/PROYECTOS CLIENTES/SINERGIA-WEB/vendor/laravel/framework/src/Illuminate/Cookie/Middleware/EncryptCookies.php(74): Illuminate\\Pipeline\\Pipeline->Illuminate\\Pipeline\\{closure}(Object(Illuminate\\Http\\Request))
#25 /Users/alejandroleon/Documents/PROYECTOS CLIENTES/SINERGIA-WEB/vendor/laravel/framework/src/Illuminate/Pipeline/Pipeline.php(219): Illuminate\\Cookie\\Middleware\\EncryptCookies->handle(Object(Illuminate\\Http\\Request), Object(Closure))
#26 /Users/alejandroleon/Documents/PROYECTOS CLIENTES/SINERGIA-WEB/vendor/laravel/framework/src/Illuminate/Pipeline/Pipeline.php(137): Illuminate\\Pipeline\\Pipeline->Illuminate\\Pipeline\\{closure}(Object(Illuminate\\Http\\Request))
#27 /Users/alejandroleon/Documents/PROYECTOS CLIENTES/SINERGIA-WEB/vendor/laravel/framework/src/Illuminate/Routing/Router.php(821): Illuminate\\Pipeline\\Pipeline->then(Object(Closure))
#28 /Users/alejandroleon/Documents/PROYECTOS CLIENTES/SINERGIA-WEB/vendor/laravel/framework/src/Illuminate/Routing/Router.php(800): Illuminate\\Routing\\Router->runRouteWithinStack(Object(Illuminate\\Routing\\Route), Object(Illuminate\\Http\\Request))
#29 /Users/alejandroleon/Documents/PROYECTOS CLIENTES/SINERGIA-WEB/vendor/laravel/framework/src/Illuminate/Routing/Router.php(764): Illuminate\\Routing\\Router->runRoute(Object(Illuminate\\Http\\Request), Object(Illuminate\\Routing\\Route))
#30 /Users/alejandroleon/Documents/PROYECTOS CLIENTES/SINERGIA-WEB/vendor/laravel/framework/src/Illuminate/Routing/Router.php(753): Illuminate\\Routing\\Router->dispatchToRoute(Object(Illuminate\\Http\\Request))
#31 /Users/alejandroleon/Documents/PROYECTOS CLIENTES/SINERGIA-WEB/vendor/laravel/framework/src/Illuminate/Foundation/Http/Kernel.php(200): Illuminate\\Routing\\Router->dispatch(Object(Illuminate\\Http\\Request))
#32 /Users/alejandroleon/Documents/PROYECTOS CLIENTES/SINERGIA-WEB/vendor/laravel/framework/src/Illuminate/Pipeline/Pipeline.php(180): Illuminate\\Foundation\\Http\\Kernel->Illuminate\\Foundation\\Http\\{closure}(Object(Illuminate\\Http\\Request))
#33 /Users/alejandroleon/Documents/PROYECTOS CLIENTES/SINERGIA-WEB/vendor/laravel/framework/src/Illuminate/Foundation/Http/Middleware/TransformsRequest.php(21): Illuminate\\Pipeline\\Pipeline->Illuminate\\Pipeline\\{closure}(Object(Illuminate\\Http\\Request))
#34 /Users/alejandroleon/Documents/PROYECTOS CLIENTES/SINERGIA-WEB/vendor/laravel/framework/src/Illuminate/Foundation/Http/Middleware/ConvertEmptyStringsToNull.php(31): Illuminate\\Foundation\\Http\\Middleware\\TransformsRequest->handle(Object(Illuminate\\Http\\Request), Object(Closure))
#35 /Users/alejandroleon/Documents/PROYECTOS CLIENTES/SINERGIA-WEB/vendor/laravel/framework/src/Illuminate/Pipeline/Pipeline.php(219): Illuminate\\Foundation\\Http\\Middleware\\ConvertEmptyStringsToNull->handle(Object(Illuminate\\Http\\Request), Object(Closure))
#36 /Users/alejandroleon/Documents/PROYECTOS CLIENTES/SINERGIA-WEB/vendor/laravel/framework/src/Illuminate/Foundation/Http/Middleware/TransformsRequest.php(21): Illuminate\\Pipeline\\Pipeline->Illuminate\\Pipeline\\{closure}(Object(Illuminate\\Http\\Request))
#37 /Users/alejandroleon/Documents/PROYECTOS CLIENTES/SINERGIA-WEB/vendor/laravel/framework/src/Illuminate/Foundation/Http/Middleware/TrimStrings.php(51): Illuminate\\Foundation\\Http\\Middleware\\TransformsRequest->handle(Object(Illuminate\\Http\\Request), Object(Closure))
#38 /Users/alejandroleon/Documents/PROYECTOS CLIENTES/SINERGIA-WEB/vendor/laravel/framework/src/Illuminate/Pipeline/Pipeline.php(219): Illuminate\\Foundation\\Http\\Middleware\\TrimStrings->handle(Object(Illuminate\\Http\\Request), Object(Closure))
#39 /Users/alejandroleon/Documents/PROYECTOS CLIENTES/SINERGIA-WEB/vendor/laravel/framework/src/Illuminate/Http/Middleware/ValidatePostSize.php(27): Illuminate\\Pipeline\\Pipeline->Illuminate\\Pipeline\\{closure}(Object(Illuminate\\Http\\Request))
#40 /Users/alejandroleon/Documents/PROYECTOS CLIENTES/SINERGIA-WEB/vendor/laravel/framework/src/Illuminate/Pipeline/Pipeline.php(219): Illuminate\\Http\\Middleware\\ValidatePostSize->handle(Object(Illuminate\\Http\\Request), Object(Closure))
#41 /Users/alejandroleon/Documents/PROYECTOS CLIENTES/SINERGIA-WEB/vendor/laravel/framework/src/Illuminate/Foundation/Http/Middleware/PreventRequestsDuringMaintenance.php(109): Illuminate\\Pipeline\\Pipeline->Illuminate\\Pipeline\\{closure}(Object(Illuminate\\Http\\Request))
#42 /Users/alejandroleon/Documents/PROYECTOS CLIENTES/SINERGIA-WEB/vendor/laravel/framework/src/Illuminate/Pipeline/Pipeline.php(219): Illuminate\\Foundation\\Http\\Middleware\\PreventRequestsDuringMaintenance->handle(Object(Illuminate\\Http\\Request), Object(Closure))
#43 /Users/alejandroleon/Documents/PROYECTOS CLIENTES/SINERGIA-WEB/vendor/laravel/framework/src/Illuminate/Http/Middleware/HandleCors.php(61): Illuminate\\Pipeline\\Pipeline->Illuminate\\Pipeline\\{closure}(Object(Illuminate\\Http\\Request))
#44 /Users/alejandroleon/Documents/PROYECTOS CLIENTES/SINERGIA-WEB/vendor/laravel/framework/src/Illuminate/Pipeline/Pipeline.php(219): Illuminate\\Http\\Middleware\\HandleCors->handle(Object(Illuminate\\Http\\Request), Object(Closure))
#45 /Users/alejandroleon/Documents/PROYECTOS CLIENTES/SINERGIA-WEB/vendor/laravel/framework/src/Illuminate/Http/Middleware/TrustProxies.php(58): Illuminate\\Pipeline\\Pipeline->Illuminate\\Pipeline\\{closure}(Object(Illuminate\\Http\\Request))
#46 /Users/alejandroleon/Documents/PROYECTOS CLIENTES/SINERGIA-WEB/vendor/laravel/framework/src/Illuminate/Pipeline/Pipeline.php(219): Illuminate\\Http\\Middleware\\TrustProxies->handle(Object(Illuminate\\Http\\Request), Object(Closure))
#47 /Users/alejandroleon/Documents/PROYECTOS CLIENTES/SINERGIA-WEB/vendor/laravel/framework/src/Illuminate/Foundation/Http/Middleware/InvokeDeferredCallbacks.php(22): Illuminate\\Pipeline\\Pipeline->Illuminate\\Pipeline\\{closure}(Object(Illuminate\\Http\\Request))
#48 /Users/alejandroleon/Documents/PROYECTOS CLIENTES/SINERGIA-WEB/vendor/laravel/framework/src/Illuminate/Pipeline/Pipeline.php(219): Illuminate\\Foundation\\Http\\Middleware\\InvokeDeferredCallbacks->handle(Object(Illuminate\\Http\\Request), Object(Closure))
#49 /Users/alejandroleon/Documents/PROYECTOS CLIENTES/SINERGIA-WEB/vendor/laravel/framework/src/Illuminate/Http/Middleware/ValidatePathEncoding.php(26): Illuminate\\Pipeline\\Pipeline->Illuminate\\Pipeline\\{closure}(Object(Illuminate\\Http\\Request))
#50 /Users/alejandroleon/Documents/PROYECTOS CLIENTES/SINERGIA-WEB/vendor/laravel/framework/src/Illuminate/Pipeline/Pipeline.php(219): Illuminate\\Http\\Middleware\\ValidatePathEncoding->handle(Object(Illuminate\\Http\\Request), Object(Closure))
#51 /Users/alejandroleon/Documents/PROYECTOS CLIENTES/SINERGIA-WEB/vendor/laravel/framework/src/Illuminate/Pipeline/Pipeline.php(137): Illuminate\\Pipeline\\Pipeline->Illuminate\\Pipeline\\{closure}(Object(Illuminate\\Http\\Request))
#52 /Users/alejandroleon/Documents/PROYECTOS CLIENTES/SINERGIA-WEB/vendor/laravel/framework/src/Illuminate/Foundation/Http/Kernel.php(175): Illuminate\\Pipeline\\Pipeline->then(Object(Closure))
#53 /Users/alejandroleon/Documents/PROYECTOS CLIENTES/SINERGIA-WEB/vendor/laravel/framework/src/Illuminate/Foundation/Http/Kernel.php(144): Illuminate\\Foundation\\Http\\Kernel->sendRequestThroughRouter(Object(Illuminate\\Http\\Request))
#54 /Users/alejandroleon/Documents/PROYECTOS CLIENTES/SINERGIA-WEB/vendor/laravel/framework/src/Illuminate/Foundation/Application.php(1220): Illuminate\\Foundation\\Http\\Kernel->handle(Object(Illuminate\\Http\\Request))
#55 /Users/alejandroleon/Documents/PROYECTOS CLIENTES/SINERGIA-WEB/public/index.php(17): Illuminate\\Foundation\\Application->handleRequest(Object(Illuminate\\Http\\Request))
#56 /Users/alejandroleon/Documents/PROYECTOS CLIENTES/SINERGIA-WEB/vendor/laravel/framework/src/Illuminate/Foundation/resources/server.php(23): require_once('/Users/alejandr...')
#57 {main}
"} 
[2026-06-04 01:02:35] local.ERROR: Class "Livewire\Mechanisms\ExtendBlade\ExtendBlade" not found (View: /Users/alejandroleon/Documents/PROYECTOS CLIENTES/SINERGIA-WEB/resources/views/pages/home.blade.php) {"userId":1,"exception":"[object] (Illuminate\\View\\ViewException(code: 0): Class \"Livewire\\Mechanisms\\ExtendBlade\\ExtendBlade\" not found (View: /Users/alejandroleon/Documents/PROYECTOS CLIENTES/SINERGIA-WEB/resources/views/pages/home.blade.php) at /Users/alejandroleon/Documents/PROYECTOS CLIENTES/SINERGIA-WEB/storage/framework/views/955dfe8b9f7f1af8668779189872e438.php:9)
[stacktrace]
#0 /Users/alejandroleon/Documents/PROYECTOS CLIENTES/SINERGIA-WEB/vendor/laravel/framework/src/Illuminate/View/Engines/PhpEngine.php(59): Illuminate\\View\\Engines\\CompilerEngine->handleViewException(Object(Error), 1)
#1 /Users/alejandroleon/Documents/PROYECTOS CLIENTES/SINERGIA-WEB/vendor/laravel/framework/src/Illuminate/View/Engines/CompilerEngine.php(76): Illuminate\\View\\Engines\\PhpEngine->evaluatePath('/Users/alejandr...', Array)
#2 /Users/alejandroleon/Documents/PROYECTOS CLIENTES/SINERGIA-WEB/vendor/laravel/framework/src/Illuminate/View/View.php(208): Illuminate\\View\\Engines\\CompilerEngine->get('/Users/alejandr...', Array)
#3 /Users/alejandroleon/Documents/PROYECTOS CLIENTES/SINERGIA-WEB/vendor/laravel/framework/src/Illuminate/View/View.php(191): Illuminate\\View\\View->getContents()
#4 /Users/alejandroleon/Documents/PROYECTOS CLIENTES/SINERGIA-WEB/vendor/laravel/framework/src/Illuminate/View/View.php(160): Illuminate\\View\\View->renderContents()
#5 /Users/alejandroleon/Documents/PROYECTOS CLIENTES/SINERGIA-WEB/vendor/laravel/framework/src/Illuminate/Http/Response.php(78): Illuminate\\View\\View->render()
#6 /Users/alejandroleon/Documents/PROYECTOS CLIENTES/SINERGIA-WEB/vendor/laravel/framework/src/Illuminate/Http/Response.php(34): Illuminate\\Http\\Response->setContent(Object(Illuminate\\View\\View))
#7 /Users/alejandroleon/Documents/PROYECTOS CLIENTES/SINERGIA-WEB/vendor/laravel/framework/src/Illuminate/Routing/Router.php(939): Illuminate\\Http\\Response->__construct(Object(Illuminate\\View\\View), 200, Array)
#8 /Users/alejandroleon/Documents/PROYECTOS CLIENTES/SINERGIA-WEB/vendor/laravel/framework/src/Illuminate/Routing/Router.php(906): Illuminate\\Routing\\Router::toResponse(Object(Illuminate\\Http\\Request), Object(Illuminate\\View\\View))
#9 /Users/alejandroleon/Documents/PROYECTOS CLIENTES/SINERGIA-WEB/vendor/laravel/framework/src/Illuminate/Routing/Router.php(821): Illuminate\\Routing\\Router->prepareResponse(Object(Illuminate\\Http\\Request), Object(Illuminate\\View\\View))
#10 /Users/alejandroleon/Documents/PROYECTOS CLIENTES/SINERGIA-WEB/vendor/laravel/framework/src/Illuminate/Pipeline/Pipeline.php(180): Illuminate\\Routing\\Router->Illuminate\\Routing\\{closure}(Object(Illuminate\\Http\\Request))
#11 /Users/alejandroleon/Documents/PROYECTOS CLIENTES/SINERGIA-WEB/vendor/laravel/framework/src/Illuminate/Routing/Middleware/SubstituteBindings.php(50): Illuminate\\Pipeline\\Pipeline->Illuminate\\Pipeline\\{closure}(Object(Illuminate\\Http\\Request))
#12 /Users/alejandroleon/Documents/PROYECTOS CLIENTES/SINERGIA-WEB/vendor/laravel/framework/src/Illuminate/Pipeline/Pipeline.php(219): Illuminate\\Routing\\Middleware\\SubstituteBindings->handle(Object(Illuminate\\Http\\Request), Object(Closure))
#13 /Users/alejandroleon/Documents/PROYECTOS CLIENTES/SINERGIA-WEB/vendor/laravel/framework/src/Illuminate/Foundation/Http/Middleware/VerifyCsrfToken.php(87): Illuminate\\Pipeline\\Pipeline->Illuminate\\Pipeline\\{closure}(Object(Illuminate\\Http\\Request))
#14 /Users/alejandroleon/Documents/PROYECTOS CLIENTES/SINERGIA-WEB/vendor/laravel/framework/src/Illuminate/Pipeline/Pipeline.php(219): Illuminate\\Foundation\\Http\\Middleware\\VerifyCsrfToken->handle(Object(Illuminate\\Http\\Request), Object(Closure))
#15 /Users/alejandroleon/Documents/PROYECTOS CLIENTES/SINERGIA-WEB/vendor/laravel/framework/src/Illuminate/View/Middleware/ShareErrorsFromSession.php(48): Illuminate\\Pipeline\\Pipeline->Illuminate\\Pipeline\\{closure}(Object(Illuminate\\Http\\Request))
#16 /Users/alejandroleon/Documents/PROYECTOS CLIENTES/SINERGIA-WEB/vendor/laravel/framework/src/Illuminate/Pipeline/Pipeline.php(219): Illuminate\\View\\Middleware\\ShareErrorsFromSession->handle(Object(Illuminate\\Http\\Request), Object(Closure))
#17 /Users/alejandroleon/Documents/PROYECTOS CLIENTES/SINERGIA-WEB/vendor/laravel/framework/src/Illuminate/Session/Middleware/StartSession.php(120): Illuminate\\Pipeline\\Pipeline->Illuminate\\Pipeline\\{closure}(Object(Illuminate\\Http\\Request))
#18 /Users/alejandroleon/Documents/PROYECTOS CLIENTES/SINERGIA-WEB/vendor/laravel/framework/src/Illuminate/Session/Middleware/StartSession.php(63): Illuminate\\Session\\Middleware\\StartSession->handleStatefulRequest(Object(Illuminate\\Http\\Request), Object(Illuminate\\Session\\Store), Object(Closure))
#19 /Users/alejandroleon/Documents/PROYECTOS CLIENTES/SINERGIA-WEB/vendor/laravel/framework/src/Illuminate/Pipeline/Pipeline.php(219): Illuminate\\Session\\Middleware\\StartSession->handle(Object(Illuminate\\Http\\Request), Object(Closure))
#20 /Users/alejandroleon/Documents/PROYECTOS CLIENTES/SINERGIA-WEB/vendor/laravel/framework/src/Illuminate/Cookie/Middleware/AddQueuedCookiesToResponse.php(36): Illuminate\\Pipeline\\Pipeline->Illuminate\\Pipeline\\{closure}(Object(Illuminate\\Http\\Request))
#21 /Users/alejandroleon/Documents/PROYECTOS CLIENTES/SINERGIA-WEB/vendor/laravel/framework/src/Illuminate/Pipeline/Pipeline.php(219): Illuminate\\Cookie\\Middleware\\AddQueuedCookiesToResponse->handle(Object(Illuminate\\Http\\Request), Object(Closure))
#22 /Users/alejandroleon/Documents/PROYECTOS CLIENTES/SINERGIA-WEB/vendor/laravel/framework/src/Illuminate/Cookie/Middleware/EncryptCookies.php(74): Illuminate\\Pipeline\\Pipeline->Illuminate\\Pipeline\\{closure}(Object(Illuminate\\Http\\Request))
#23 /Users/alejandroleon/Documents/PROYECTOS CLIENTES/SINERGIA-WEB/vendor/laravel/framework/src/Illuminate/Pipeline/Pipeline.php(219): Illuminate\\Cookie\\Middleware\\EncryptCookies->handle(Object(Illuminate\\Http\\Request), Object(Closure))
#24 /Users/alejandroleon/Documents/PROYECTOS CLIENTES/SINERGIA-WEB/vendor/laravel/framework/src/Illuminate/Pipeline/Pipeline.php(137): Illuminate\\Pipeline\\Pipeline->Illuminate\\Pipeline\\{closure}(Object(Illuminate\\Http\\Request))
#25 /Users/alejandroleon/Documents/PROYECTOS CLIENTES/SINERGIA-WEB/vendor/laravel/framework/src/Illuminate/Routing/Router.php(821): Illuminate\\Pipeline\\Pipeline->then(Object(Closure))
#26 /Users/alejandroleon/Documents/PROYECTOS CLIENTES/SINERGIA-WEB/vendor/laravel/framework/src/Illuminate/Routing/Router.php(800): Illuminate\\Routing\\Router->runRouteWithinStack(Object(Illuminate\\Routing\\Route), Object(Illuminate\\Http\\Request))
#27 /Users/alejandroleon/Documents/PROYECTOS CLIENTES/SINERGIA-WEB/vendor/laravel/framework/src/Illuminate/Routing/Router.php(764): Illuminate\\Routing\\Router->runRoute(Object(Illuminate\\Http\\Request), Object(Illuminate\\Routing\\Route))
#28 /Users/alejandroleon/Documents/PROYECTOS CLIENTES/SINERGIA-WEB/vendor/laravel/framework/src/Illuminate/Routing/Router.php(753): Illuminate\\Routing\\Router->dispatchToRoute(Object(Illuminate\\Http\\Request))
#29 /Users/alejandroleon/Documents/PROYECTOS CLIENTES/SINERGIA-WEB/vendor/laravel/framework/src/Illuminate/Foundation/Http/Kernel.php(200): Illuminate\\Routing\\Router->dispatch(Object(Illuminate\\Http\\Request))
#30 /Users/alejandroleon/Documents/PROYECTOS CLIENTES/SINERGIA-WEB/vendor/laravel/framework/src/Illuminate/Pipeline/Pipeline.php(180): Illuminate\\Foundation\\Http\\Kernel->Illuminate\\Foundation\\Http\\{closure}(Object(Illuminate\\Http\\Request))
#31 /Users/alejandroleon/Documents/PROYECTOS CLIENTES/SINERGIA-WEB/vendor/laravel/framework/src/Illuminate/Foundation/Http/Middleware/TransformsRequest.php(21): Illuminate\\Pipeline\\Pipeline->Illuminate\\Pipeline\\{closure}(Object(Illuminate\\Http\\Request))
#32 /Users/alejandroleon/Documents/PROYECTOS CLIENTES/SINERGIA-WEB/vendor/laravel/framework/src/Illuminate/Foundation/Http/Middleware/ConvertEmptyStringsToNull.php(31): Illuminate\\Foundation\\Http\\Middleware\\TransformsRequest->handle(Object(Illuminate\\Http\\Request), Object(Closure))
#33 /Users/alejandroleon/Documents/PROYECTOS CLIENTES/SINERGIA-WEB/vendor/laravel/framework/src/Illuminate/Pipeline/Pipeline.php(219): Illuminate\\Foundation\\Http\\Middleware\\ConvertEmptyStringsToNull->handle(Object(Illuminate\\Http\\Request), Object(Closure))
#34 /Users/alejandroleon/Documents/PROYECTOS CLIENTES/SINERGIA-WEB/vendor/laravel/framework/src/Illuminate/Foundation/Http/Middleware/TransformsRequest.php(21): Illuminate\\Pipeline\\Pipeline->Illuminate\\Pipeline\\{closure}(Object(Illuminate\\Http\\Request))
#35 /Users/alejandroleon/Documents/PROYECTOS CLIENTES/SINERGIA-WEB/vendor/laravel/framework/src/Illuminate/Foundation/Http/Middleware/TrimStrings.php(51): Illuminate\\Foundation\\Http\\Middleware\\TransformsRequest->handle(Object(Illuminate\\Http\\Request), Object(Closure))
#36 /Users/alejandroleon/Documents/PROYECTOS CLIENTES/SINERGIA-WEB/vendor/laravel/framework/src/Illuminate/Pipeline/Pipeline.php(219): Illuminate\\Foundation\\Http\\Middleware\\TrimStrings->handle(Object(Illuminate\\Http\\Request), Object(Closure))
#37 /Users/alejandroleon/Documents/PROYECTOS CLIENTES/SINERGIA-WEB/vendor/laravel/framework/src/Illuminate/Http/Middleware/ValidatePostSize.php(27): Illuminate\\Pipeline\\Pipeline->Illuminate\\Pipeline\\{closure}(Object(Illuminate\\Http\\Request))
#38 /Users/alejandroleon/Documents/PROYECTOS CLIENTES/SINERGIA-WEB/vendor/laravel/framework/src/Illuminate/Pipeline/Pipeline.php(219): Illuminate\\Http\\Middleware\\ValidatePostSize->handle(Object(Illuminate\\Http\\Request), Object(Closure))
#39 /Users/alejandroleon/Documents/PROYECTOS CLIENTES/SINERGIA-WEB/vendor/laravel/framework/src/Illuminate/Foundation/Http/Middleware/PreventRequestsDuringMaintenance.php(109): Illuminate\\Pipeline\\Pipeline->Illuminate\\Pipeline\\{closure}(Object(Illuminate\\Http\\Request))
#40 /Users/alejandroleon/Documents/PROYECTOS CLIENTES/SINERGIA-WEB/vendor/laravel/framework/src/Illuminate/Pipeline/Pipeline.php(219): Illuminate\\Foundation\\Http\\Middleware\\PreventRequestsDuringMaintenance->handle(Object(Illuminate\\Http\\Request), Object(Closure))
#41 /Users/alejandroleon/Documents/PROYECTOS CLIENTES/SINERGIA-WEB/vendor/laravel/framework/src/Illuminate/Http/Middleware/HandleCors.php(61): Illuminate\\Pipeline\\Pipeline->Illuminate\\Pipeline\\{closure}(Object(Illuminate\\Http\\Request))
#42 /Users/alejandroleon/Documents/PROYECTOS CLIENTES/SINERGIA-WEB/vendor/laravel/framework/src/Illuminate/Pipeline/Pipeline.php(219): Illuminate\\Http\\Middleware\\HandleCors->handle(Object(Illuminate\\Http\\Request), Object(Closure))
#43 /Users/alejandroleon/Documents/PROYECTOS CLIENTES/SINERGIA-WEB/vendor/laravel/framework/src/Illuminate/Http/Middleware/TrustProxies.php(58): Illuminate\\Pipeline\\Pipeline->Illuminate\\Pipeline\\{closure}(Object(Illuminate\\Http\\Request))
#44 /Users/alejandroleon/Documents/PROYECTOS CLIENTES/SINERGIA-WEB/vendor/laravel/framework/src/Illuminate/Pipeline/Pipeline.php(219): Illuminate\\Http\\Middleware\\TrustProxies->handle(Object(Illuminate\\Http\\Request), Object(Closure))
#45 /Users/alejandroleon/Documents/PROYECTOS CLIENTES/SINERGIA-WEB/vendor/laravel/framework/src/Illuminate/Foundation/Http/Middleware/InvokeDeferredCallbacks.php(22): Illuminate\\Pipeline\\Pipeline->Illuminate\\Pipeline\\{closure}(Object(Illuminate\\Http\\Request))
#46 /Users/alejandroleon/Documents/PROYECTOS CLIENTES/SINERGIA-WEB/vendor/laravel/framework/src/Illuminate/Pipeline/Pipeline.php(219): Illuminate\\Foundation\\Http\\Middleware\\InvokeDeferredCallbacks->handle(Object(Illuminate\\Http\\Request), Object(Closure))
#47 /Users/alejandroleon/Documents/PROYECTOS CLIENTES/SINERGIA-WEB/vendor/laravel/framework/src/Illuminate/Http/Middleware/ValidatePathEncoding.php(26): Illuminate\\Pipeline\\Pipeline->Illuminate\\Pipeline\\{closure}(Object(Illuminate\\Http\\Request))
#48 /Users/alejandroleon/Documents/PROYECTOS CLIENTES/SINERGIA-WEB/vendor/laravel/framework/src/Illuminate/Pipeline/Pipeline.php(219): Illuminate\\Http\\Middleware\\ValidatePathEncoding->handle(Object(Illuminate\\Http\\Request), Object(Closure))
#49 /Users/alejandroleon/Documents/PROYECTOS CLIENTES/SINERGIA-WEB/vendor/laravel/framework/src/Illuminate/Pipeline/Pipeline.php(137): Illuminate\\Pipeline\\Pipeline->Illuminate\\Pipeline\\{closure}(Object(Illuminate\\Http\\Request))
#50 /Users/alejandroleon/Documents/PROYECTOS CLIENTES/SINERGIA-WEB/vendor/laravel/framework/src/Illuminate/Foundation/Http/Kernel.php(175): Illuminate\\Pipeline\\Pipeline->then(Object(Closure))
#51 /Users/alejandroleon/Documents/PROYECTOS CLIENTES/SINERGIA-WEB/vendor/laravel/framework/src/Illuminate/Foundation/Http/Kernel.php(144): Illuminate\\Foundation\\Http\\Kernel->sendRequestThroughRouter(Object(Illuminate\\Http\\Request))
#52 /Users/alejandroleon/Documents/PROYECTOS CLIENTES/SINERGIA-WEB/vendor/laravel/framework/src/Illuminate/Foundation/Application.php(1220): Illuminate\\Foundation\\Http\\Kernel->handle(Object(Illuminate\\Http\\Request))
#53 /Users/alejandroleon/Documents/PROYECTOS CLIENTES/SINERGIA-WEB/public/index.php(17): Illuminate\\Foundation\\Application->handleRequest(Object(Illuminate\\Http\\Request))
#54 /Users/alejandroleon/Documents/PROYECTOS CLIENTES/SINERGIA-WEB/vendor/laravel/framework/src/Illuminate/Foundation/resources/server.php(23): require_once('/Users/alejandr...')
#55 {main}

[previous exception] [object] (Error(code: 0): Class \"Livewire\\Mechanisms\\ExtendBlade\\ExtendBlade\" not found at /Users/alejandroleon/Documents/PROYECTOS CLIENTES/SINERGIA-WEB/storage/framework/views/955dfe8b9f7f1af8668779189872e438.php:9)
[stacktrace]
#0 /Users/alejandroleon/Documents/PROYECTOS CLIENTES/SINERGIA-WEB/vendor/laravel/framework/src/Illuminate/Filesystem/Filesystem.php(123): require()
#1 /Users/alejandroleon/Documents/PROYECTOS CLIENTES/SINERGIA-WEB/vendor/laravel/framework/src/Illuminate/Filesystem/Filesystem.php(124): Illuminate\\Filesystem\\Filesystem::Illuminate\\Filesystem\\{closure}()
#2 /Users/alejandroleon/Documents/PROYECTOS CLIENTES/SINERGIA-WEB/vendor/laravel/framework/src/Illuminate/View/Engines/PhpEngine.php(57): Illuminate\\Filesystem\\Filesystem->getRequire('/Users/alejandr...', Array)
#3 /Users/alejandroleon/Documents/PROYECTOS CLIENTES/SINERGIA-WEB/vendor/laravel/framework/src/Illuminate/View/Engines/CompilerEngine.php(76): Illuminate\\View\\Engines\\PhpEngine->evaluatePath('/Users/alejandr...', Array)
#4 /Users/alejandroleon/Documents/PROYECTOS CLIENTES/SINERGIA-WEB/vendor/laravel/framework/src/Illuminate/View/View.php(208): Illuminate\\View\\Engines\\CompilerEngine->get('/Users/alejandr...', Array)
#5 /Users/alejandroleon/Documents/PROYECTOS CLIENTES/SINERGIA-WEB/vendor/laravel/framework/src/Illuminate/View/View.php(191): Illuminate\\View\\View->getContents()
#6 /Users/alejandroleon/Documents/PROYECTOS CLIENTES/SINERGIA-WEB/vendor/laravel/framework/src/Illuminate/View/View.php(160): Illuminate\\View\\View->renderContents()
#7 /Users/alejandroleon/Documents/PROYECTOS CLIENTES/SINERGIA-WEB/vendor/laravel/framework/src/Illuminate/Http/Response.php(78): Illuminate\\View\\View->render()
#8 /Users/alejandroleon/Documents/PROYECTOS CLIENTES/SINERGIA-WEB/vendor/laravel/framework/src/Illuminate/Http/Response.php(34): Illuminate\\Http\\Response->setContent(Object(Illuminate\\View\\View))
#9 /Users/alejandroleon/Documents/PROYECTOS CLIENTES/SINERGIA-WEB/vendor/laravel/framework/src/Illuminate/Routing/Router.php(939): Illuminate\\Http\\Response->__construct(Object(Illuminate\\View\\View), 200, Array)
#10 /Users/alejandroleon/Documents/PROYECTOS CLIENTES/SINERGIA-WEB/vendor/laravel/framework/src/Illuminate/Routing/Router.php(906): Illuminate\\Routing\\Router::toResponse(Object(Illuminate\\Http\\Request), Object(Illuminate\\View\\View))
#11 /Users/alejandroleon/Documents/PROYECTOS CLIENTES/SINERGIA-WEB/vendor/laravel/framework/src/Illuminate/Routing/Router.php(821): Illuminate\\Routing\\Router->prepareResponse(Object(Illuminate\\Http\\Request), Object(Illuminate\\View\\View))
#12 /Users/alejandroleon/Documents/PROYECTOS CLIENTES/SINERGIA-WEB/vendor/laravel/framework/src/Illuminate/Pipeline/Pipeline.php(180): Illuminate\\Routing\\Router->Illuminate\\Routing\\{closure}(Object(Illuminate\\Http\\Request))
#13 /Users/alejandroleon/Documents/PROYECTOS CLIENTES/SINERGIA-WEB/vendor/laravel/framework/src/Illuminate/Routing/Middleware/SubstituteBindings.php(50): Illuminate\\Pipeline\\Pipeline->Illuminate\\Pipeline\\{closure}(Object(Illuminate\\Http\\Request))
#14 /Users/alejandroleon/Documents/PROYECTOS CLIENTES/SINERGIA-WEB/vendor/laravel/framework/src/Illuminate/Pipeline/Pipeline.php(219): Illuminate\\Routing\\Middleware\\SubstituteBindings->handle(Object(Illuminate\\Http\\Request), Object(Closure))
#15 /Users/alejandroleon/Documents/PROYECTOS CLIENTES/SINERGIA-WEB/vendor/laravel/framework/src/Illuminate/Foundation/Http/Middleware/VerifyCsrfToken.php(87): Illuminate\\Pipeline\\Pipeline->Illuminate\\Pipeline\\{closure}(Object(Illuminate\\Http\\Request))
#16 /Users/alejandroleon/Documents/PROYECTOS CLIENTES/SINERGIA-WEB/vendor/laravel/framework/src/Illuminate/Pipeline/Pipeline.php(219): Illuminate\\Foundation\\Http\\Middleware\\VerifyCsrfToken->handle(Object(Illuminate\\Http\\Request), Object(Closure))
#17 /Users/alejandroleon/Documents/PROYECTOS CLIENTES/SINERGIA-WEB/vendor/laravel/framework/src/Illuminate/View/Middleware/ShareErrorsFromSession.php(48): Illuminate\\Pipeline\\Pipeline->Illuminate\\Pipeline\\{closure}(Object(Illuminate\\Http\\Request))
#18 /Users/alejandroleon/Documents/PROYECTOS CLIENTES/SINERGIA-WEB/vendor/laravel/framework/src/Illuminate/Pipeline/Pipeline.php(219): Illuminate\\View\\Middleware\\ShareErrorsFromSession->handle(Object(Illuminate\\Http\\Request), Object(Closure))
#19 /Users/alejandroleon/Documents/PROYECTOS CLIENTES/SINERGIA-WEB/vendor/laravel/framework/src/Illuminate/Session/Middleware/StartSession.php(120): Illuminate\\Pipeline\\Pipeline->Illuminate\\Pipeline\\{closure}(Object(Illuminate\\Http\\Request))
#20 /Users/alejandroleon/Documents/PROYECTOS CLIENTES/SINERGIA-WEB/vendor/laravel/framework/src/Illuminate/Session/Middleware/StartSession.php(63): Illuminate\\Session\\Middleware\\StartSession->handleStatefulRequest(Object(Illuminate\\Http\\Request), Object(Illuminate\\Session\\Store), Object(Closure))
#21 /Users/alejandroleon/Documents/PROYECTOS CLIENTES/SINERGIA-WEB/vendor/laravel/framework/src/Illuminate/Pipeline/Pipeline.php(219): Illuminate\\Session\\Middleware\\StartSession->handle(Object(Illuminate\\Http\\Request), Object(Closure))
#22 /Users/alejandroleon/Documents/PROYECTOS CLIENTES/SINERGIA-WEB/vendor/laravel/framework/src/Illuminate/Cookie/Middleware/AddQueuedCookiesToResponse.php(36): Illuminate\\Pipeline\\Pipeline->Illuminate\\Pipeline\\{closure}(Object(Illuminate\\Http\\Request))
#23 /Users/alejandroleon/Documents/PROYECTOS CLIENTES/SINERGIA-WEB/vendor/laravel/framework/src/Illuminate/Pipeline/Pipeline.php(219): Illuminate\\Cookie\\Middleware\\AddQueuedCookiesToResponse->handle(Object(Illuminate\\Http\\Request), Object(Closure))
#24 /Users/alejandroleon/Documents/PROYECTOS CLIENTES/SINERGIA-WEB/vendor/laravel/framework/src/Illuminate/Cookie/Middleware/EncryptCookies.php(74): Illuminate\\Pipeline\\Pipeline->Illuminate\\Pipeline\\{closure}(Object(Illuminate\\Http\\Request))
#25 /Users/alejandroleon/Documents/PROYECTOS CLIENTES/SINERGIA-WEB/vendor/laravel/framework/src/Illuminate/Pipeline/Pipeline.php(219): Illuminate\\Cookie\\Middleware\\EncryptCookies->handle(Object(Illuminate\\Http\\Request), Object(Closure))
#26 /Users/alejandroleon/Documents/PROYECTOS CLIENTES/SINERGIA-WEB/vendor/laravel/framework/src/Illuminate/Pipeline/Pipeline.php(137): Illuminate\\Pipeline\\Pipeline->Illuminate\\Pipeline\\{closure}(Object(Illuminate\\Http\\Request))
#27 /Users/alejandroleon/Documents/PROYECTOS CLIENTES/SINERGIA-WEB/vendor/laravel/framework/src/Illuminate/Routing/Router.php(821): Illuminate\\Pipeline\\Pipeline->then(Object(Closure))
#28 /Users/alejandroleon/Documents/PROYECTOS CLIENTES/SINERGIA-WEB/vendor/laravel/framework/src/Illuminate/Routing/Router.php(800): Illuminate\\Routing\\Router->runRouteWithinStack(Object(Illuminate\\Routing\\Route), Object(Illuminate\\Http\\Request))
#29 /Users/alejandroleon/Documents/PROYECTOS CLIENTES/SINERGIA-WEB/vendor/laravel/framework/src/Illuminate/Routing/Router.php(764): Illuminate\\Routing\\Router->runRoute(Object(Illuminate\\Http\\Request), Object(Illuminate\\Routing\\Route))
#30 /Users/alejandroleon/Documents/PROYECTOS CLIENTES/SINERGIA-WEB/vendor/laravel/framework/src/Illuminate/Routing/Router.php(753): Illuminate\\Routing\\Router->dispatchToRoute(Object(Illuminate\\Http\\Request))
#31 /Users/alejandroleon/Documents/PROYECTOS CLIENTES/SINERGIA-WEB/vendor/laravel/framework/src/Illuminate/Foundation/Http/Kernel.php(200): Illuminate\\Routing\\Router->dispatch(Object(Illuminate\\Http\\Request))
#32 /Users/alejandroleon/Documents/PROYECTOS CLIENTES/SINERGIA-WEB/vendor/laravel/framework/src/Illuminate/Pipeline/Pipeline.php(180): Illuminate\\Foundation\\Http\\Kernel->Illuminate\\Foundation\\Http\\{closure}(Object(Illuminate\\Http\\Request))
#33 /Users/alejandroleon/Documents/PROYECTOS CLIENTES/SINERGIA-WEB/vendor/laravel/framework/src/Illuminate/Foundation/Http/Middleware/TransformsRequest.php(21): Illuminate\\Pipeline\\Pipeline->Illuminate\\Pipeline\\{closure}(Object(Illuminate\\Http\\Request))
#34 /Users/alejandroleon/Documents/PROYECTOS CLIENTES/SINERGIA-WEB/vendor/laravel/framework/src/Illuminate/Foundation/Http/Middleware/ConvertEmptyStringsToNull.php(31): Illuminate\\Foundation\\Http\\Middleware\\TransformsRequest->handle(Object(Illuminate\\Http\\Request), Object(Closure))
#35 /Users/alejandroleon/Documents/PROYECTOS CLIENTES/SINERGIA-WEB/vendor/laravel/framework/src/Illuminate/Pipeline/Pipeline.php(219): Illuminate\\Foundation\\Http\\Middleware\\ConvertEmptyStringsToNull->handle(Object(Illuminate\\Http\\Request), Object(Closure))
#36 /Users/alejandroleon/Documents/PROYECTOS CLIENTES/SINERGIA-WEB/vendor/laravel/framework/src/Illuminate/Foundation/Http/Middleware/TransformsRequest.php(21): Illuminate\\Pipeline\\Pipeline->Illuminate\\Pipeline\\{closure}(Object(Illuminate\\Http\\Request))
#37 /Users/alejandroleon/Documents/PROYECTOS CLIENTES/SINERGIA-WEB/vendor/laravel/framework/src/Illuminate/Foundation/Http/Middleware/TrimStrings.php(51): Illuminate\\Foundation\\Http\\Middleware\\TransformsRequest->handle(Object(Illuminate\\Http\\Request), Object(Closure))
#38 /Users/alejandroleon/Documents/PROYECTOS CLIENTES/SINERGIA-WEB/vendor/laravel/framework/src/Illuminate/Pipeline/Pipeline.php(219): Illuminate\\Foundation\\Http\\Middleware\\TrimStrings->handle(Object(Illuminate\\Http\\Request), Object(Closure))
#39 /Users/alejandroleon/Documents/PROYECTOS CLIENTES/SINERGIA-WEB/vendor/laravel/framework/src/Illuminate/Http/Middleware/ValidatePostSize.php(27): Illuminate\\Pipeline\\Pipeline->Illuminate\\Pipeline\\{closure}(Object(Illuminate\\Http\\Request))
#40 /Users/alejandroleon/Documents/PROYECTOS CLIENTES/SINERGIA-WEB/vendor/laravel/framework/src/Illuminate/Pipeline/Pipeline.php(219): Illuminate\\Http\\Middleware\\ValidatePostSize->handle(Object(Illuminate\\Http\\Request), Object(Closure))
#41 /Users/alejandroleon/Documents/PROYECTOS CLIENTES/SINERGIA-WEB/vendor/laravel/framework/src/Illuminate/Foundation/Http/Middleware/PreventRequestsDuringMaintenance.php(109): Illuminate\\Pipeline\\Pipeline->Illuminate\\Pipeline\\{closure}(Object(Illuminate\\Http\\Request))
#42 /Users/alejandroleon/Documents/PROYECTOS CLIENTES/SINERGIA-WEB/vendor/laravel/framework/src/Illuminate/Pipeline/Pipeline.php(219): Illuminate\\Foundation\\Http\\Middleware\\PreventRequestsDuringMaintenance->handle(Object(Illuminate\\Http\\Request), Object(Closure))
#43 /Users/alejandroleon/Documents/PROYECTOS CLIENTES/SINERGIA-WEB/vendor/laravel/framework/src/Illuminate/Http/Middleware/HandleCors.php(61): Illuminate\\Pipeline\\Pipeline->Illuminate\\Pipeline\\{closure}(Object(Illuminate\\Http\\Request))
#44 /Users/alejandroleon/Documents/PROYECTOS CLIENTES/SINERGIA-WEB/vendor/laravel/framework/src/Illuminate/Pipeline/Pipeline.php(219): Illuminate\\Http\\Middleware\\HandleCors->handle(Object(Illuminate\\Http\\Request), Object(Closure))
#45 /Users/alejandroleon/Documents/PROYECTOS CLIENTES/SINERGIA-WEB/vendor/laravel/framework/src/Illuminate/Http/Middleware/TrustProxies.php(58): Illuminate\\Pipeline\\Pipeline->Illuminate\\Pipeline\\{closure}(Object(Illuminate\\Http\\Request))
#46 /Users/alejandroleon/Documents/PROYECTOS CLIENTES/SINERGIA-WEB/vendor/laravel/framework/src/Illuminate/Pipeline/Pipeline.php(219): Illuminate\\Http\\Middleware\\TrustProxies->handle(Object(Illuminate\\Http\\Request), Object(Closure))
#47 /Users/alejandroleon/Documents/PROYECTOS CLIENTES/SINERGIA-WEB/vendor/laravel/framework/src/Illuminate/Foundation/Http/Middleware/InvokeDeferredCallbacks.php(22): Illuminate\\Pipeline\\Pipeline->Illuminate\\Pipeline\\{closure}(Object(Illuminate\\Http\\Request))
#48 /Users/alejandroleon/Documents/PROYECTOS CLIENTES/SINERGIA-WEB/vendor/laravel/framework/src/Illuminate/Pipeline/Pipeline.php(219): Illuminate\\Foundation\\Http\\Middleware\\InvokeDeferredCallbacks->handle(Object(Illuminate\\Http\\Request), Object(Closure))
#49 /Users/alejandroleon/Documents/PROYECTOS CLIENTES/SINERGIA-WEB/vendor/laravel/framework/src/Illuminate/Http/Middleware/ValidatePathEncoding.php(26): Illuminate\\Pipeline\\Pipeline->Illuminate\\Pipeline\\{closure}(Object(Illuminate\\Http\\Request))
#50 /Users/alejandroleon/Documents/PROYECTOS CLIENTES/SINERGIA-WEB/vendor/laravel/framework/src/Illuminate/Pipeline/Pipeline.php(219): Illuminate\\Http\\Middleware\\ValidatePathEncoding->handle(Object(Illuminate\\Http\\Request), Object(Closure))
#51 /Users/alejandroleon/Documents/PROYECTOS CLIENTES/SINERGIA-WEB/vendor/laravel/framework/src/Illuminate/Pipeline/Pipeline.php(137): Illuminate\\Pipeline\\Pipeline->Illuminate\\Pipeline\\{closure}(Object(Illuminate\\Http\\Request))
#52 /Users/alejandroleon/Documents/PROYECTOS CLIENTES/SINERGIA-WEB/vendor/laravel/framework/src/Illuminate/Foundation/Http/Kernel.php(175): Illuminate\\Pipeline\\Pipeline->then(Object(Closure))
#53 /Users/alejandroleon/Documents/PROYECTOS CLIENTES/SINERGIA-WEB/vendor/laravel/framework/src/Illuminate/Foundation/Http/Kernel.php(144): Illuminate\\Foundation\\Http\\Kernel->sendRequestThroughRouter(Object(Illuminate\\Http\\Request))
#54 /Users/alejandroleon/Documents/PROYECTOS CLIENTES/SINERGIA-WEB/vendor/laravel/framework/src/Illuminate/Foundation/Application.php(1220): Illuminate\\Foundation\\Http\\Kernel->handle(Object(Illuminate\\Http\\Request))
#55 /Users/alejandroleon/Documents/PROYECTOS CLIENTES/SINERGIA-WEB/public/index.php(17): Illuminate\\Foundation\\Application->handleRequest(Object(Illuminate\\Http\\Request))
#56 /Users/alejandroleon/Documents/PROYECTOS CLIENTES/SINERGIA-WEB/vendor/laravel/framework/src/Illuminate/Foundation/resources/server.php(23): require_once('/Users/alejandr...')
#57 {main}
"} 
[2026-06-04 01:02:43] local.ERROR: Class "Livewire\Mechanisms\ExtendBlade\ExtendBlade" not found (View: /Users/alejandroleon/Documents/PROYECTOS CLIENTES/SINERGIA-WEB/resources/views/pages/home.blade.php) {"userId":1,"exception":"[object] (Illuminate\\View\\ViewException(code: 0): Class \"Livewire\\Mechanisms\\ExtendBlade\\ExtendBlade\" not found (View: /Users/alejandroleon/Documents/PROYECTOS CLIENTES/SINERGIA-WEB/resources/views/pages/home.blade.php) at /Users/alejandroleon/Documents/PROYECTOS CLIENTES/SINERGIA-WEB/storage/framework/views/955dfe8b9f7f1af8668779189872e438.php:9)
[stacktrace]
#0 /Users/alejandroleon/Documents/PROYECTOS CLIENTES/SINERGIA-WEB/vendor/laravel/framework/src/Illuminate/View/Engines/PhpEngine.php(59): Illuminate\\View\\Engines\\CompilerEngine->handleViewException(Object(Error), 1)
#1 /Users/alejandroleon/Documents/PROYECTOS CLIENTES/SINERGIA-WEB/vendor/laravel/framework/src/Illuminate/View/Engines/CompilerEngine.php(76): Illuminate\\View\\Engines\\PhpEngine->evaluatePath('/Users/alejandr...', Array)
#2 /Users/alejandroleon/Documents/PROYECTOS CLIENTES/SINERGIA-WEB/vendor/laravel/framework/src/Illuminate/View/View.php(208): Illuminate\\View\\Engines\\CompilerEngine->get('/Users/alejandr...', Array)
#3 /Users/alejandroleon/Documents/PROYECTOS CLIENTES/SINERGIA-WEB/vendor/laravel/framework/src/Illuminate/View/View.php(191): Illuminate\\View\\View->getContents()
#4 /Users/alejandroleon/Documents/PROYECTOS CLIENTES/SINERGIA-WEB/vendor/laravel/framework/src/Illuminate/View/View.php(160): Illuminate\\View\\View->renderContents()
#5 /Users/alejandroleon/Documents/PROYECTOS CLIENTES/SINERGIA-WEB/vendor/laravel/framework/src/Illuminate/Http/Response.php(78): Illuminate\\View\\View->render()
#6 /Users/alejandroleon/Documents/PROYECTOS CLIENTES/SINERGIA-WEB/vendor/laravel/framework/src/Illuminate/Http/Response.php(34): Illuminate\\Http\\Response->setContent(Object(Illuminate\\View\\View))
#7 /Users/alejandroleon/Documents/PROYECTOS CLIENTES/SINERGIA-WEB/vendor/laravel/framework/src/Illuminate/Routing/Router.php(939): Illuminate\\Http\\Response->__construct(Object(Illuminate\\View\\View), 200, Array)
#8 /Users/alejandroleon/Documents/PROYECTOS CLIENTES/SINERGIA-WEB/vendor/laravel/framework/src/Illuminate/Routing/Router.php(906): Illuminate\\Routing\\Router::toResponse(Object(Illuminate\\Http\\Request), Object(Illuminate\\View\\View))
#9 /Users/alejandroleon/Documents/PROYECTOS CLIENTES/SINERGIA-WEB/vendor/laravel/framework/src/Illuminate/Routing/Router.php(821): Illuminate\\Routing\\Router->prepareResponse(Object(Illuminate\\Http\\Request), Object(Illuminate\\View\\View))
#10 /Users/alejandroleon/Documents/PROYECTOS CLIENTES/SINERGIA-WEB/vendor/laravel/framework/src/Illuminate/Pipeline/Pipeline.php(180): Illuminate\\Routing\\Router->Illuminate\\Routing\\{closure}(Object(Illuminate\\Http\\Request))
#11 /Users/alejandroleon/Documents/PROYECTOS CLIENTES/SINERGIA-WEB/vendor/laravel/framework/src/Illuminate/Routing/Middleware/SubstituteBindings.php(50): Illuminate\\Pipeline\\Pipeline->Illuminate\\Pipeline\\{closure}(Object(Illuminate\\Http\\Request))
#12 /Users/alejandroleon/Documents/PROYECTOS CLIENTES/SINERGIA-WEB/vendor/laravel/framework/src/Illuminate/Pipeline/Pipeline.php(219): Illuminate\\Routing\\Middleware\\SubstituteBindings->handle(Object(Illuminate\\Http\\Request), Object(Closure))
#13 /Users/alejandroleon/Documents/PROYECTOS CLIENTES/SINERGIA-WEB/vendor/laravel/framework/src/Illuminate/Foundation/Http/Middleware/VerifyCsrfToken.php(87): Illuminate\\Pipeline\\Pipeline->Illuminate\\Pipeline\\{closure}(Object(Illuminate\\Http\\Request))
#14 /Users/alejandroleon/Documents/PROYECTOS CLIENTES/SINERGIA-WEB/vendor/laravel/framework/src/Illuminate/Pipeline/Pipeline.php(219): Illuminate\\Foundation\\Http\\Middleware\\VerifyCsrfToken->handle(Object(Illuminate\\Http\\Request), Object(Closure))
#15 /Users/alejandroleon/Documents/PROYECTOS CLIENTES/SINERGIA-WEB/vendor/laravel/framework/src/Illuminate/View/Middleware/ShareErrorsFromSession.php(48): Illuminate\\Pipeline\\Pipeline->Illuminate\\Pipeline\\{closure}(Object(Illuminate\\Http\\Request))
#16 /Users/alejandroleon/Documents/PROYECTOS CLIENTES/SINERGIA-WEB/vendor/laravel/framework/src/Illuminate/Pipeline/Pipeline.php(219): Illuminate\\View\\Middleware\\ShareErrorsFromSession->handle(Object(Illuminate\\Http\\Request), Object(Closure))
#17 /Users/alejandroleon/Documents/PROYECTOS CLIENTES/SINERGIA-WEB/vendor/laravel/framework/src/Illuminate/Session/Middleware/StartSession.php(120): Illuminate\\Pipeline\\Pipeline->Illuminate\\Pipeline\\{closure}(Object(Illuminate\\Http\\Request))
#18 /Users/alejandroleon/Documents/PROYECTOS CLIENTES/SINERGIA-WEB/vendor/laravel/framework/src/Illuminate/Session/Middleware/StartSession.php(63): Illuminate\\Session\\Middleware\\StartSession->handleStatefulRequest(Object(Illuminate\\Http\\Request), Object(Illuminate\\Session\\Store), Object(Closure))
#19 /Users/alejandroleon/Documents/PROYECTOS CLIENTES/SINERGIA-WEB/vendor/laravel/framework/src/Illuminate/Pipeline/Pipeline.php(219): Illuminate\\Session\\Middleware\\StartSession->handle(Object(Illuminate\\Http\\Request), Object(Closure))
#20 /Users/alejandroleon/Documents/PROYECTOS CLIENTES/SINERGIA-WEB/vendor/laravel/framework/src/Illuminate/Cookie/Middleware/AddQueuedCookiesToResponse.php(36): Illuminate\\Pipeline\\Pipeline->Illuminate\\Pipeline\\{closure}(Object(Illuminate\\Http\\Request))
#21 /Users/alejandroleon/Documents/PROYECTOS CLIENTES/SINERGIA-WEB/vendor/laravel/framework/src/Illuminate/Pipeline/Pipeline.php(219): Illuminate\\Cookie\\Middleware\\AddQueuedCookiesToResponse->handle(Object(Illuminate\\Http\\Request), Object(Closure))
#22 /Users/alejandroleon/Documents/PROYECTOS CLIENTES/SINERGIA-WEB/vendor/laravel/framework/src/Illuminate/Cookie/Middleware/EncryptCookies.php(74): Illuminate\\Pipeline\\Pipeline->Illuminate\\Pipeline\\{closure}(Object(Illuminate\\Http\\Request))
#23 /Users/alejandroleon/Documents/PROYECTOS CLIENTES/SINERGIA-WEB/vendor/laravel/framework/src/Illuminate/Pipeline/Pipeline.php(219): Illuminate\\Cookie\\Middleware\\EncryptCookies->handle(Object(Illuminate\\Http\\Request), Object(Closure))
#24 /Users/alejandroleon/Documents/PROYECTOS CLIENTES/SINERGIA-WEB/vendor/laravel/framework/src/Illuminate/Pipeline/Pipeline.php(137): Illuminate\\Pipeline\\Pipeline->Illuminate\\Pipeline\\{closure}(Object(Illuminate\\Http\\Request))
#25 /Users/alejandroleon/Documents/PROYECTOS CLIENTES/SINERGIA-WEB/vendor/laravel/framework/src/Illuminate/Routing/Router.php(821): Illuminate\\Pipeline\\Pipeline->then(Object(Closure))
#26 /Users/alejandroleon/Documents/PROYECTOS CLIENTES/SINERGIA-WEB/vendor/laravel/framework/src/Illuminate/Routing/Router.php(800): Illuminate\\Routing\\Router->runRouteWithinStack(Object(Illuminate\\Routing\\Route), Object(Illuminate\\Http\\Request))
#27 /Users/alejandroleon/Documents/PROYECTOS CLIENTES/SINERGIA-WEB/vendor/laravel/framework/src/Illuminate/Routing/Router.php(764): Illuminate\\Routing\\Router->runRoute(Object(Illuminate\\Http\\Request), Object(Illuminate\\Routing\\Route))
#28 /Users/alejandroleon/Documents/PROYECTOS CLIENTES/SINERGIA-WEB/vendor/laravel/framework/src/Illuminate/Routing/Router.php(753): Illuminate\\Routing\\Router->dispatchToRoute(Object(Illuminate\\Http\\Request))
#29 /Users/alejandroleon/Documents/PROYECTOS CLIENTES/SINERGIA-WEB/vendor/laravel/framework/src/Illuminate/Foundation/Http/Kernel.php(200): Illuminate\\Routing\\Router->dispatch(Object(Illuminate\\Http\\Request))
#30 /Users/alejandroleon/Documents/PROYECTOS CLIENTES/SINERGIA-WEB/vendor/laravel/framework/src/Illuminate/Pipeline/Pipeline.php(180): Illuminate\\Foundation\\Http\\Kernel->Illuminate\\Foundation\\Http\\{closure}(Object(Illuminate\\Http\\Request))
#31 /Users/alejandroleon/Documents/PROYECTOS CLIENTES/SINERGIA-WEB/vendor/laravel/framework/src/Illuminate/Foundation/Http/Middleware/TransformsRequest.php(21): Illuminate\\Pipeline\\Pipeline->Illuminate\\Pipeline\\{closure}(Object(Illuminate\\Http\\Request))
#32 /Users/alejandroleon/Documents/PROYECTOS CLIENTES/SINERGIA-WEB/vendor/laravel/framework/src/Illuminate/Foundation/Http/Middleware/ConvertEmptyStringsToNull.php(31): Illuminate\\Foundation\\Http\\Middleware\\TransformsRequest->handle(Object(Illuminate\\Http\\Request), Object(Closure))
#33 /Users/alejandroleon/Documents/PROYECTOS CLIENTES/SINERGIA-WEB/vendor/laravel/framework/src/Illuminate/Pipeline/Pipeline.php(219): Illuminate\\Foundation\\Http\\Middleware\\ConvertEmptyStringsToNull->handle(Object(Illuminate\\Http\\Request), Object(Closure))
#34 /Users/alejandroleon/Documents/PROYECTOS CLIENTES/SINERGIA-WEB/vendor/laravel/framework/src/Illuminate/Foundation/Http/Middleware/TransformsRequest.php(21): Illuminate\\Pipeline\\Pipeline->Illuminate\\Pipeline\\{closure}(Object(Illuminate\\Http\\Request))
#35 /Users/alejandroleon/Documents/PROYECTOS CLIENTES/SINERGIA-WEB/vendor/laravel/framework/src/Illuminate/Foundation/Http/Middleware/TrimStrings.php(51): Illuminate\\Foundation\\Http\\Middleware\\TransformsRequest->handle(Object(Illuminate\\Http\\Request), Object(Closure))
#36 /Users/alejandroleon/Documents/PROYECTOS CLIENTES/SINERGIA-WEB/vendor/laravel/framework/src/Illuminate/Pipeline/Pipeline.php(219): Illuminate\\Foundation\\Http\\Middleware\\TrimStrings->handle(Object(Illuminate\\Http\\Request), Object(Closure))
#37 /Users/alejandroleon/Documents/PROYECTOS CLIENTES/SINERGIA-WEB/vendor/laravel/framework/src/Illuminate/Http/Middleware/ValidatePostSize.php(27): Illuminate\\Pipeline\\Pipeline->Illuminate\\Pipeline\\{closure}(Object(Illuminate\\Http\\Request))
#38 /Users/alejandroleon/Documents/PROYECTOS CLIENTES/SINERGIA-WEB/vendor/laravel/framework/src/Illuminate/Pipeline/Pipeline.php(219): Illuminate\\Http\\Middleware\\ValidatePostSize->handle(Object(Illuminate\\Http\\Request), Object(Closure))
#39 /Users/alejandroleon/Documents/PROYECTOS CLIENTES/SINERGIA-WEB/vendor/laravel/framework/src/Illuminate/Foundation/Http/Middleware/PreventRequestsDuringMaintenance.php(109): Illuminate\\Pipeline\\Pipeline->Illuminate\\Pipeline\\{closure}(Object(Illuminate\\Http\\Request))
#40 /Users/alejandroleon/Documents/PROYECTOS CLIENTES/SINERGIA-WEB/vendor/laravel/framework/src/Illuminate/Pipeline/Pipeline.php(219): Illuminate\\Foundation\\Http\\Middleware\\PreventRequestsDuringMaintenance->handle(Object(Illuminate\\Http\\Request), Object(Closure))
#41 /Users/alejandroleon/Documents/PROYECTOS CLIENTES/SINERGIA-WEB/vendor/laravel/framework/src/Illuminate/Http/Middleware/HandleCors.php(61): Illuminate\\Pipeline\\Pipeline->Illuminate\\Pipeline\\{closure}(Object(Illuminate\\Http\\Request))
#42 /Users/alejandroleon/Documents/PROYECTOS CLIENTES/SINERGIA-WEB/vendor/laravel/framework/src/Illuminate/Pipeline/Pipeline.php(219): Illuminate\\Http\\Middleware\\HandleCors->handle(Object(Illuminate\\Http\\Request), Object(Closure))
#43 /Users/alejandroleon/Documents/PROYECTOS CLIENTES/SINERGIA-WEB/vendor/laravel/framework/src/Illuminate/Http/Middleware/TrustProxies.php(58): Illuminate\\Pipeline\\Pipeline->Illuminate\\Pipeline\\{closure}(Object(Illuminate\\Http\\Request))
#44 /Users/alejandroleon/Documents/PROYECTOS CLIENTES/SINERGIA-WEB/vendor/laravel/framework/src/Illuminate/Pipeline/Pipeline.php(219): Illuminate\\Http\\Middleware\\TrustProxies->handle(Object(Illuminate\\Http\\Request), Object(Closure))
#45 /Users/alejandroleon/Documents/PROYECTOS CLIENTES/SINERGIA-WEB/vendor/laravel/framework/src/Illuminate/Foundation/Http/Middleware/InvokeDeferredCallbacks.php(22): Illuminate\\Pipeline\\Pipeline->Illuminate\\Pipeline\\{closure}(Object(Illuminate\\Http\\Request))
#46 /Users/alejandroleon/Documents/PROYECTOS CLIENTES/SINERGIA-WEB/vendor/laravel/framework/src/Illuminate/Pipeline/Pipeline.php(219): Illuminate\\Foundation\\Http\\Middleware\\InvokeDeferredCallbacks->handle(Object(Illuminate\\Http\\Request), Object(Closure))
#47 /Users/alejandroleon/Documents/PROYECTOS CLIENTES/SINERGIA-WEB/vendor/laravel/framework/src/Illuminate/Http/Middleware/ValidatePathEncoding.php(26): Illuminate\\Pipeline\\Pipeline->Illuminate\\Pipeline\\{closure}(Object(Illuminate\\Http\\Request))
#48 /Users/alejandroleon/Documents/PROYECTOS CLIENTES/SINERGIA-WEB/vendor/laravel/framework/src/Illuminate/Pipeline/Pipeline.php(219): Illuminate\\Http\\Middleware\\ValidatePathEncoding->handle(Object(Illuminate\\Http\\Request), Object(Closure))
#49 /Users/alejandroleon/Documents/PROYECTOS CLIENTES/SINERGIA-WEB/vendor/laravel/framework/src/Illuminate/Pipeline/Pipeline.php(137): Illuminate\\Pipeline\\Pipeline->Illuminate\\Pipeline\\{closure}(Object(Illuminate\\Http\\Request))
#50 /Users/alejandroleon/Documents/PROYECTOS CLIENTES/SINERGIA-WEB/vendor/laravel/framework/src/Illuminate/Foundation/Http/Kernel.php(175): Illuminate\\Pipeline\\Pipeline->then(Object(Closure))
#51 /Users/alejandroleon/Documents/PROYECTOS CLIENTES/SINERGIA-WEB/vendor/laravel/framework/src/Illuminate/Foundation/Http/Kernel.php(144): Illuminate\\Foundation\\Http\\Kernel->sendRequestThroughRouter(Object(Illuminate\\Http\\Request))
#52 /Users/alejandroleon/Documents/PROYECTOS CLIENTES/SINERGIA-WEB/vendor/laravel/framework/src/Illuminate/Foundation/Application.php(1220): Illuminate\\Foundation\\Http\\Kernel->handle(Object(Illuminate\\Http\\Request))
#53 /Users/alejandroleon/Documents/PROYECTOS CLIENTES/SINERGIA-WEB/public/index.php(17): Illuminate\\Foundation\\Application->handleRequest(Object(Illuminate\\Http\\Request))
#54 /Users/alejandroleon/Documents/PROYECTOS CLIENTES/SINERGIA-WEB/vendor/laravel/framework/src/Illuminate/Foundation/resources/server.php(23): require_once('/Users/alejandr...')
#55 {main}

[previous exception] [object] (Error(code: 0): Class \"Livewire\\Mechanisms\\ExtendBlade\\ExtendBlade\" not found at /Users/alejandroleon/Documents/PROYECTOS CLIENTES/SINERGIA-WEB/storage/framework/views/955dfe8b9f7f1af8668779189872e438.php:9)
[stacktrace]
#0 /Users/alejandroleon/Documents/PROYECTOS CLIENTES/SINERGIA-WEB/vendor/laravel/framework/src/Illuminate/Filesystem/Filesystem.php(123): require()
#1 /Users/alejandroleon/Documents/PROYECTOS CLIENTES/SINERGIA-WEB/vendor/laravel/framework/src/Illuminate/Filesystem/Filesystem.php(124): Illuminate\\Filesystem\\Filesystem::Illuminate\\Filesystem\\{closure}()
#2 /Users/alejandroleon/Documents/PROYECTOS CLIENTES/SINERGIA-WEB/vendor/laravel/framework/src/Illuminate/View/Engines/PhpEngine.php(57): Illuminate\\Filesystem\\Filesystem->getRequire('/Users/alejandr...', Array)
#3 /Users/alejandroleon/Documents/PROYECTOS CLIENTES/SINERGIA-WEB/vendor/laravel/framework/src/Illuminate/View/Engines/CompilerEngine.php(76): Illuminate\\View\\Engines\\PhpEngine->evaluatePath('/Users/alejandr...', Array)
#4 /Users/alejandroleon/Documents/PROYECTOS CLIENTES/SINERGIA-WEB/vendor/laravel/framework/src/Illuminate/View/View.php(208): Illuminate\\View\\Engines\\CompilerEngine->get('/Users/alejandr...', Array)
#5 /Users/alejandroleon/Documents/PROYECTOS CLIENTES/SINERGIA-WEB/vendor/laravel/framework/src/Illuminate/View/View.php(191): Illuminate\\View\\View->getContents()
#6 /Users/alejandroleon/Documents/PROYECTOS CLIENTES/SINERGIA-WEB/vendor/laravel/framework/src/Illuminate/View/View.php(160): Illuminate\\View\\View->renderContents()
#7 /Users/alejandroleon/Documents/PROYECTOS CLIENTES/SINERGIA-WEB/vendor/laravel/framework/src/Illuminate/Http/Response.php(78): Illuminate\\View\\View->render()
#8 /Users/alejandroleon/Documents/PROYECTOS CLIENTES/SINERGIA-WEB/vendor/laravel/framework/src/Illuminate/Http/Response.php(34): Illuminate\\Http\\Response->setContent(Object(Illuminate\\View\\View))
#9 /Users/alejandroleon/Documents/PROYECTOS CLIENTES/SINERGIA-WEB/vendor/laravel/framework/src/Illuminate/Routing/Router.php(939): Illuminate\\Http\\Response->__construct(Object(Illuminate\\View\\View), 200, Array)
#10 /Users/alejandroleon/Documents/PROYECTOS CLIENTES/SINERGIA-WEB/vendor/laravel/framework/src/Illuminate/Routing/Router.php(906): Illuminate\\Routing\\Router::toResponse(Object(Illuminate\\Http\\Request), Object(Illuminate\\View\\View))
#11 /Users/alejandroleon/Documents/PROYECTOS CLIENTES/SINERGIA-WEB/vendor/laravel/framework/src/Illuminate/Routing/Router.php(821): Illuminate\\Routing\\Router->prepareResponse(Object(Illuminate\\Http\\Request), Object(Illuminate\\View\\View))
#12 /Users/alejandroleon/Documents/PROYECTOS CLIENTES/SINERGIA-WEB/vendor/laravel/framework/src/Illuminate/Pipeline/Pipeline.php(180): Illuminate\\Routing\\Router->Illuminate\\Routing\\{closure}(Object(Illuminate\\Http\\Request))
#13 /Users/alejandroleon/Documents/PROYECTOS CLIENTES/SINERGIA-WEB/vendor/laravel/framework/src/Illuminate/Routing/Middleware/SubstituteBindings.php(50): Illuminate\\Pipeline\\Pipeline->Illuminate\\Pipeline\\{closure}(Object(Illuminate\\Http\\Request))
#14 /Users/alejandroleon/Documents/PROYECTOS CLIENTES/SINERGIA-WEB/vendor/laravel/framework/src/Illuminate/Pipeline/Pipeline.php(219): Illuminate\\Routing\\Middleware\\SubstituteBindings->handle(Object(Illuminate\\Http\\Request), Object(Closure))
#15 /Users/alejandroleon/Documents/PROYECTOS CLIENTES/SINERGIA-WEB/vendor/laravel/framework/src/Illuminate/Foundation/Http/Middleware/VerifyCsrfToken.php(87): Illuminate\\Pipeline\\Pipeline->Illuminate\\Pipeline\\{closure}(Object(Illuminate\\Http\\Request))
#16 /Users/alejandroleon/Documents/PROYECTOS CLIENTES/SINERGIA-WEB/vendor/laravel/framework/src/Illuminate/Pipeline/Pipeline.php(219): Illuminate\\Foundation\\Http\\Middleware\\VerifyCsrfToken->handle(Object(Illuminate\\Http\\Request), Object(Closure))
#17 /Users/alejandroleon/Documents/PROYECTOS CLIENTES/SINERGIA-WEB/vendor/laravel/framework/src/Illuminate/View/Middleware/ShareErrorsFromSession.php(48): Illuminate\\Pipeline\\Pipeline->Illuminate\\Pipeline\\{closure}(Object(Illuminate\\Http\\Request))
#18 /Users/alejandroleon/Documents/PROYECTOS CLIENTES/SINERGIA-WEB/vendor/laravel/framework/src/Illuminate/Pipeline/Pipeline.php(219): Illuminate\\View\\Middleware\\ShareErrorsFromSession->handle(Object(Illuminate\\Http\\Request), Object(Closure))
#19 /Users/alejandroleon/Documents/PROYECTOS CLIENTES/SINERGIA-WEB/vendor/laravel/framework/src/Illuminate/Session/Middleware/StartSession.php(120): Illuminate\\Pipeline\\Pipeline->Illuminate\\Pipeline\\{closure}(Object(Illuminate\\Http\\Request))
#20 /Users/alejandroleon/Documents/PROYECTOS CLIENTES/SINERGIA-WEB/vendor/laravel/framework/src/Illuminate/Session/Middleware/StartSession.php(63): Illuminate\\Session\\Middleware\\StartSession->handleStatefulRequest(Object(Illuminate\\Http\\Request), Object(Illuminate\\Session\\Store), Object(Closure))
#21 /Users/alejandroleon/Documents/PROYECTOS CLIENTES/SINERGIA-WEB/vendor/laravel/framework/src/Illuminate/Pipeline/Pipeline.php(219): Illuminate\\Session\\Middleware\\StartSession->handle(Object(Illuminate\\Http\\Request), Object(Closure))
#22 /Users/alejandroleon/Documents/PROYECTOS CLIENTES/SINERGIA-WEB/vendor/laravel/framework/src/Illuminate/Cookie/Middleware/AddQueuedCookiesToResponse.php(36): Illuminate\\Pipeline\\Pipeline->Illuminate\\Pipeline\\{closure}(Object(Illuminate\\Http\\Request))
#23 /Users/alejandroleon/Documents/PROYECTOS CLIENTES/SINERGIA-WEB/vendor/laravel/framework/src/Illuminate/Pipeline/Pipeline.php(219): Illuminate\\Cookie\\Middleware\\AddQueuedCookiesToResponse->handle(Object(Illuminate\\Http\\Request), Object(Closure))
#24 /Users/alejandroleon/Documents/PROYECTOS CLIENTES/SINERGIA-WEB/vendor/laravel/framework/src/Illuminate/Cookie/Middleware/EncryptCookies.php(74): Illuminate\\Pipeline\\Pipeline->Illuminate\\Pipeline\\{closure}(Object(Illuminate\\Http\\Request))
#25 /Users/alejandroleon/Documents/PROYECTOS CLIENTES/SINERGIA-WEB/vendor/laravel/framework/src/Illuminate/Pipeline/Pipeline.php(219): Illuminate\\Cookie\\Middleware\\EncryptCookies->handle(Object(Illuminate\\Http\\Request), Object(Closure))
#26 /Users/alejandroleon/Documents/PROYECTOS CLIENTES/SINERGIA-WEB/vendor/laravel/framework/src/Illuminate/Pipeline/Pipeline.php(137): Illuminate\\Pipeline\\Pipeline->Illuminate\\Pipeline\\{closure}(Object(Illuminate\\Http\\Request))
#27 /Users/alejandroleon/Documents/PROYECTOS CLIENTES/SINERGIA-WEB/vendor/laravel/framework/src/Illuminate/Routing/Router.php(821): Illuminate\\Pipeline\\Pipeline->then(Object(Closure))
#28 /Users/alejandroleon/Documents/PROYECTOS CLIENTES/SINERGIA-WEB/vendor/laravel/framework/src/Illuminate/Routing/Router.php(800): Illuminate\\Routing\\Router->runRouteWithinStack(Object(Illuminate\\Routing\\Route), Object(Illuminate\\Http\\Request))
#29 /Users/alejandroleon/Documents/PROYECTOS CLIENTES/SINERGIA-WEB/vendor/laravel/framework/src/Illuminate/Routing/Router.php(764): Illuminate\\Routing\\Router->runRoute(Object(Illuminate\\Http\\Request), Object(Illuminate\\Routing\\Route))
#30 /Users/alejandroleon/Documents/PROYECTOS CLIENTES/SINERGIA-WEB/vendor/laravel/framework/src/Illuminate/Routing/Router.php(753): Illuminate\\Routing\\Router->dispatchToRoute(Object(Illuminate\\Http\\Request))
#31 /Users/alejandroleon/Documents/PROYECTOS CLIENTES/SINERGIA-WEB/vendor/laravel/framework/src/Illuminate/Foundation/Http/Kernel.php(200): Illuminate\\Routing\\Router->dispatch(Object(Illuminate\\Http\\Request))
#32 /Users/alejandroleon/Documents/PROYECTOS CLIENTES/SINERGIA-WEB/vendor/laravel/framework/src/Illuminate/Pipeline/Pipeline.php(180): Illuminate\\Foundation\\Http\\Kernel->Illuminate\\Foundation\\Http\\{closure}(Object(Illuminate\\Http\\Request))
#33 /Users/alejandroleon/Documents/PROYECTOS CLIENTES/SINERGIA-WEB/vendor/laravel/framework/src/Illuminate/Foundation/Http/Middleware/TransformsRequest.php(21): Illuminate\\Pipeline\\Pipeline->Illuminate\\Pipeline\\{closure}(Object(Illuminate\\Http\\Request))
#34 /Users/alejandroleon/Documents/PROYECTOS CLIENTES/SINERGIA-WEB/vendor/laravel/framework/src/Illuminate/Foundation/Http/Middleware/ConvertEmptyStringsToNull.php(31): Illuminate\\Foundation\\Http\\Middleware\\TransformsRequest->handle(Object(Illuminate\\Http\\Request), Object(Closure))
#35 /Users/alejandroleon/Documents/PROYECTOS CLIENTES/SINERGIA-WEB/vendor/laravel/framework/src/Illuminate/Pipeline/Pipeline.php(219): Illuminate\\Foundation\\Http\\Middleware\\ConvertEmptyStringsToNull->handle(Object(Illuminate\\Http\\Request), Object(Closure))
#36 /Users/alejandroleon/Documents/PROYECTOS CLIENTES/SINERGIA-WEB/vendor/laravel/framework/src/Illuminate/Foundation/Http/Middleware/TransformsRequest.php(21): Illuminate\\Pipeline\\Pipeline->Illuminate\\Pipeline\\{closure}(Object(Illuminate\\Http\\Request))
#37 /Users/alejandroleon/Documents/PROYECTOS CLIENTES/SINERGIA-WEB/vendor/laravel/framework/src/Illuminate/Foundation/Http/Middleware/TrimStrings.php(51): Illuminate\\Foundation\\Http\\Middleware\\TransformsRequest->handle(Object(Illuminate\\Http\\Request), Object(Closure))
#38 /Users/alejandroleon/Documents/PROYECTOS CLIENTES/SINERGIA-WEB/vendor/laravel/framework/src/Illuminate/Pipeline/Pipeline.php(219): Illuminate\\Foundation\\Http\\Middleware\\TrimStrings->handle(Object(Illuminate\\Http\\Request), Object(Closure))
#39 /Users/alejandroleon/Documents/PROYECTOS CLIENTES/SINERGIA-WEB/vendor/laravel/framework/src/Illuminate/Http/Middleware/ValidatePostSize.php(27): Illuminate\\Pipeline\\Pipeline->Illuminate\\Pipeline\\{closure}(Object(Illuminate\\Http\\Request))
#40 /Users/alejandroleon/Documents/PROYECTOS CLIENTES/SINERGIA-WEB/vendor/laravel/framework/src/Illuminate/Pipeline/Pipeline.php(219): Illuminate\\Http\\Middleware\\ValidatePostSize->handle(Object(Illuminate\\Http\\Request), Object(Closure))
#41 /Users/alejandroleon/Documents/PROYECTOS CLIENTES/SINERGIA-WEB/vendor/laravel/framework/src/Illuminate/Foundation/Http/Middleware/PreventRequestsDuringMaintenance.php(109): Illuminate\\Pipeline\\Pipeline->Illuminate\\Pipeline\\{closure}(Object(Illuminate\\Http\\Request))
#42 /Users/alejandroleon/Documents/PROYECTOS CLIENTES/SINERGIA-WEB/vendor/laravel/framework/src/Illuminate/Pipeline/Pipeline.php(219): Illuminate\\Foundation\\Http\\Middleware\\PreventRequestsDuringMaintenance->handle(Object(Illuminate\\Http\\Request), Object(Closure))
#43 /Users/alejandroleon/Documents/PROYECTOS CLIENTES/SINERGIA-WEB/vendor/laravel/framework/src/Illuminate/Http/Middleware/HandleCors.php(61): Illuminate\\Pipeline\\Pipeline->Illuminate\\Pipeline\\{closure}(Object(Illuminate\\Http\\Request))
#44 /Users/alejandroleon/Documents/PROYECTOS CLIENTES/SINERGIA-WEB/vendor/laravel/framework/src/Illuminate/Pipeline/Pipeline.php(219): Illuminate\\Http\\Middleware\\HandleCors->handle(Object(Illuminate\\Http\\Request), Object(Closure))
#45 /Users/alejandroleon/Documents/PROYECTOS CLIENTES/SINERGIA-WEB/vendor/laravel/framework/src/Illuminate/Http/Middleware/TrustProxies.php(58): Illuminate\\Pipeline\\Pipeline->Illuminate\\Pipeline\\{closure}(Object(Illuminate\\Http\\Request))
#46 /Users/alejandroleon/Documents/PROYECTOS CLIENTES/SINERGIA-WEB/vendor/laravel/framework/src/Illuminate/Pipeline/Pipeline.php(219): Illuminate\\Http\\Middleware\\TrustProxies->handle(Object(Illuminate\\Http\\Request), Object(Closure))
#47 /Users/alejandroleon/Documents/PROYECTOS CLIENTES/SINERGIA-WEB/vendor/laravel/framework/src/Illuminate/Foundation/Http/Middleware/InvokeDeferredCallbacks.php(22): Illuminate\\Pipeline\\Pipeline->Illuminate\\Pipeline\\{closure}(Object(Illuminate\\Http\\Request))
#48 /Users/alejandroleon/Documents/PROYECTOS CLIENTES/SINERGIA-WEB/vendor/laravel/framework/src/Illuminate/Pipeline/Pipeline.php(219): Illuminate\\Foundation\\Http\\Middleware\\InvokeDeferredCallbacks->handle(Object(Illuminate\\Http\\Request), Object(Closure))
#49 /Users/alejandroleon/Documents/PROYECTOS CLIENTES/SINERGIA-WEB/vendor/laravel/framework/src/Illuminate/Http/Middleware/ValidatePathEncoding.php(26): Illuminate\\Pipeline\\Pipeline->Illuminate\\Pipeline\\{closure}(Object(Illuminate\\Http\\Request))
#50 /Users/alejandroleon/Documents/PROYECTOS CLIENTES/SINERGIA-WEB/vendor/laravel/framework/src/Illuminate/Pipeline/Pipeline.php(219): Illuminate\\Http\\Middleware\\ValidatePathEncoding->handle(Object(Illuminate\\Http\\Request), Object(Closure))
#51 /Users/alejandroleon/Documents/PROYECTOS CLIENTES/SINERGIA-WEB/vendor/laravel/framework/src/Illuminate/Pipeline/Pipeline.php(137): Illuminate\\Pipeline\\Pipeline->Illuminate\\Pipeline\\{closure}(Object(Illuminate\\Http\\Request))
#52 /Users/alejandroleon/Documents/PROYECTOS CLIENTES/SINERGIA-WEB/vendor/laravel/framework/src/Illuminate/Foundation/Http/Kernel.php(175): Illuminate\\Pipeline\\Pipeline->then(Object(Closure))
#53 /Users/alejandroleon/Documents/PROYECTOS CLIENTES/SINERGIA-WEB/vendor/laravel/framework/src/Illuminate/Foundation/Http/Kernel.php(144): Illuminate\\Foundation\\Http\\Kernel->sendRequestThroughRouter(Object(Illuminate\\Http\\Request))
#54 /Users/alejandroleon/Documents/PROYECTOS CLIENTES/SINERGIA-WEB/vendor/laravel/framework/src/Illuminate/Foundation/Application.php(1220): Illuminate\\Foundation\\Http\\Kernel->handle(Object(Illuminate\\Http\\Request))
#55 /Users/alejandroleon/Documents/PROYECTOS CLIENTES/SINERGIA-WEB/public/index.php(17): Illuminate\\Foundation\\Application->handleRequest(Object(Illuminate\\Http\\Request))
#56 /Users/alejandroleon/Documents/PROYECTOS CLIENTES/SINERGIA-WEB/vendor/laravel/framework/src/Illuminate/Foundation/resources/server.php(23): require_once('/Users/alejandr...')
#57 {main}
"} 
[2026-06-04 01:03:04] local.ERROR: Class "Livewire\Mechanisms\ExtendBlade\ExtendBlade" not found (View: /Users/alejandroleon/Documents/PROYECTOS CLIENTES/SINERGIA-WEB/resources/views/pages/home.blade.php) {"userId":1,"exception":"[object] (Illuminate\\View\\ViewException(code: 0): Class \"Livewire\\Mechanisms\\ExtendBlade\\ExtendBlade\" not found (View: /Users/alejandroleon/Documents/PROYECTOS CLIENTES/SINERGIA-WEB/resources/views/pages/home.blade.php) at /Users/alejandroleon/Documents/PROYECTOS CLIENTES/SINERGIA-WEB/storage/framework/views/955dfe8b9f7f1af8668779189872e438.php:9)
[stacktrace]
#0 /Users/alejandroleon/Documents/PROYECTOS CLIENTES/SINERGIA-WEB/vendor/laravel/framework/src/Illuminate/View/Engines/PhpEngine.php(59): Illuminate\\View\\Engines\\CompilerEngine->handleViewException(Object(Error), 1)
#1 /Users/alejandroleon/Documents/PROYECTOS CLIENTES/SINERGIA-WEB/vendor/laravel/framework/src/Illuminate/View/Engines/CompilerEngine.php(76): Illuminate\\View\\Engines\\PhpEngine->evaluatePath('/Users/alejandr...', Array)
#2 /Users/alejandroleon/Documents/PROYECTOS CLIENTES/SINERGIA-WEB/vendor/laravel/framework/src/Illuminate/View/View.php(208): Illuminate\\View\\Engines\\CompilerEngine->get('/Users/alejandr...', Array)
#3 /Users/alejandroleon/Documents/PROYECTOS CLIENTES/SINERGIA-WEB/vendor/laravel/framework/src/Illuminate/View/View.php(191): Illuminate\\View\\View->getContents()
#4 /Users/alejandroleon/Documents/PROYECTOS CLIENTES/SINERGIA-WEB/vendor/laravel/framework/src/Illuminate/View/View.php(160): Illuminate\\View\\View->renderContents()
#5 /Users/alejandroleon/Documents/PROYECTOS CLIENTES/SINERGIA-WEB/vendor/laravel/framework/src/Illuminate/Http/Response.php(78): Illuminate\\View\\View->render()
#6 /Users/alejandroleon/Documents/PROYECTOS CLIENTES/SINERGIA-WEB/vendor/laravel/framework/src/Illuminate/Http/Response.php(34): Illuminate\\Http\\Response->setContent(Object(Illuminate\\View\\View))
#7 /Users/alejandroleon/Documents/PROYECTOS CLIENTES/SINERGIA-WEB/vendor/laravel/framework/src/Illuminate/Routing/Router.php(939): Illuminate\\Http\\Response->__construct(Object(Illuminate\\View\\View), 200, Array)
#8 /Users/alejandroleon/Documents/PROYECTOS CLIENTES/SINERGIA-WEB/vendor/laravel/framework/src/Illuminate/Routing/Router.php(906): Illuminate\\Routing\\Router::toResponse(Object(Illuminate\\Http\\Request), Object(Illuminate\\View\\View))
#9 /Users/alejandroleon/Documents/PROYECTOS CLIENTES/SINERGIA-WEB/vendor/laravel/framework/src/Illuminate/Routing/Router.php(821): Illuminate\\Routing\\Router->prepareResponse(Object(Illuminate\\Http\\Request), Object(Illuminate\\View\\View))
#10 /Users/alejandroleon/Documents/PROYECTOS CLIENTES/SINERGIA-WEB/vendor/laravel/framework/src/Illuminate/Pipeline/Pipeline.php(180): Illuminate\\Routing\\Router->Illuminate\\Routing\\{closure}(Object(Illuminate\\Http\\Request))
#11 /Users/alejandroleon/Documents/PROYECTOS CLIENTES/SINERGIA-WEB/vendor/laravel/framework/src/Illuminate/Routing/Middleware/SubstituteBindings.php(50): Illuminate\\Pipeline\\Pipeline->Illuminate\\Pipeline\\{closure}(Object(Illuminate\\Http\\Request))
#12 /Users/alejandroleon/Documents/PROYECTOS CLIENTES/SINERGIA-WEB/vendor/laravel/framework/src/Illuminate/Pipeline/Pipeline.php(219): Illuminate\\Routing\\Middleware\\SubstituteBindings->handle(Object(Illuminate\\Http\\Request), Object(Closure))
#13 /Users/alejandroleon/Documents/PROYECTOS CLIENTES/SINERGIA-WEB/vendor/laravel/framework/src/Illuminate/Foundation/Http/Middleware/VerifyCsrfToken.php(87): Illuminate\\Pipeline\\Pipeline->Illuminate\\Pipeline\\{closure}(Object(Illuminate\\Http\\Request))
#14 /Users/alejandroleon/Documents/PROYECTOS CLIENTES/SINERGIA-WEB/vendor/laravel/framework/src/Illuminate/Pipeline/Pipeline.php(219): Illuminate\\Foundation\\Http\\Middleware\\VerifyCsrfToken->handle(Object(Illuminate\\Http\\Request), Object(Closure))
#15 /Users/alejandroleon/Documents/PROYECTOS CLIENTES/SINERGIA-WEB/vendor/laravel/framework/src/Illuminate/View/Middleware/ShareErrorsFromSession.php(48): Illuminate\\Pipeline\\Pipeline->Illuminate\\Pipeline\\{closure}(Object(Illuminate\\Http\\Request))
#16 /Users/alejandroleon/Documents/PROYECTOS CLIENTES/SINERGIA-WEB/vendor/laravel/framework/src/Illuminate/Pipeline/Pipeline.php(219): Illuminate\\View\\Middleware\\ShareErrorsFromSession->handle(Object(Illuminate\\Http\\Request), Object(Closure))
#17 /Users/alejandroleon/Documents/PROYECTOS CLIENTES/SINERGIA-WEB/vendor/laravel/framework/src/Illuminate/Session/Middleware/StartSession.php(120): Illuminate\\Pipeline\\Pipeline->Illuminate\\Pipeline\\{closure}(Object(Illuminate\\Http\\Request))
#18 /Users/alejandroleon/Documents/PROYECTOS CLIENTES/SINERGIA-WEB/vendor/laravel/framework/src/Illuminate/Session/Middleware/StartSession.php(63): Illuminate\\Session\\Middleware\\StartSession->handleStatefulRequest(Object(Illuminate\\Http\\Request), Object(Illuminate\\Session\\Store), Object(Closure))
#19 /Users/alejandroleon/Documents/PROYECTOS CLIENTES/SINERGIA-WEB/vendor/laravel/framework/src/Illuminate/Pipeline/Pipeline.php(219): Illuminate\\Session\\Middleware\\StartSession->handle(Object(Illuminate\\Http\\Request), Object(Closure))
#20 /Users/alejandroleon/Documents/PROYECTOS CLIENTES/SINERGIA-WEB/vendor/laravel/framework/src/Illuminate/Cookie/Middleware/AddQueuedCookiesToResponse.php(36): Illuminate\\Pipeline\\Pipeline->Illuminate\\Pipeline\\{closure}(Object(Illuminate\\Http\\Request))
#21 /Users/alejandroleon/Documents/PROYECTOS CLIENTES/SINERGIA-WEB/vendor/laravel/framework/src/Illuminate/Pipeline/Pipeline.php(219): Illuminate\\Cookie\\Middleware\\AddQueuedCookiesToResponse->handle(Object(Illuminate\\Http\\Request), Object(Closure))
#22 /Users/alejandroleon/Documents/PROYECTOS CLIENTES/SINERGIA-WEB/vendor/laravel/framework/src/Illuminate/Cookie/Middleware/EncryptCookies.php(74): Illuminate\\Pipeline\\Pipeline->Illuminate\\Pipeline\\{closure}(Object(Illuminate\\Http\\Request))
#23 /Users/alejandroleon/Documents/PROYECTOS CLIENTES/SINERGIA-WEB/vendor/laravel/framework/src/Illuminate/Pipeline/Pipeline.php(219): Illuminate\\Cookie\\Middleware\\EncryptCookies->handle(Object(Illuminate\\Http\\Request), Object(Closure))
#24 /Users/alejandroleon/Documents/PROYECTOS CLIENTES/SINERGIA-WEB/vendor/laravel/framework/src/Illuminate/Pipeline/Pipeline.php(137): Illuminate\\Pipeline\\Pipeline->Illuminate\\Pipeline\\{closure}(Object(Illuminate\\Http\\Request))
#25 /Users/alejandroleon/Documents/PROYECTOS CLIENTES/SINERGIA-WEB/vendor/laravel/framework/src/Illuminate/Routing/Router.php(821): Illuminate\\Pipeline\\Pipeline->then(Object(Closure))
#26 /Users/alejandroleon/Documents/PROYECTOS CLIENTES/SINERGIA-WEB/vendor/laravel/framework/src/Illuminate/Routing/Router.php(800): Illuminate\\Routing\\Router->runRouteWithinStack(Object(Illuminate\\Routing\\Route), Object(Illuminate\\Http\\Request))
#27 /Users/alejandroleon/Documents/PROYECTOS CLIENTES/SINERGIA-WEB/vendor/laravel/framework/src/Illuminate/Routing/Router.php(764): Illuminate\\Routing\\Router->runRoute(Object(Illuminate\\Http\\Request), Object(Illuminate\\Routing\\Route))
#28 /Users/alejandroleon/Documents/PROYECTOS CLIENTES/SINERGIA-WEB/vendor/laravel/framework/src/Illuminate/Routing/Router.php(753): Illuminate\\Routing\\Router->dispatchToRoute(Object(Illuminate\\Http\\Request))
#29 /Users/alejandroleon/Documents/PROYECTOS CLIENTES/SINERGIA-WEB/vendor/laravel/framework/src/Illuminate/Foundation/Http/Kernel.php(200): Illuminate\\Routing\\Router->dispatch(Object(Illuminate\\Http\\Request))
#30 /Users/alejandroleon/Documents/PROYECTOS CLIENTES/SINERGIA-WEB/vendor/laravel/framework/src/Illuminate/Pipeline/Pipeline.php(180): Illuminate\\Foundation\\Http\\Kernel->Illuminate\\Foundation\\Http\\{closure}(Object(Illuminate\\Http\\Request))
#31 /Users/alejandroleon/Documents/PROYECTOS CLIENTES/SINERGIA-WEB/vendor/laravel/framework/src/Illuminate/Foundation/Http/Middleware/TransformsRequest.php(21): Illuminate\\Pipeline\\Pipeline->Illuminate\\Pipeline\\{closure}(Object(Illuminate\\Http\\Request))
#32 /Users/alejandroleon/Documents/PROYECTOS CLIENTES/SINERGIA-WEB/vendor/laravel/framework/src/Illuminate/Foundation/Http/Middleware/ConvertEmptyStringsToNull.php(31): Illuminate\\Foundation\\Http\\Middleware\\TransformsRequest->handle(Object(Illuminate\\Http\\Request), Object(Closure))
#33 /Users/alejandroleon/Documents/PROYECTOS CLIENTES/SINERGIA-WEB/vendor/laravel/framework/src/Illuminate/Pipeline/Pipeline.php(219): Illuminate\\Foundation\\Http\\Middleware\\ConvertEmptyStringsToNull->handle(Object(Illuminate\\Http\\Request), Object(Closure))
#34 /Users/alejandroleon/Documents/PROYECTOS CLIENTES/SINERGIA-WEB/vendor/laravel/framework/src/Illuminate/Foundation/Http/Middleware/TransformsRequest.php(21): Illuminate\\Pipeline\\Pipeline->Illuminate\\Pipeline\\{closure}(Object(Illuminate\\Http\\Request))
#35 /Users/alejandroleon/Documents/PROYECTOS CLIENTES/SINERGIA-WEB/vendor/laravel/framework/src/Illuminate/Foundation/Http/Middleware/TrimStrings.php(51): Illuminate\\Foundation\\Http\\Middleware\\TransformsRequest->handle(Object(Illuminate\\Http\\Request), Object(Closure))
#36 /Users/alejandroleon/Documents/PROYECTOS CLIENTES/SINERGIA-WEB/vendor/laravel/framework/src/Illuminate/Pipeline/Pipeline.php(219): Illuminate\\Foundation\\Http\\Middleware\\TrimStrings->handle(Object(Illuminate\\Http\\Request), Object(Closure))
#37 /Users/alejandroleon/Documents/PROYECTOS CLIENTES/SINERGIA-WEB/vendor/laravel/framework/src/Illuminate/Http/Middleware/ValidatePostSize.php(27): Illuminate\\Pipeline\\Pipeline->Illuminate\\Pipeline\\{closure}(Object(Illuminate\\Http\\Request))
#38 /Users/alejandroleon/Documents/PROYECTOS CLIENTES/SINERGIA-WEB/vendor/laravel/framework/src/Illuminate/Pipeline/Pipeline.php(219): Illuminate\\Http\\Middleware\\ValidatePostSize->handle(Object(Illuminate\\Http\\Request), Object(Closure))
#39 /Users/alejandroleon/Documents/PROYECTOS CLIENTES/SINERGIA-WEB/vendor/laravel/framework/src/Illuminate/Foundation/Http/Middleware/PreventRequestsDuringMaintenance.php(109): Illuminate\\Pipeline\\Pipeline->Illuminate\\Pipeline\\{closure}(Object(Illuminate\\Http\\Request))
#40 /Users/alejandroleon/Documents/PROYECTOS CLIENTES/SINERGIA-WEB/vendor/laravel/framework/src/Illuminate/Pipeline/Pipeline.php(219): Illuminate\\Foundation\\Http\\Middleware\\PreventRequestsDuringMaintenance->handle(Object(Illuminate\\Http\\Request), Object(Closure))
#41 /Users/alejandroleon/Documents/PROYECTOS CLIENTES/SINERGIA-WEB/vendor/laravel/framework/src/Illuminate/Http/Middleware/HandleCors.php(61): Illuminate\\Pipeline\\Pipeline->Illuminate\\Pipeline\\{closure}(Object(Illuminate\\Http\\Request))
#42 /Users/alejandroleon/Documents/PROYECTOS CLIENTES/SINERGIA-WEB/vendor/laravel/framework/src/Illuminate/Pipeline/Pipeline.php(219): Illuminate\\Http\\Middleware\\HandleCors->handle(Object(Illuminate\\Http\\Request), Object(Closure))
#43 /Users/alejandroleon/Documents/PROYECTOS CLIENTES/SINERGIA-WEB/vendor/laravel/framework/src/Illuminate/Http/Middleware/TrustProxies.php(58): Illuminate\\Pipeline\\Pipeline->Illuminate\\Pipeline\\{closure}(Object(Illuminate\\Http\\Request))
#44 /Users/alejandroleon/Documents/PROYECTOS CLIENTES/SINERGIA-WEB/vendor/laravel/framework/src/Illuminate/Pipeline/Pipeline.php(219): Illuminate\\Http\\Middleware\\TrustProxies->handle(Object(Illuminate\\Http\\Request), Object(Closure))
#45 /Users/alejandroleon/Documents/PROYECTOS CLIENTES/SINERGIA-WEB/vendor/laravel/framework/src/Illuminate/Foundation/Http/Middleware/InvokeDeferredCallbacks.php(22): Illuminate\\Pipeline\\Pipeline->Illuminate\\Pipeline\\{closure}(Object(Illuminate\\Http\\Request))
#46 /Users/alejandroleon/Documents/PROYECTOS CLIENTES/SINERGIA-WEB/vendor/laravel/framework/src/Illuminate/Pipeline/Pipeline.php(219): Illuminate\\Foundation\\Http\\Middleware\\InvokeDeferredCallbacks->handle(Object(Illuminate\\Http\\Request), Object(Closure))
#47 /Users/alejandroleon/Documents/PROYECTOS CLIENTES/SINERGIA-WEB/vendor/laravel/framework/src/Illuminate/Http/Middleware/ValidatePathEncoding.php(26): Illuminate\\Pipeline\\Pipeline->Illuminate\\Pipeline\\{closure}(Object(Illuminate\\Http\\Request))
#48 /Users/alejandroleon/Documents/PROYECTOS CLIENTES/SINERGIA-WEB/vendor/laravel/framework/src/Illuminate/Pipeline/Pipeline.php(219): Illuminate\\Http\\Middleware\\ValidatePathEncoding->handle(Object(Illuminate\\Http\\Request), Object(Closure))
#49 /Users/alejandroleon/Documents/PROYECTOS CLIENTES/SINERGIA-WEB/vendor/laravel/framework/src/Illuminate/Pipeline/Pipeline.php(137): Illuminate\\Pipeline\\Pipeline->Illuminate\\Pipeline\\{closure}(Object(Illuminate\\Http\\Request))
#50 /Users/alejandroleon/Documents/PROYECTOS CLIENTES/SINERGIA-WEB/vendor/laravel/framework/src/Illuminate/Foundation/Http/Kernel.php(175): Illuminate\\Pipeline\\Pipeline->then(Object(Closure))
#51 /Users/alejandroleon/Documents/PROYECTOS CLIENTES/SINERGIA-WEB/vendor/laravel/framework/src/Illuminate/Foundation/Http/Kernel.php(144): Illuminate\\Foundation\\Http\\Kernel->sendRequestThroughRouter(Object(Illuminate\\Http\\Request))
#52 /Users/alejandroleon/Documents/PROYECTOS CLIENTES/SINERGIA-WEB/vendor/laravel/framework/src/Illuminate/Foundation/Application.php(1220): Illuminate\\Foundation\\Http\\Kernel->handle(Object(Illuminate\\Http\\Request))
#53 /Users/alejandroleon/Documents/PROYECTOS CLIENTES/SINERGIA-WEB/public/index.php(17): Illuminate\\Foundation\\Application->handleRequest(Object(Illuminate\\Http\\Request))
#54 /Users/alejandroleon/Documents/PROYECTOS CLIENTES/SINERGIA-WEB/vendor/laravel/framework/src/Illuminate/Foundation/resources/server.php(23): require_once('/Users/alejandr...')
#55 {main}

[previous exception] [object] (Error(code: 0): Class \"Livewire\\Mechanisms\\ExtendBlade\\ExtendBlade\" not found at /Users/alejandroleon/Documents/PROYECTOS CLIENTES/SINERGIA-WEB/storage/framework/views/955dfe8b9f7f1af8668779189872e438.php:9)
[stacktrace]
#0 /Users/alejandroleon/Documents/PROYECTOS CLIENTES/SINERGIA-WEB/vendor/laravel/framework/src/Illuminate/Filesystem/Filesystem.php(123): require()
#1 /Users/alejandroleon/Documents/PROYECTOS CLIENTES/SINERGIA-WEB/vendor/laravel/framework/src/Illuminate/Filesystem/Filesystem.php(124): Illuminate\\Filesystem\\Filesystem::Illuminate\\Filesystem\\{closure}()
#2 /Users/alejandroleon/Documents/PROYECTOS CLIENTES/SINERGIA-WEB/vendor/laravel/framework/src/Illuminate/View/Engines/PhpEngine.php(57): Illuminate\\Filesystem\\Filesystem->getRequire('/Users/alejandr...', Array)
#3 /Users/alejandroleon/Documents/PROYECTOS CLIENTES/SINERGIA-WEB/vendor/laravel/framework/src/Illuminate/View/Engines/CompilerEngine.php(76): Illuminate\\View\\Engines\\PhpEngine->evaluatePath('/Users/alejandr...', Array)
#4 /Users/alejandroleon/Documents/PROYECTOS CLIENTES/SINERGIA-WEB/vendor/laravel/framework/src/Illuminate/View/View.php(208): Illuminate\\View\\Engines\\CompilerEngine->get('/Users/alejandr...', Array)
#5 /Users/alejandroleon/Documents/PROYECTOS CLIENTES/SINERGIA-WEB/vendor/laravel/framework/src/Illuminate/View/View.php(191): Illuminate\\View\\View->getContents()
#6 /Users/alejandroleon/Documents/PROYECTOS CLIENTES/SINERGIA-WEB/vendor/laravel/framework/src/Illuminate/View/View.php(160): Illuminate\\View\\View->renderContents()
#7 /Users/alejandroleon/Documents/PROYECTOS CLIENTES/SINERGIA-WEB/vendor/laravel/framework/src/Illuminate/Http/Response.php(78): Illuminate\\View\\View->render()
#8 /Users/alejandroleon/Documents/PROYECTOS CLIENTES/SINERGIA-WEB/vendor/laravel/framework/src/Illuminate/Http/Response.php(34): Illuminate\\Http\\Response->setContent(Object(Illuminate\\View\\View))
#9 /Users/alejandroleon/Documents/PROYECTOS CLIENTES/SINERGIA-WEB/vendor/laravel/framework/src/Illuminate/Routing/Router.php(939): Illuminate\\Http\\Response->__construct(Object(Illuminate\\View\\View), 200, Array)
#10 /Users/alejandroleon/Documents/PROYECTOS CLIENTES/SINERGIA-WEB/vendor/laravel/framework/src/Illuminate/Routing/Router.php(906): Illuminate\\Routing\\Router::toResponse(Object(Illuminate\\Http\\Request), Object(Illuminate\\View\\View))
#11 /Users/alejandroleon/Documents/PROYECTOS CLIENTES/SINERGIA-WEB/vendor/laravel/framework/src/Illuminate/Routing/Router.php(821): Illuminate\\Routing\\Router->prepareResponse(Object(Illuminate\\Http\\Request), Object(Illuminate\\View\\View))
#12 /Users/alejandroleon/Documents/PROYECTOS CLIENTES/SINERGIA-WEB/vendor/laravel/framework/src/Illuminate/Pipeline/Pipeline.php(180): Illuminate\\Routing\\Router->Illuminate\\Routing\\{closure}(Object(Illuminate\\Http\\Request))
#13 /Users/alejandroleon/Documents/PROYECTOS CLIENTES/SINERGIA-WEB/vendor/laravel/framework/src/Illuminate/Routing/Middleware/SubstituteBindings.php(50): Illuminate\\Pipeline\\Pipeline->Illuminate\\Pipeline\\{closure}(Object(Illuminate\\Http\\Request))
#14 /Users/alejandroleon/Documents/PROYECTOS CLIENTES/SINERGIA-WEB/vendor/laravel/framework/src/Illuminate/Pipeline/Pipeline.php(219): Illuminate\\Routing\\Middleware\\SubstituteBindings->handle(Object(Illuminate\\Http\\Request), Object(Closure))
#15 /Users/alejandroleon/Documents/PROYECTOS CLIENTES/SINERGIA-WEB/vendor/laravel/framework/src/Illuminate/Foundation/Http/Middleware/VerifyCsrfToken.php(87): Illuminate\\Pipeline\\Pipeline->Illuminate\\Pipeline\\{closure}(Object(Illuminate\\Http\\Request))
#16 /Users/alejandroleon/Documents/PROYECTOS CLIENTES/SINERGIA-WEB/vendor/laravel/framework/src/Illuminate/Pipeline/Pipeline.php(219): Illuminate\\Foundation\\Http\\Middleware\\VerifyCsrfToken->handle(Object(Illuminate\\Http\\Request), Object(Closure))
#17 /Users/alejandroleon/Documents/PROYECTOS CLIENTES/SINERGIA-WEB/vendor/laravel/framework/src/Illuminate/View/Middleware/ShareErrorsFromSession.php(48): Illuminate\\Pipeline\\Pipeline->Illuminate\\Pipeline\\{closure}(Object(Illuminate\\Http\\Request))
#18 /Users/alejandroleon/Documents/PROYECTOS CLIENTES/SINERGIA-WEB/vendor/laravel/framework/src/Illuminate/Pipeline/Pipeline.php(219): Illuminate\\View\\Middleware\\ShareErrorsFromSession->handle(Object(Illuminate\\Http\\Request), Object(Closure))
#19 /Users/alejandroleon/Documents/PROYECTOS CLIENTES/SINERGIA-WEB/vendor/laravel/framework/src/Illuminate/Session/Middleware/StartSession.php(120): Illuminate\\Pipeline\\Pipeline->Illuminate\\Pipeline\\{closure}(Object(Illuminate\\Http\\Request))
#20 /Users/alejandroleon/Documents/PROYECTOS CLIENTES/SINERGIA-WEB/vendor/laravel/framework/src/Illuminate/Session/Middleware/StartSession.php(63): Illuminate\\Session\\Middleware\\StartSession->handleStatefulRequest(Object(Illuminate\\Http\\Request), Object(Illuminate\\Session\\Store), Object(Closure))
#21 /Users/alejandroleon/Documents/PROYECTOS CLIENTES/SINERGIA-WEB/vendor/laravel/framework/src/Illuminate/Pipeline/Pipeline.php(219): Illuminate\\Session\\Middleware\\StartSession->handle(Object(Illuminate\\Http\\Request), Object(Closure))
#22 /Users/alejandroleon/Documents/PROYECTOS CLIENTES/SINERGIA-WEB/vendor/laravel/framework/src/Illuminate/Cookie/Middleware/AddQueuedCookiesToResponse.php(36): Illuminate\\Pipeline\\Pipeline->Illuminate\\Pipeline\\{closure}(Object(Illuminate\\Http\\Request))
#23 /Users/alejandroleon/Documents/PROYECTOS CLIENTES/SINERGIA-WEB/vendor/laravel/framework/src/Illuminate/Pipeline/Pipeline.php(219): Illuminate\\Cookie\\Middleware\\AddQueuedCookiesToResponse->handle(Object(Illuminate\\Http\\Request), Object(Closure))
#24 /Users/alejandroleon/Documents/PROYECTOS CLIENTES/SINERGIA-WEB/vendor/laravel/framework/src/Illuminate/Cookie/Middleware/EncryptCookies.php(74): Illuminate\\Pipeline\\Pipeline->Illuminate\\Pipeline\\{closure}(Object(Illuminate\\Http\\Request))
#25 /Users/alejandroleon/Documents/PROYECTOS CLIENTES/SINERGIA-WEB/vendor/laravel/framework/src/Illuminate/Pipeline/Pipeline.php(219): Illuminate\\Cookie\\Middleware\\EncryptCookies->handle(Object(Illuminate\\Http\\Request), Object(Closure))
#26 /Users/alejandroleon/Documents/PROYECTOS CLIENTES/SINERGIA-WEB/vendor/laravel/framework/src/Illuminate/Pipeline/Pipeline.php(137): Illuminate\\Pipeline\\Pipeline->Illuminate\\Pipeline\\{closure}(Object(Illuminate\\Http\\Request))
#27 /Users/alejandroleon/Documents/PROYECTOS CLIENTES/SINERGIA-WEB/vendor/laravel/framework/src/Illuminate/Routing/Router.php(821): Illuminate\\Pipeline\\Pipeline->then(Object(Closure))
#28 /Users/alejandroleon/Documents/PROYECTOS CLIENTES/SINERGIA-WEB/vendor/laravel/framework/src/Illuminate/Routing/Router.php(800): Illuminate\\Routing\\Router->runRouteWithinStack(Object(Illuminate\\Routing\\Route), Object(Illuminate\\Http\\Request))
#29 /Users/alejandroleon/Documents/PROYECTOS CLIENTES/SINERGIA-WEB/vendor/laravel/framework/src/Illuminate/Routing/Router.php(764): Illuminate\\Routing\\Router->runRoute(Object(Illuminate\\Http\\Request), Object(Illuminate\\Routing\\Route))
#30 /Users/alejandroleon/Documents/PROYECTOS CLIENTES/SINERGIA-WEB/vendor/laravel/framework/src/Illuminate/Routing/Router.php(753): Illuminate\\Routing\\Router->dispatchToRoute(Object(Illuminate\\Http\\Request))
#31 /Users/alejandroleon/Documents/PROYECTOS CLIENTES/SINERGIA-WEB/vendor/laravel/framework/src/Illuminate/Foundation/Http/Kernel.php(200): Illuminate\\Routing\\Router->dispatch(Object(Illuminate\\Http\\Request))
#32 /Users/alejandroleon/Documents/PROYECTOS CLIENTES/SINERGIA-WEB/vendor/laravel/framework/src/Illuminate/Pipeline/Pipeline.php(180): Illuminate\\Foundation\\Http\\Kernel->Illuminate\\Foundation\\Http\\{closure}(Object(Illuminate\\Http\\Request))
#33 /Users/alejandroleon/Documents/PROYECTOS CLIENTES/SINERGIA-WEB/vendor/laravel/framework/src/Illuminate/Foundation/Http/Middleware/TransformsRequest.php(21): Illuminate\\Pipeline\\Pipeline->Illuminate\\Pipeline\\{closure}(Object(Illuminate\\Http\\Request))
#34 /Users/alejandroleon/Documents/PROYECTOS CLIENTES/SINERGIA-WEB/vendor/laravel/framework/src/Illuminate/Foundation/Http/Middleware/ConvertEmptyStringsToNull.php(31): Illuminate\\Foundation\\Http\\Middleware\\TransformsRequest->handle(Object(Illuminate\\Http\\Request), Object(Closure))
#35 /Users/alejandroleon/Documents/PROYECTOS CLIENTES/SINERGIA-WEB/vendor/laravel/framework/src/Illuminate/Pipeline/Pipeline.php(219): Illuminate\\Foundation\\Http\\Middleware\\ConvertEmptyStringsToNull->handle(Object(Illuminate\\Http\\Request), Object(Closure))
#36 /Users/alejandroleon/Documents/PROYECTOS CLIENTES/SINERGIA-WEB/vendor/laravel/framework/src/Illuminate/Foundation/Http/Middleware/TransformsRequest.php(21): Illuminate\\Pipeline\\Pipeline->Illuminate\\Pipeline\\{closure}(Object(Illuminate\\Http\\Request))
#37 /Users/alejandroleon/Documents/PROYECTOS CLIENTES/SINERGIA-WEB/vendor/laravel/framework/src/Illuminate/Foundation/Http/Middleware/TrimStrings.php(51): Illuminate\\Foundation\\Http\\Middleware\\TransformsRequest->handle(Object(Illuminate\\Http\\Request), Object(Closure))
#38 /Users/alejandroleon/Documents/PROYECTOS CLIENTES/SINERGIA-WEB/vendor/laravel/framework/src/Illuminate/Pipeline/Pipeline.php(219): Illuminate\\Foundation\\Http\\Middleware\\TrimStrings->handle(Object(Illuminate\\Http\\Request), Object(Closure))
#39 /Users/alejandroleon/Documents/PROYECTOS CLIENTES/SINERGIA-WEB/vendor/laravel/framework/src/Illuminate/Http/Middleware/ValidatePostSize.php(27): Illuminate\\Pipeline\\Pipeline->Illuminate\\Pipeline\\{closure}(Object(Illuminate\\Http\\Request))
#40 /Users/alejandroleon/Documents/PROYECTOS CLIENTES/SINERGIA-WEB/vendor/laravel/framework/src/Illuminate/Pipeline/Pipeline.php(219): Illuminate\\Http\\Middleware\\ValidatePostSize->handle(Object(Illuminate\\Http\\Request), Object(Closure))
#41 /Users/alejandroleon/Documents/PROYECTOS CLIENTES/SINERGIA-WEB/vendor/laravel/framework/src/Illuminate/Foundation/Http/Middleware/PreventRequestsDuringMaintenance.php(109): Illuminate\\Pipeline\\Pipeline->Illuminate\\Pipeline\\{closure}(Object(Illuminate\\Http\\Request))
#42 /Users/alejandroleon/Documents/PROYECTOS CLIENTES/SINERGIA-WEB/vendor/laravel/framework/src/Illuminate/Pipeline/Pipeline.php(219): Illuminate\\Foundation\\Http\\Middleware\\PreventRequestsDuringMaintenance->handle(Object(Illuminate\\Http\\Request), Object(Closure))
#43 /Users/alejandroleon/Documents/PROYECTOS CLIENTES/SINERGIA-WEB/vendor/laravel/framework/src/Illuminate/Http/Middleware/HandleCors.php(61): Illuminate\\Pipeline\\Pipeline->Illuminate\\Pipeline\\{closure}(Object(Illuminate\\Http\\Request))
#44 /Users/alejandroleon/Documents/PROYECTOS CLIENTES/SINERGIA-WEB/vendor/laravel/framework/src/Illuminate/Pipeline/Pipeline.php(219): Illuminate\\Http\\Middleware\\HandleCors->handle(Object(Illuminate\\Http\\Request), Object(Closure))
#45 /Users/alejandroleon/Documents/PROYECTOS CLIENTES/SINERGIA-WEB/vendor/laravel/framework/src/Illuminate/Http/Middleware/TrustProxies.php(58): Illuminate\\Pipeline\\Pipeline->Illuminate\\Pipeline\\{closure}(Object(Illuminate\\Http\\Request))
#46 /Users/alejandroleon/Documents/PROYECTOS CLIENTES/SINERGIA-WEB/vendor/laravel/framework/src/Illuminate/Pipeline/Pipeline.php(219): Illuminate\\Http\\Middleware\\TrustProxies->handle(Object(Illuminate\\Http\\Request), Object(Closure))
#47 /Users/alejandroleon/Documents/PROYECTOS CLIENTES/SINERGIA-WEB/vendor/laravel/framework/src/Illuminate/Foundation/Http/Middleware/InvokeDeferredCallbacks.php(22): Illuminate\\Pipeline\\Pipeline->Illuminate\\Pipeline\\{closure}(Object(Illuminate\\Http\\Request))
#48 /Users/alejandroleon/Documents/PROYECTOS CLIENTES/SINERGIA-WEB/vendor/laravel/framework/src/Illuminate/Pipeline/Pipeline.php(219): Illuminate\\Foundation\\Http\\Middleware\\InvokeDeferredCallbacks->handle(Object(Illuminate\\Http\\Request), Object(Closure))
#49 /Users/alejandroleon/Documents/PROYECTOS CLIENTES/SINERGIA-WEB/vendor/laravel/framework/src/Illuminate/Http/Middleware/ValidatePathEncoding.php(26): Illuminate\\Pipeline\\Pipeline->Illuminate\\Pipeline\\{closure}(Object(Illuminate\\Http\\Request))
#50 /Users/alejandroleon/Documents/PROYECTOS CLIENTES/SINERGIA-WEB/vendor/laravel/framework/src/Illuminate/Pipeline/Pipeline.php(219): Illuminate\\Http\\Middleware\\ValidatePathEncoding->handle(Object(Illuminate\\Http\\Request), Object(Closure))
#51 /Users/alejandroleon/Documents/PROYECTOS CLIENTES/SINERGIA-WEB/vendor/laravel/framework/src/Illuminate/Pipeline/Pipeline.php(137): Illuminate\\Pipeline\\Pipeline->Illuminate\\Pipeline\\{closure}(Object(Illuminate\\Http\\Request))
#52 /Users/alejandroleon/Documents/PROYECTOS CLIENTES/SINERGIA-WEB/vendor/laravel/framework/src/Illuminate/Foundation/Http/Kernel.php(175): Illuminate\\Pipeline\\Pipeline->then(Object(Closure))
#53 /Users/alejandroleon/Documents/PROYECTOS CLIENTES/SINERGIA-WEB/vendor/laravel/framework/src/Illuminate/Foundation/Http/Kernel.php(144): Illuminate\\Foundation\\Http\\Kernel->sendRequestThroughRouter(Object(Illuminate\\Http\\Request))
#54 /Users/alejandroleon/Documents/PROYECTOS CLIENTES/SINERGIA-WEB/vendor/laravel/framework/src/Illuminate/Foundation/Application.php(1220): Illuminate\\Foundation\\Http\\Kernel->handle(Object(Illuminate\\Http\\Request))
#55 /Users/alejandroleon/Documents/PROYECTOS CLIENTES/SINERGIA-WEB/public/index.php(17): Illuminate\\Foundation\\Application->handleRequest(Object(Illuminate\\Http\\Request))
#56 /Users/alejandroleon/Documents/PROYECTOS CLIENTES/SINERGIA-WEB/vendor/laravel/framework/src/Illuminate/Foundation/resources/server.php(23): require_once('/Users/alejandr...')
#57 {main}
"} 
[2026-06-04 01:03:35] local.ERROR: Class "Livewire\Mechanisms\ExtendBlade\ExtendBlade" not found (View: /Users/alejandroleon/Documents/PROYECTOS CLIENTES/SINERGIA-WEB/resources/views/pages/home.blade.php) {"userId":1,"exception":"[object] (Illuminate\\View\\ViewException(code: 0): Class \"Livewire\\Mechanisms\\ExtendBlade\\ExtendBlade\" not found (View: /Users/alejandroleon/Documents/PROYECTOS CLIENTES/SINERGIA-WEB/resources/views/pages/home.blade.php) at /Users/alejandroleon/Documents/PROYECTOS CLIENTES/SINERGIA-WEB/storage/framework/views/955dfe8b9f7f1af8668779189872e438.php:9)
[stacktrace]
#0 /Users/alejandroleon/Documents/PROYECTOS CLIENTES/SINERGIA-WEB/vendor/laravel/framework/src/Illuminate/View/Engines/PhpEngine.php(59): Illuminate\\View\\Engines\\CompilerEngine->handleViewException(Object(Error), 1)
#1 /Users/alejandroleon/Documents/PROYECTOS CLIENTES/SINERGIA-WEB/vendor/laravel/framework/src/Illuminate/View/Engines/CompilerEngine.php(76): Illuminate\\View\\Engines\\PhpEngine->evaluatePath('/Users/alejandr...', Array)
#2 /Users/alejandroleon/Documents/PROYECTOS CLIENTES/SINERGIA-WEB/vendor/laravel/framework/src/Illuminate/View/View.php(208): Illuminate\\View\\Engines\\CompilerEngine->get('/Users/alejandr...', Array)
#3 /Users/alejandroleon/Documents/PROYECTOS CLIENTES/SINERGIA-WEB/vendor/laravel/framework/src/Illuminate/View/View.php(191): Illuminate\\View\\View->getContents()
#4 /Users/alejandroleon/Documents/PROYECTOS CLIENTES/SINERGIA-WEB/vendor/laravel/framework/src/Illuminate/View/View.php(160): Illuminate\\View\\View->renderContents()
#5 /Users/alejandroleon/Documents/PROYECTOS CLIENTES/SINERGIA-WEB/vendor/laravel/framework/src/Illuminate/Http/Response.php(78): Illuminate\\View\\View->render()
#6 /Users/alejandroleon/Documents/PROYECTOS CLIENTES/SINERGIA-WEB/vendor/laravel/framework/src/Illuminate/Http/Response.php(34): Illuminate\\Http\\Response->setContent(Object(Illuminate\\View\\View))
#7 /Users/alejandroleon/Documents/PROYECTOS CLIENTES/SINERGIA-WEB/vendor/laravel/framework/src/Illuminate/Routing/Router.php(939): Illuminate\\Http\\Response->__construct(Object(Illuminate\\View\\View), 200, Array)
#8 /Users/alejandroleon/Documents/PROYECTOS CLIENTES/SINERGIA-WEB/vendor/laravel/framework/src/Illuminate/Routing/Router.php(906): Illuminate\\Routing\\Router::toResponse(Object(Illuminate\\Http\\Request), Object(Illuminate\\View\\View))
#9 /Users/alejandroleon/Documents/PROYECTOS CLIENTES/SINERGIA-WEB/vendor/laravel/framework/src/Illuminate/Routing/Router.php(821): Illuminate\\Routing\\Router->prepareResponse(Object(Illuminate\\Http\\Request), Object(Illuminate\\View\\View))
#10 /Users/alejandroleon/Documents/PROYECTOS CLIENTES/SINERGIA-WEB/vendor/laravel/framework/src/Illuminate/Pipeline/Pipeline.php(180): Illuminate\\Routing\\Router->Illuminate\\Routing\\{closure}(Object(Illuminate\\Http\\Request))
#11 /Users/alejandroleon/Documents/PROYECTOS CLIENTES/SINERGIA-WEB/vendor/laravel/framework/src/Illuminate/Routing/Middleware/SubstituteBindings.php(50): Illuminate\\Pipeline\\Pipeline->Illuminate\\Pipeline\\{closure}(Object(Illuminate\\Http\\Request))
#12 /Users/alejandroleon/Documents/PROYECTOS CLIENTES/SINERGIA-WEB/vendor/laravel/framework/src/Illuminate/Pipeline/Pipeline.php(219): Illuminate\\Routing\\Middleware\\SubstituteBindings->handle(Object(Illuminate\\Http\\Request), Object(Closure))
#13 /Users/alejandroleon/Documents/PROYECTOS CLIENTES/SINERGIA-WEB/vendor/laravel/framework/src/Illuminate/Foundation/Http/Middleware/VerifyCsrfToken.php(87): Illuminate\\Pipeline\\Pipeline->Illuminate\\Pipeline\\{closure}(Object(Illuminate\\Http\\Request))
#14 /Users/alejandroleon/Documents/PROYECTOS CLIENTES/SINERGIA-WEB/vendor/laravel/framework/src/Illuminate/Pipeline/Pipeline.php(219): Illuminate\\Foundation\\Http\\Middleware\\VerifyCsrfToken->handle(Object(Illuminate\\Http\\Request), Object(Closure))
#15 /Users/alejandroleon/Documents/PROYECTOS CLIENTES/SINERGIA-WEB/vendor/laravel/framework/src/Illuminate/View/Middleware/ShareErrorsFromSession.php(48): Illuminate\\Pipeline\\Pipeline->Illuminate\\Pipeline\\{closure}(Object(Illuminate\\Http\\Request))
#16 /Users/alejandroleon/Documents/PROYECTOS CLIENTES/SINERGIA-WEB/vendor/laravel/framework/src/Illuminate/Pipeline/Pipeline.php(219): Illuminate\\View\\Middleware\\ShareErrorsFromSession->handle(Object(Illuminate\\Http\\Request), Object(Closure))
#17 /Users/alejandroleon/Documents/PROYECTOS CLIENTES/SINERGIA-WEB/vendor/laravel/framework/src/Illuminate/Session/Middleware/StartSession.php(120): Illuminate\\Pipeline\\Pipeline->Illuminate\\Pipeline\\{closure}(Object(Illuminate\\Http\\Request))
#18 /Users/alejandroleon/Documents/PROYECTOS CLIENTES/SINERGIA-WEB/vendor/laravel/framework/src/Illuminate/Session/Middleware/StartSession.php(63): Illuminate\\Session\\Middleware\\StartSession->handleStatefulRequest(Object(Illuminate\\Http\\Request), Object(Illuminate\\Session\\Store), Object(Closure))
#19 /Users/alejandroleon/Documents/PROYECTOS CLIENTES/SINERGIA-WEB/vendor/laravel/framework/src/Illuminate/Pipeline/Pipeline.php(219): Illuminate\\Session\\Middleware\\StartSession->handle(Object(Illuminate\\Http\\Request), Object(Closure))
#20 /Users/alejandroleon/Documents/PROYECTOS CLIENTES/SINERGIA-WEB/vendor/laravel/framework/src/Illuminate/Cookie/Middleware/AddQueuedCookiesToResponse.php(36): Illuminate\\Pipeline\\Pipeline->Illuminate\\Pipeline\\{closure}(Object(Illuminate\\Http\\Request))
#21 /Users/alejandroleon/Documents/PROYECTOS CLIENTES/SINERGIA-WEB/vendor/laravel/framework/src/Illuminate/Pipeline/Pipeline.php(219): Illuminate\\Cookie\\Middleware\\AddQueuedCookiesToResponse->handle(Object(Illuminate\\Http\\Request), Object(Closure))
#22 /Users/alejandroleon/Documents/PROYECTOS CLIENTES/SINERGIA-WEB/vendor/laravel/framework/src/Illuminate/Cookie/Middleware/EncryptCookies.php(74): Illuminate\\Pipeline\\Pipeline->Illuminate\\Pipeline\\{closure}(Object(Illuminate\\Http\\Request))
#23 /Users/alejandroleon/Documents/PROYECTOS CLIENTES/SINERGIA-WEB/vendor/laravel/framework/src/Illuminate/Pipeline/Pipeline.php(219): Illuminate\\Cookie\\Middleware\\EncryptCookies->handle(Object(Illuminate\\Http\\Request), Object(Closure))
#24 /Users/alejandroleon/Documents/PROYECTOS CLIENTES/SINERGIA-WEB/vendor/laravel/framework/src/Illuminate/Pipeline/Pipeline.php(137): Illuminate\\Pipeline\\Pipeline->Illuminate\\Pipeline\\{closure}(Object(Illuminate\\Http\\Request))
#25 /Users/alejandroleon/Documents/PROYECTOS CLIENTES/SINERGIA-WEB/vendor/laravel/framework/src/Illuminate/Routing/Router.php(821): Illuminate\\Pipeline\\Pipeline->then(Object(Closure))
#26 /Users/alejandroleon/Documents/PROYECTOS CLIENTES/SINERGIA-WEB/vendor/laravel/framework/src/Illuminate/Routing/Router.php(800): Illuminate\\Routing\\Router->runRouteWithinStack(Object(Illuminate\\Routing\\Route), Object(Illuminate\\Http\\Request))
#27 /Users/alejandroleon/Documents/PROYECTOS CLIENTES/SINERGIA-WEB/vendor/laravel/framework/src/Illuminate/Routing/Router.php(764): Illuminate\\Routing\\Router->runRoute(Object(Illuminate\\Http\\Request), Object(Illuminate\\Routing\\Route))
#28 /Users/alejandroleon/Documents/PROYECTOS CLIENTES/SINERGIA-WEB/vendor/laravel/framework/src/Illuminate/Routing/Router.php(753): Illuminate\\Routing\\Router->dispatchToRoute(Object(Illuminate\\Http\\Request))
#29 /Users/alejandroleon/Documents/PROYECTOS CLIENTES/SINERGIA-WEB/vendor/laravel/framework/src/Illuminate/Foundation/Http/Kernel.php(200): Illuminate\\Routing\\Router->dispatch(Object(Illuminate\\Http\\Request))
#30 /Users/alejandroleon/Documents/PROYECTOS CLIENTES/SINERGIA-WEB/vendor/laravel/framework/src/Illuminate/Pipeline/Pipeline.php(180): Illuminate\\Foundation\\Http\\Kernel->Illuminate\\Foundation\\Http\\{closure}(Object(Illuminate\\Http\\Request))
#31 /Users/alejandroleon/Documents/PROYECTOS CLIENTES/SINERGIA-WEB/vendor/laravel/framework/src/Illuminate/Foundation/Http/Middleware/TransformsRequest.php(21): Illuminate\\Pipeline\\Pipeline->Illuminate\\Pipeline\\{closure}(Object(Illuminate\\Http\\Request))
#32 /Users/alejandroleon/Documents/PROYECTOS CLIENTES/SINERGIA-WEB/vendor/laravel/framework/src/Illuminate/Foundation/Http/Middleware/ConvertEmptyStringsToNull.php(31): Illuminate\\Foundation\\Http\\Middleware\\TransformsRequest->handle(Object(Illuminate\\Http\\Request), Object(Closure))
#33 /Users/alejandroleon/Documents/PROYECTOS CLIENTES/SINERGIA-WEB/vendor/laravel/framework/src/Illuminate/Pipeline/Pipeline.php(219): Illuminate\\Foundation\\Http\\Middleware\\ConvertEmptyStringsToNull->handle(Object(Illuminate\\Http\\Request), Object(Closure))
#34 /Users/alejandroleon/Documents/PROYECTOS CLIENTES/SINERGIA-WEB/vendor/laravel/framework/src/Illuminate/Foundation/Http/Middleware/TransformsRequest.php(21): Illuminate\\Pipeline\\Pipeline->Illuminate\\Pipeline\\{closure}(Object(Illuminate\\Http\\Request))
#35 /Users/alejandroleon/Documents/PROYECTOS CLIENTES/SINERGIA-WEB/vendor/laravel/framework/src/Illuminate/Foundation/Http/Middleware/TrimStrings.php(51): Illuminate\\Foundation\\Http\\Middleware\\TransformsRequest->handle(Object(Illuminate\\Http\\Request), Object(Closure))
#36 /Users/alejandroleon/Documents/PROYECTOS CLIENTES/SINERGIA-WEB/vendor/laravel/framework/src/Illuminate/Pipeline/Pipeline.php(219): Illuminate\\Foundation\\Http\\Middleware\\TrimStrings->handle(Object(Illuminate\\Http\\Request), Object(Closure))
#37 /Users/alejandroleon/Documents/PROYECTOS CLIENTES/SINERGIA-WEB/vendor/laravel/framework/src/Illuminate/Http/Middleware/ValidatePostSize.php(27): Illuminate\\Pipeline\\Pipeline->Illuminate\\Pipeline\\{closure}(Object(Illuminate\\Http\\Request))
#38 /Users/alejandroleon/Documents/PROYECTOS CLIENTES/SINERGIA-WEB/vendor/laravel/framework/src/Illuminate/Pipeline/Pipeline.php(219): Illuminate\\Http\\Middleware\\ValidatePostSize->handle(Object(Illuminate\\Http\\Request), Object(Closure))
#39 /Users/alejandroleon/Documents/PROYECTOS CLIENTES/SINERGIA-WEB/vendor/laravel/framework/src/Illuminate/Foundation/Http/Middleware/PreventRequestsDuringMaintenance.php(109): Illuminate\\Pipeline\\Pipeline->Illuminate\\Pipeline\\{closure}(Object(Illuminate\\Http\\Request))
#40 /Users/alejandroleon/Documents/PROYECTOS CLIENTES/SINERGIA-WEB/vendor/laravel/framework/src/Illuminate/Pipeline/Pipeline.php(219): Illuminate\\Foundation\\Http\\Middleware\\PreventRequestsDuringMaintenance->handle(Object(Illuminate\\Http\\Request), Object(Closure))
#41 /Users/alejandroleon/Documents/PROYECTOS CLIENTES/SINERGIA-WEB/vendor/laravel/framework/src/Illuminate/Http/Middleware/HandleCors.php(61): Illuminate\\Pipeline\\Pipeline->Illuminate\\Pipeline\\{closure}(Object(Illuminate\\Http\\Request))
#42 /Users/alejandroleon/Documents/PROYECTOS CLIENTES/SINERGIA-WEB/vendor/laravel/framework/src/Illuminate/Pipeline/Pipeline.php(219): Illuminate\\Http\\Middleware\\HandleCors->handle(Object(Illuminate\\Http\\Request), Object(Closure))
#43 /Users/alejandroleon/Documents/PROYECTOS CLIENTES/SINERGIA-WEB/vendor/laravel/framework/src/Illuminate/Http/Middleware/TrustProxies.php(58): Illuminate\\Pipeline\\Pipeline->Illuminate\\Pipeline\\{closure}(Object(Illuminate\\Http\\Request))
#44 /Users/alejandroleon/Documents/PROYECTOS CLIENTES/SINERGIA-WEB/vendor/laravel/framework/src/Illuminate/Pipeline/Pipeline.php(219): Illuminate\\Http\\Middleware\\TrustProxies->handle(Object(Illuminate\\Http\\Request), Object(Closure))
#45 /Users/alejandroleon/Documents/PROYECTOS CLIENTES/SINERGIA-WEB/vendor/laravel/framework/src/Illuminate/Foundation/Http/Middleware/InvokeDeferredCallbacks.php(22): Illuminate\\Pipeline\\Pipeline->Illuminate\\Pipeline\\{closure}(Object(Illuminate\\Http\\Request))
#46 /Users/alejandroleon/Documents/PROYECTOS CLIENTES/SINERGIA-WEB/vendor/laravel/framework/src/Illuminate/Pipeline/Pipeline.php(219): Illuminate\\Foundation\\Http\\Middleware\\InvokeDeferredCallbacks->handle(Object(Illuminate\\Http\\Request), Object(Closure))
#47 /Users/alejandroleon/Documents/PROYECTOS CLIENTES/SINERGIA-WEB/vendor/laravel/framework/src/Illuminate/Http/Middleware/ValidatePathEncoding.php(26): Illuminate\\Pipeline\\Pipeline->Illuminate\\Pipeline\\{closure}(Object(Illuminate\\Http\\Request))
#48 /Users/alejandroleon/Documents/PROYECTOS CLIENTES/SINERGIA-WEB/vendor/laravel/framework/src/Illuminate/Pipeline/Pipeline.php(219): Illuminate\\Http\\Middleware\\ValidatePathEncoding->handle(Object(Illuminate\\Http\\Request), Object(Closure))
#49 /Users/alejandroleon/Documents/PROYECTOS CLIENTES/SINERGIA-WEB/vendor/laravel/framework/src/Illuminate/Pipeline/Pipeline.php(137): Illuminate\\Pipeline\\Pipeline->Illuminate\\Pipeline\\{closure}(Object(Illuminate\\Http\\Request))
#50 /Users/alejandroleon/Documents/PROYECTOS CLIENTES/SINERGIA-WEB/vendor/laravel/framework/src/Illuminate/Foundation/Http/Kernel.php(175): Illuminate\\Pipeline\\Pipeline->then(Object(Closure))
#51 /Users/alejandroleon/Documents/PROYECTOS CLIENTES/SINERGIA-WEB/vendor/laravel/framework/src/Illuminate/Foundation/Http/Kernel.php(144): Illuminate\\Foundation\\Http\\Kernel->sendRequestThroughRouter(Object(Illuminate\\Http\\Request))
#52 /Users/alejandroleon/Documents/PROYECTOS CLIENTES/SINERGIA-WEB/vendor/laravel/framework/src/Illuminate/Foundation/Application.php(1220): Illuminate\\Foundation\\Http\\Kernel->handle(Object(Illuminate\\Http\\Request))
#53 /Users/alejandroleon/Documents/PROYECTOS CLIENTES/SINERGIA-WEB/public/index.php(17): Illuminate\\Foundation\\Application->handleRequest(Object(Illuminate\\Http\\Request))
#54 /Users/alejandroleon/Documents/PROYECTOS CLIENTES/SINERGIA-WEB/vendor/laravel/framework/src/Illuminate/Foundation/resources/server.php(23): require_once('/Users/alejandr...')
#55 {main}

[previous exception] [object] (Error(code: 0): Class \"Livewire\\Mechanisms\\ExtendBlade\\ExtendBlade\" not found at /Users/alejandroleon/Documents/PROYECTOS CLIENTES/SINERGIA-WEB/storage/framework/views/955dfe8b9f7f1af8668779189872e438.php:9)
[stacktrace]
#0 /Users/alejandroleon/Documents/PROYECTOS CLIENTES/SINERGIA-WEB/vendor/laravel/framework/src/Illuminate/Filesystem/Filesystem.php(123): require()
#1 /Users/alejandroleon/Documents/PROYECTOS CLIENTES/SINERGIA-WEB/vendor/laravel/framework/src/Illuminate/Filesystem/Filesystem.php(124): Illuminate\\Filesystem\\Filesystem::Illuminate\\Filesystem\\{closure}()
#2 /Users/alejandroleon/Documents/PROYECTOS CLIENTES/SINERGIA-WEB/vendor/laravel/framework/src/Illuminate/View/Engines/PhpEngine.php(57): Illuminate\\Filesystem\\Filesystem->getRequire('/Users/alejandr...', Array)
#3 /Users/alejandroleon/Documents/PROYECTOS CLIENTES/SINERGIA-WEB/vendor/laravel/framework/src/Illuminate/View/Engines/CompilerEngine.php(76): Illuminate\\View\\Engines\\PhpEngine->evaluatePath('/Users/alejandr...', Array)
#4 /Users/alejandroleon/Documents/PROYECTOS CLIENTES/SINERGIA-WEB/vendor/laravel/framework/src/Illuminate/View/View.php(208): Illuminate\\View\\Engines\\CompilerEngine->get('/Users/alejandr...', Array)
#5 /Users/alejandroleon/Documents/PROYECTOS CLIENTES/SINERGIA-WEB/vendor/laravel/framework/src/Illuminate/View/View.php(191): Illuminate\\View\\View->getContents()
#6 /Users/alejandroleon/Documents/PROYECTOS CLIENTES/SINERGIA-WEB/vendor/laravel/framework/src/Illuminate/View/View.php(160): Illuminate\\View\\View->renderContents()
#7 /Users/alejandroleon/Documents/PROYECTOS CLIENTES/SINERGIA-WEB/vendor/laravel/framework/src/Illuminate/Http/Response.php(78): Illuminate\\View\\View->render()
#8 /Users/alejandroleon/Documents/PROYECTOS CLIENTES/SINERGIA-WEB/vendor/laravel/framework/src/Illuminate/Http/Response.php(34): Illuminate\\Http\\Response->setContent(Object(Illuminate\\View\\View))
#9 /Users/alejandroleon/Documents/PROYECTOS CLIENTES/SINERGIA-WEB/vendor/laravel/framework/src/Illuminate/Routing/Router.php(939): Illuminate\\Http\\Response->__construct(Object(Illuminate\\View\\View), 200, Array)
#10 /Users/alejandroleon/Documents/PROYECTOS CLIENTES/SINERGIA-WEB/vendor/laravel/framework/src/Illuminate/Routing/Router.php(906): Illuminate\\Routing\\Router::toResponse(Object(Illuminate\\Http\\Request), Object(Illuminate\\View\\View))
#11 /Users/alejandroleon/Documents/PROYECTOS CLIENTES/SINERGIA-WEB/vendor/laravel/framework/src/Illuminate/Routing/Router.php(821): Illuminate\\Routing\\Router->prepareResponse(Object(Illuminate\\Http\\Request), Object(Illuminate\\View\\View))
#12 /Users/alejandroleon/Documents/PROYECTOS CLIENTES/SINERGIA-WEB/vendor/laravel/framework/src/Illuminate/Pipeline/Pipeline.php(180): Illuminate\\Routing\\Router->Illuminate\\Routing\\{closure}(Object(Illuminate\\Http\\Request))
#13 /Users/alejandroleon/Documents/PROYECTOS CLIENTES/SINERGIA-WEB/vendor/laravel/framework/src/Illuminate/Routing/Middleware/SubstituteBindings.php(50): Illuminate\\Pipeline\\Pipeline->Illuminate\\Pipeline\\{closure}(Object(Illuminate\\Http\\Request))
#14 /Users/alejandroleon/Documents/PROYECTOS CLIENTES/SINERGIA-WEB/vendor/laravel/framework/src/Illuminate/Pipeline/Pipeline.php(219): Illuminate\\Routing\\Middleware\\SubstituteBindings->handle(Object(Illuminate\\Http\\Request), Object(Closure))
#15 /Users/alejandroleon/Documents/PROYECTOS CLIENTES/SINERGIA-WEB/vendor/laravel/framework/src/Illuminate/Foundation/Http/Middleware/VerifyCsrfToken.php(87): Illuminate\\Pipeline\\Pipeline->Illuminate\\Pipeline\\{closure}(Object(Illuminate\\Http\\Request))
#16 /Users/alejandroleon/Documents/PROYECTOS CLIENTES/SINERGIA-WEB/vendor/laravel/framework/src/Illuminate/Pipeline/Pipeline.php(219): Illuminate\\Foundation\\Http\\Middleware\\VerifyCsrfToken->handle(Object(Illuminate\\Http\\Request), Object(Closure))
#17 /Users/alejandroleon/Documents/PROYECTOS CLIENTES/SINERGIA-WEB/vendor/laravel/framework/src/Illuminate/View/Middleware/ShareErrorsFromSession.php(48): Illuminate\\Pipeline\\Pipeline->Illuminate\\Pipeline\\{closure}(Object(Illuminate\\Http\\Request))
#18 /Users/alejandroleon/Documents/PROYECTOS CLIENTES/SINERGIA-WEB/vendor/laravel/framework/src/Illuminate/Pipeline/Pipeline.php(219): Illuminate\\View\\Middleware\\ShareErrorsFromSession->handle(Object(Illuminate\\Http\\Request), Object(Closure))
#19 /Users/alejandroleon/Documents/PROYECTOS CLIENTES/SINERGIA-WEB/vendor/laravel/framework/src/Illuminate/Session/Middleware/StartSession.php(120): Illuminate\\Pipeline\\Pipeline->Illuminate\\Pipeline\\{closure}(Object(Illuminate\\Http\\Request))
#20 /Users/alejandroleon/Documents/PROYECTOS CLIENTES/SINERGIA-WEB/vendor/laravel/framework/src/Illuminate/Session/Middleware/StartSession.php(63): Illuminate\\Session\\Middleware\\StartSession->handleStatefulRequest(Object(Illuminate\\Http\\Request), Object(Illuminate\\Session\\Store), Object(Closure))
#21 /Users/alejandroleon/Documents/PROYECTOS CLIENTES/SINERGIA-WEB/vendor/laravel/framework/src/Illuminate/Pipeline/Pipeline.php(219): Illuminate\\Session\\Middleware\\StartSession->handle(Object(Illuminate\\Http\\Request), Object(Closure))
#22 /Users/alejandroleon/Documents/PROYECTOS CLIENTES/SINERGIA-WEB/vendor/laravel/framework/src/Illuminate/Cookie/Middleware/AddQueuedCookiesToResponse.php(36): Illuminate\\Pipeline\\Pipeline->Illuminate\\Pipeline\\{closure}(Object(Illuminate\\Http\\Request))
#23 /Users/alejandroleon/Documents/PROYECTOS CLIENTES/SINERGIA-WEB/vendor/laravel/framework/src/Illuminate/Pipeline/Pipeline.php(219): Illuminate\\Cookie\\Middleware\\AddQueuedCookiesToResponse->handle(Object(Illuminate\\Http\\Request), Object(Closure))
#24 /Users/alejandroleon/Documents/PROYECTOS CLIENTES/SINERGIA-WEB/vendor/laravel/framework/src/Illuminate/Cookie/Middleware/EncryptCookies.php(74): Illuminate\\Pipeline\\Pipeline->Illuminate\\Pipeline\\{closure}(Object(Illuminate\\Http\\Request))
#25 /Users/alejandroleon/Documents/PROYECTOS CLIENTES/SINERGIA-WEB/vendor/laravel/framework/src/Illuminate/Pipeline/Pipeline.php(219): Illuminate\\Cookie\\Middleware\\EncryptCookies->handle(Object(Illuminate\\Http\\Request), Object(Closure))
#26 /Users/alejandroleon/Documents/PROYECTOS CLIENTES/SINERGIA-WEB/vendor/laravel/framework/src/Illuminate/Pipeline/Pipeline.php(137): Illuminate\\Pipeline\\Pipeline->Illuminate\\Pipeline\\{closure}(Object(Illuminate\\Http\\Request))
#27 /Users/alejandroleon/Documents/PROYECTOS CLIENTES/SINERGIA-WEB/vendor/laravel/framework/src/Illuminate/Routing/Router.php(821): Illuminate\\Pipeline\\Pipeline->then(Object(Closure))
#28 /Users/alejandroleon/Documents/PROYECTOS CLIENTES/SINERGIA-WEB/vendor/laravel/framework/src/Illuminate/Routing/Router.php(800): Illuminate\\Routing\\Router->runRouteWithinStack(Object(Illuminate\\Routing\\Route), Object(Illuminate\\Http\\Request))
#29 /Users/alejandroleon/Documents/PROYECTOS CLIENTES/SINERGIA-WEB/vendor/laravel/framework/src/Illuminate/Routing/Router.php(764): Illuminate\\Routing\\Router->runRoute(Object(Illuminate\\Http\\Request), Object(Illuminate\\Routing\\Route))
#30 /Users/alejandroleon/Documents/PROYECTOS CLIENTES/SINERGIA-WEB/vendor/laravel/framework/src/Illuminate/Routing/Router.php(753): Illuminate\\Routing\\Router->dispatchToRoute(Object(Illuminate\\Http\\Request))
#31 /Users/alejandroleon/Documents/PROYECTOS CLIENTES/SINERGIA-WEB/vendor/laravel/framework/src/Illuminate/Foundation/Http/Kernel.php(200): Illuminate\\Routing\\Router->dispatch(Object(Illuminate\\Http\\Request))
#32 /Users/alejandroleon/Documents/PROYECTOS CLIENTES/SINERGIA-WEB/vendor/laravel/framework/src/Illuminate/Pipeline/Pipeline.php(180): Illuminate\\Foundation\\Http\\Kernel->Illuminate\\Foundation\\Http\\{closure}(Object(Illuminate\\Http\\Request))
#33 /Users/alejandroleon/Documents/PROYECTOS CLIENTES/SINERGIA-WEB/vendor/laravel/framework/src/Illuminate/Foundation/Http/Middleware/TransformsRequest.php(21): Illuminate\\Pipeline\\Pipeline->Illuminate\\Pipeline\\{closure}(Object(Illuminate\\Http\\Request))
#34 /Users/alejandroleon/Documents/PROYECTOS CLIENTES/SINERGIA-WEB/vendor/laravel/framework/src/Illuminate/Foundation/Http/Middleware/ConvertEmptyStringsToNull.php(31): Illuminate\\Foundation\\Http\\Middleware\\TransformsRequest->handle(Object(Illuminate\\Http\\Request), Object(Closure))
#35 /Users/alejandroleon/Documents/PROYECTOS CLIENTES/SINERGIA-WEB/vendor/laravel/framework/src/Illuminate/Pipeline/Pipeline.php(219): Illuminate\\Foundation\\Http\\Middleware\\ConvertEmptyStringsToNull->handle(Object(Illuminate\\Http\\Request), Object(Closure))
#36 /Users/alejandroleon/Documents/PROYECTOS CLIENTES/SINERGIA-WEB/vendor/laravel/framework/src/Illuminate/Foundation/Http/Middleware/TransformsRequest.php(21): Illuminate\\Pipeline\\Pipeline->Illuminate\\Pipeline\\{closure}(Object(Illuminate\\Http\\Request))
#37 /Users/alejandroleon/Documents/PROYECTOS CLIENTES/SINERGIA-WEB/vendor/laravel/framework/src/Illuminate/Foundation/Http/Middleware/TrimStrings.php(51): Illuminate\\Foundation\\Http\\Middleware\\TransformsRequest->handle(Object(Illuminate\\Http\\Request), Object(Closure))
#38 /Users/alejandroleon/Documents/PROYECTOS CLIENTES/SINERGIA-WEB/vendor/laravel/framework/src/Illuminate/Pipeline/Pipeline.php(219): Illuminate\\Foundation\\Http\\Middleware\\TrimStrings->handle(Object(Illuminate\\Http\\Request), Object(Closure))
#39 /Users/alejandroleon/Documents/PROYECTOS CLIENTES/SINERGIA-WEB/vendor/laravel/framework/src/Illuminate/Http/Middleware/ValidatePostSize.php(27): Illuminate\\Pipeline\\Pipeline->Illuminate\\Pipeline\\{closure}(Object(Illuminate\\Http\\Request))
#40 /Users/alejandroleon/Documents/PROYECTOS CLIENTES/SINERGIA-WEB/vendor/laravel/framework/src/Illuminate/Pipeline/Pipeline.php(219): Illuminate\\Http\\Middleware\\ValidatePostSize->handle(Object(Illuminate\\Http\\Request), Object(Closure))
#41 /Users/alejandroleon/Documents/PROYECTOS CLIENTES/SINERGIA-WEB/vendor/laravel/framework/src/Illuminate/Foundation/Http/Middleware/PreventRequestsDuringMaintenance.php(109): Illuminate\\Pipeline\\Pipeline->Illuminate\\Pipeline\\{closure}(Object(Illuminate\\Http\\Request))
#42 /Users/alejandroleon/Documents/PROYECTOS CLIENTES/SINERGIA-WEB/vendor/laravel/framework/src/Illuminate/Pipeline/Pipeline.php(219): Illuminate\\Foundation\\Http\\Middleware\\PreventRequestsDuringMaintenance->handle(Object(Illuminate\\Http\\Request), Object(Closure))
#43 /Users/alejandroleon/Documents/PROYECTOS CLIENTES/SINERGIA-WEB/vendor/laravel/framework/src/Illuminate/Http/Middleware/HandleCors.php(61): Illuminate\\Pipeline\\Pipeline->Illuminate\\Pipeline\\{closure}(Object(Illuminate\\Http\\Request))
#44 /Users/alejandroleon/Documents/PROYECTOS CLIENTES/SINERGIA-WEB/vendor/laravel/framework/src/Illuminate/Pipeline/Pipeline.php(219): Illuminate\\Http\\Middleware\\HandleCors->handle(Object(Illuminate\\Http\\Request), Object(Closure))
#45 /Users/alejandroleon/Documents/PROYECTOS CLIENTES/SINERGIA-WEB/vendor/laravel/framework/src/Illuminate/Http/Middleware/TrustProxies.php(58): Illuminate\\Pipeline\\Pipeline->Illuminate\\Pipeline\\{closure}(Object(Illuminate\\Http\\Request))
#46 /Users/alejandroleon/Documents/PROYECTOS CLIENTES/SINERGIA-WEB/vendor/laravel/framework/src/Illuminate/Pipeline/Pipeline.php(219): Illuminate\\Http\\Middleware\\TrustProxies->handle(Object(Illuminate\\Http\\Request), Object(Closure))
#47 /Users/alejandroleon/Documents/PROYECTOS CLIENTES/SINERGIA-WEB/vendor/laravel/framework/src/Illuminate/Foundation/Http/Middleware/InvokeDeferredCallbacks.php(22): Illuminate\\Pipeline\\Pipeline->Illuminate\\Pipeline\\{closure}(Object(Illuminate\\Http\\Request))
#48 /Users/alejandroleon/Documents/PROYECTOS CLIENTES/SINERGIA-WEB/vendor/laravel/framework/src/Illuminate/Pipeline/Pipeline.php(219): Illuminate\\Foundation\\Http\\Middleware\\InvokeDeferredCallbacks->handle(Object(Illuminate\\Http\\Request), Object(Closure))
#49 /Users/alejandroleon/Documents/PROYECTOS CLIENTES/SINERGIA-WEB/vendor/laravel/framework/src/Illuminate/Http/Middleware/ValidatePathEncoding.php(26): Illuminate\\Pipeline\\Pipeline->Illuminate\\Pipeline\\{closure}(Object(Illuminate\\Http\\Request))
#50 /Users/alejandroleon/Documents/PROYECTOS CLIENTES/SINERGIA-WEB/vendor/laravel/framework/src/Illuminate/Pipeline/Pipeline.php(219): Illuminate\\Http\\Middleware\\ValidatePathEncoding->handle(Object(Illuminate\\Http\\Request), Object(Closure))
#51 /Users/alejandroleon/Documents/PROYECTOS CLIENTES/SINERGIA-WEB/vendor/laravel/framework/src/Illuminate/Pipeline/Pipeline.php(137): Illuminate\\Pipeline\\Pipeline->Illuminate\\Pipeline\\{closure}(Object(Illuminate\\Http\\Request))
#52 /Users/alejandroleon/Documents/PROYECTOS CLIENTES/SINERGIA-WEB/vendor/laravel/framework/src/Illuminate/Foundation/Http/Kernel.php(175): Illuminate\\Pipeline\\Pipeline->then(Object(Closure))
#53 /Users/alejandroleon/Documents/PROYECTOS CLIENTES/SINERGIA-WEB/vendor/laravel/framework/src/Illuminate/Foundation/Http/Kernel.php(144): Illuminate\\Foundation\\Http\\Kernel->sendRequestThroughRouter(Object(Illuminate\\Http\\Request))
#54 /Users/alejandroleon/Documents/PROYECTOS CLIENTES/SINERGIA-WEB/vendor/laravel/framework/src/Illuminate/Foundation/Application.php(1220): Illuminate\\Foundation\\Http\\Kernel->handle(Object(Illuminate\\Http\\Request))
#55 /Users/alejandroleon/Documents/PROYECTOS CLIENTES/SINERGIA-WEB/public/index.php(17): Illuminate\\Foundation\\Application->handleRequest(Object(Illuminate\\Http\\Request))
#56 /Users/alejandroleon/Documents/PROYECTOS CLIENTES/SINERGIA-WEB/vendor/laravel/framework/src/Illuminate/Foundation/resources/server.php(23): require_once('/Users/alejandr...')
#57 {main}
"} 
[2026-06-04 01:03:38] local.ERROR: Class "Livewire\Mechanisms\ExtendBlade\ExtendBlade" not found (View: /Users/alejandroleon/Documents/PROYECTOS CLIENTES/SINERGIA-WEB/resources/views/pages/home.blade.php) {"userId":1,"exception":"[object] (Illuminate\\View\\ViewException(code: 0): Class \"Livewire\\Mechanisms\\ExtendBlade\\ExtendBlade\" not found (View: /Users/alejandroleon/Documents/PROYECTOS CLIENTES/SINERGIA-WEB/resources/views/pages/home.blade.php) at /Users/alejandroleon/Documents/PROYECTOS CLIENTES/SINERGIA-WEB/storage/framework/views/955dfe8b9f7f1af8668779189872e438.php:9)
[stacktrace]
#0 /Users/alejandroleon/Documents/PROYECTOS CLIENTES/SINERGIA-WEB/vendor/laravel/framework/src/Illuminate/View/Engines/PhpEngine.php(59): Illuminate\\View\\Engines\\CompilerEngine->handleViewException(Object(Error), 1)
#1 /Users/alejandroleon/Documents/PROYECTOS CLIENTES/SINERGIA-WEB/vendor/laravel/framework/src/Illuminate/View/Engines/CompilerEngine.php(76): Illuminate\\View\\Engines\\PhpEngine->evaluatePath('/Users/alejandr...', Array)
#2 /Users/alejandroleon/Documents/PROYECTOS CLIENTES/SINERGIA-WEB/vendor/laravel/framework/src/Illuminate/View/View.php(208): Illuminate\\View\\Engines\\CompilerEngine->get('/Users/alejandr...', Array)
#3 /Users/alejandroleon/Documents/PROYECTOS CLIENTES/SINERGIA-WEB/vendor/laravel/framework/src/Illuminate/View/View.php(191): Illuminate\\View\\View->getContents()
#4 /Users/alejandroleon/Documents/PROYECTOS CLIENTES/SINERGIA-WEB/vendor/laravel/framework/src/Illuminate/View/View.php(160): Illuminate\\View\\View->renderContents()
#5 /Users/alejandroleon/Documents/PROYECTOS CLIENTES/SINERGIA-WEB/vendor/laravel/framework/src/Illuminate/Http/Response.php(78): Illuminate\\View\\View->render()
#6 /Users/alejandroleon/Documents/PROYECTOS CLIENTES/SINERGIA-WEB/vendor/laravel/framework/src/Illuminate/Http/Response.php(34): Illuminate\\Http\\Response->setContent(Object(Illuminate\\View\\View))
#7 /Users/alejandroleon/Documents/PROYECTOS CLIENTES/SINERGIA-WEB/vendor/laravel/framework/src/Illuminate/Routing/Router.php(939): Illuminate\\Http\\Response->__construct(Object(Illuminate\\View\\View), 200, Array)
#8 /Users/alejandroleon/Documents/PROYECTOS CLIENTES/SINERGIA-WEB/vendor/laravel/framework/src/Illuminate/Routing/Router.php(906): Illuminate\\Routing\\Router::toResponse(Object(Illuminate\\Http\\Request), Object(Illuminate\\View\\View))
#9 /Users/alejandroleon/Documents/PROYECTOS CLIENTES/SINERGIA-WEB/vendor/laravel/framework/src/Illuminate/Routing/Router.php(821): Illuminate\\Routing\\Router->prepareResponse(Object(Illuminate\\Http\\Request), Object(Illuminate\\View\\View))
#10 /Users/alejandroleon/Documents/PROYECTOS CLIENTES/SINERGIA-WEB/vendor/laravel/framework/src/Illuminate/Pipeline/Pipeline.php(180): Illuminate\\Routing\\Router->Illuminate\\Routing\\{closure}(Object(Illuminate\\Http\\Request))
#11 /Users/alejandroleon/Documents/PROYECTOS CLIENTES/SINERGIA-WEB/vendor/laravel/framework/src/Illuminate/Routing/Middleware/SubstituteBindings.php(50): Illuminate\\Pipeline\\Pipeline->Illuminate\\Pipeline\\{closure}(Object(Illuminate\\Http\\Request))
#12 /Users/alejandroleon/Documents/PROYECTOS CLIENTES/SINERGIA-WEB/vendor/laravel/framework/src/Illuminate/Pipeline/Pipeline.php(219): Illuminate\\Routing\\Middleware\\SubstituteBindings->handle(Object(Illuminate\\Http\\Request), Object(Closure))
#13 /Users/alejandroleon/Documents/PROYECTOS CLIENTES/SINERGIA-WEB/vendor/laravel/framework/src/Illuminate/Foundation/Http/Middleware/VerifyCsrfToken.php(87): Illuminate\\Pipeline\\Pipeline->Illuminate\\Pipeline\\{closure}(Object(Illuminate\\Http\\Request))
#14 /Users/alejandroleon/Documents/PROYECTOS CLIENTES/SINERGIA-WEB/vendor/laravel/framework/src/Illuminate/Pipeline/Pipeline.php(219): Illuminate\\Foundation\\Http\\Middleware\\VerifyCsrfToken->handle(Object(Illuminate\\Http\\Request), Object(Closure))
#15 /Users/alejandroleon/Documents/PROYECTOS CLIENTES/SINERGIA-WEB/vendor/laravel/framework/src/Illuminate/View/Middleware/ShareErrorsFromSession.php(48): Illuminate\\Pipeline\\Pipeline->Illuminate\\Pipeline\\{closure}(Object(Illuminate\\Http\\Request))
#16 /Users/alejandroleon/Documents/PROYECTOS CLIENTES/SINERGIA-WEB/vendor/laravel/framework/src/Illuminate/Pipeline/Pipeline.php(219): Illuminate\\View\\Middleware\\ShareErrorsFromSession->handle(Object(Illuminate\\Http\\Request), Object(Closure))
#17 /Users/alejandroleon/Documents/PROYECTOS CLIENTES/SINERGIA-WEB/vendor/laravel/framework/src/Illuminate/Session/Middleware/StartSession.php(120): Illuminate\\Pipeline\\Pipeline->Illuminate\\Pipeline\\{closure}(Object(Illuminate\\Http\\Request))
#18 /Users/alejandroleon/Documents/PROYECTOS CLIENTES/SINERGIA-WEB/vendor/laravel/framework/src/Illuminate/Session/Middleware/StartSession.php(63): Illuminate\\Session\\Middleware\\StartSession->handleStatefulRequest(Object(Illuminate\\Http\\Request), Object(Illuminate\\Session\\Store), Object(Closure))
#19 /Users/alejandroleon/Documents/PROYECTOS CLIENTES/SINERGIA-WEB/vendor/laravel/framework/src/Illuminate/Pipeline/Pipeline.php(219): Illuminate\\Session\\Middleware\\StartSession->handle(Object(Illuminate\\Http\\Request), Object(Closure))
#20 /Users/alejandroleon/Documents/PROYECTOS CLIENTES/SINERGIA-WEB/vendor/laravel/framework/src/Illuminate/Cookie/Middleware/AddQueuedCookiesToResponse.php(36): Illuminate\\Pipeline\\Pipeline->Illuminate\\Pipeline\\{closure}(Object(Illuminate\\Http\\Request))
#21 /Users/alejandroleon/Documents/PROYECTOS CLIENTES/SINERGIA-WEB/vendor/laravel/framework/src/Illuminate/Pipeline/Pipeline.php(219): Illuminate\\Cookie\\Middleware\\AddQueuedCookiesToResponse->handle(Object(Illuminate\\Http\\Request), Object(Closure))
#22 /Users/alejandroleon/Documents/PROYECTOS CLIENTES/SINERGIA-WEB/vendor/laravel/framework/src/Illuminate/Cookie/Middleware/EncryptCookies.php(74): Illuminate\\Pipeline\\Pipeline->Illuminate\\Pipeline\\{closure}(Object(Illuminate\\Http\\Request))
#23 /Users/alejandroleon/Documents/PROYECTOS CLIENTES/SINERGIA-WEB/vendor/laravel/framework/src/Illuminate/Pipeline/Pipeline.php(219): Illuminate\\Cookie\\Middleware\\EncryptCookies->handle(Object(Illuminate\\Http\\Request), Object(Closure))
#24 /Users/alejandroleon/Documents/PROYECTOS CLIENTES/SINERGIA-WEB/vendor/laravel/framework/src/Illuminate/Pipeline/Pipeline.php(137): Illuminate\\Pipeline\\Pipeline->Illuminate\\Pipeline\\{closure}(Object(Illuminate\\Http\\Request))
#25 /Users/alejandroleon/Documents/PROYECTOS CLIENTES/SINERGIA-WEB/vendor/laravel/framework/src/Illuminate/Routing/Router.php(821): Illuminate\\Pipeline\\Pipeline->then(Object(Closure))
#26 /Users/alejandroleon/Documents/PROYECTOS CLIENTES/SINERGIA-WEB/vendor/laravel/framework/src/Illuminate/Routing/Router.php(800): Illuminate\\Routing\\Router->runRouteWithinStack(Object(Illuminate\\Routing\\Route), Object(Illuminate\\Http\\Request))
#27 /Users/alejandroleon/Documents/PROYECTOS CLIENTES/SINERGIA-WEB/vendor/laravel/framework/src/Illuminate/Routing/Router.php(764): Illuminate\\Routing\\Router->runRoute(Object(Illuminate\\Http\\Request), Object(Illuminate\\Routing\\Route))
#28 /Users/alejandroleon/Documents/PROYECTOS CLIENTES/SINERGIA-WEB/vendor/laravel/framework/src/Illuminate/Routing/Router.php(753): Illuminate\\Routing\\Router->dispatchToRoute(Object(Illuminate\\Http\\Request))
#29 /Users/alejandroleon/Documents/PROYECTOS CLIENTES/SINERGIA-WEB/vendor/laravel/framework/src/Illuminate/Foundation/Http/Kernel.php(200): Illuminate\\Routing\\Router->dispatch(Object(Illuminate\\Http\\Request))
#30 /Users/alejandroleon/Documents/PROYECTOS CLIENTES/SINERGIA-WEB/vendor/laravel/framework/src/Illuminate/Pipeline/Pipeline.php(180): Illuminate\\Foundation\\Http\\Kernel->Illuminate\\Foundation\\Http\\{closure}(Object(Illuminate\\Http\\Request))
#31 /Users/alejandroleon/Documents/PROYECTOS CLIENTES/SINERGIA-WEB/vendor/laravel/framework/src/Illuminate/Foundation/Http/Middleware/TransformsRequest.php(21): Illuminate\\Pipeline\\Pipeline->Illuminate\\Pipeline\\{closure}(Object(Illuminate\\Http\\Request))
#32 /Users/alejandroleon/Documents/PROYECTOS CLIENTES/SINERGIA-WEB/vendor/laravel/framework/src/Illuminate/Foundation/Http/Middleware/ConvertEmptyStringsToNull.php(31): Illuminate\\Foundation\\Http\\Middleware\\TransformsRequest->handle(Object(Illuminate\\Http\\Request), Object(Closure))
#33 /Users/alejandroleon/Documents/PROYECTOS CLIENTES/SINERGIA-WEB/vendor/laravel/framework/src/Illuminate/Pipeline/Pipeline.php(219): Illuminate\\Foundation\\Http\\Middleware\\ConvertEmptyStringsToNull->handle(Object(Illuminate\\Http\\Request), Object(Closure))
#34 /Users/alejandroleon/Documents/PROYECTOS CLIENTES/SINERGIA-WEB/vendor/laravel/framework/src/Illuminate/Foundation/Http/Middleware/TransformsRequest.php(21): Illuminate\\Pipeline\\Pipeline->Illuminate\\Pipeline\\{closure}(Object(Illuminate\\Http\\Request))
#35 /Users/alejandroleon/Documents/PROYECTOS CLIENTES/SINERGIA-WEB/vendor/laravel/framework/src/Illuminate/Foundation/Http/Middleware/TrimStrings.php(51): Illuminate\\Foundation\\Http\\Middleware\\TransformsRequest->handle(Object(Illuminate\\Http\\Request), Object(Closure))
#36 /Users/alejandroleon/Documents/PROYECTOS CLIENTES/SINERGIA-WEB/vendor/laravel/framework/src/Illuminate/Pipeline/Pipeline.php(219): Illuminate\\Foundation\\Http\\Middleware\\TrimStrings->handle(Object(Illuminate\\Http\\Request), Object(Closure))
#37 /Users/alejandroleon/Documents/PROYECTOS CLIENTES/SINERGIA-WEB/vendor/laravel/framework/src/Illuminate/Http/Middleware/ValidatePostSize.php(27): Illuminate\\Pipeline\\Pipeline->Illuminate\\Pipeline\\{closure}(Object(Illuminate\\Http\\Request))
#38 /Users/alejandroleon/Documents/PROYECTOS CLIENTES/SINERGIA-WEB/vendor/laravel/framework/src/Illuminate/Pipeline/Pipeline.php(219): Illuminate\\Http\\Middleware\\ValidatePostSize->handle(Object(Illuminate\\Http\\Request), Object(Closure))
#39 /Users/alejandroleon/Documents/PROYECTOS CLIENTES/SINERGIA-WEB/vendor/laravel/framework/src/Illuminate/Foundation/Http/Middleware/PreventRequestsDuringMaintenance.php(109): Illuminate\\Pipeline\\Pipeline->Illuminate\\Pipeline\\{closure}(Object(Illuminate\\Http\\Request))
#40 /Users/alejandroleon/Documents/PROYECTOS CLIENTES/SINERGIA-WEB/vendor/laravel/framework/src/Illuminate/Pipeline/Pipeline.php(219): Illuminate\\Foundation\\Http\\Middleware\\PreventRequestsDuringMaintenance->handle(Object(Illuminate\\Http\\Request), Object(Closure))
#41 /Users/alejandroleon/Documents/PROYECTOS CLIENTES/SINERGIA-WEB/vendor/laravel/framework/src/Illuminate/Http/Middleware/HandleCors.php(61): Illuminate\\Pipeline\\Pipeline->Illuminate\\Pipeline\\{closure}(Object(Illuminate\\Http\\Request))
#42 /Users/alejandroleon/Documents/PROYECTOS CLIENTES/SINERGIA-WEB/vendor/laravel/framework/src/Illuminate/Pipeline/Pipeline.php(219): Illuminate\\Http\\Middleware\\HandleCors->handle(Object(Illuminate\\Http\\Request), Object(Closure))
#43 /Users/alejandroleon/Documents/PROYECTOS CLIENTES/SINERGIA-WEB/vendor/laravel/framework/src/Illuminate/Http/Middleware/TrustProxies.php(58): Illuminate\\Pipeline\\Pipeline->Illuminate\\Pipeline\\{closure}(Object(Illuminate\\Http\\Request))
#44 /Users/alejandroleon/Documents/PROYECTOS CLIENTES/SINERGIA-WEB/vendor/laravel/framework/src/Illuminate/Pipeline/Pipeline.php(219): Illuminate\\Http\\Middleware\\TrustProxies->handle(Object(Illuminate\\Http\\Request), Object(Closure))
#45 /Users/alejandroleon/Documents/PROYECTOS CLIENTES/SINERGIA-WEB/vendor/laravel/framework/src/Illuminate/Foundation/Http/Middleware/InvokeDeferredCallbacks.php(22): Illuminate\\Pipeline\\Pipeline->Illuminate\\Pipeline\\{closure}(Object(Illuminate\\Http\\Request))
#46 /Users/alejandroleon/Documents/PROYECTOS CLIENTES/SINERGIA-WEB/vendor/laravel/framework/src/Illuminate/Pipeline/Pipeline.php(219): Illuminate\\Foundation\\Http\\Middleware\\InvokeDeferredCallbacks->handle(Object(Illuminate\\Http\\Request), Object(Closure))
#47 /Users/alejandroleon/Documents/PROYECTOS CLIENTES/SINERGIA-WEB/vendor/laravel/framework/src/Illuminate/Http/Middleware/ValidatePathEncoding.php(26): Illuminate\\Pipeline\\Pipeline->Illuminate\\Pipeline\\{closure}(Object(Illuminate\\Http\\Request))
#48 /Users/alejandroleon/Documents/PROYECTOS CLIENTES/SINERGIA-WEB/vendor/laravel/framework/src/Illuminate/Pipeline/Pipeline.php(219): Illuminate\\Http\\Middleware\\ValidatePathEncoding->handle(Object(Illuminate\\Http\\Request), Object(Closure))
#49 /Users/alejandroleon/Documents/PROYECTOS CLIENTES/SINERGIA-WEB/vendor/laravel/framework/src/Illuminate/Pipeline/Pipeline.php(137): Illuminate\\Pipeline\\Pipeline->Illuminate\\Pipeline\\{closure}(Object(Illuminate\\Http\\Request))
#50 /Users/alejandroleon/Documents/PROYECTOS CLIENTES/SINERGIA-WEB/vendor/laravel/framework/src/Illuminate/Foundation/Http/Kernel.php(175): Illuminate\\Pipeline\\Pipeline->then(Object(Closure))
#51 /Users/alejandroleon/Documents/PROYECTOS CLIENTES/SINERGIA-WEB/vendor/laravel/framework/src/Illuminate/Foundation/Http/Kernel.php(144): Illuminate\\Foundation\\Http\\Kernel->sendRequestThroughRouter(Object(Illuminate\\Http\\Request))
#52 /Users/alejandroleon/Documents/PROYECTOS CLIENTES/SINERGIA-WEB/vendor/laravel/framework/src/Illuminate/Foundation/Application.php(1220): Illuminate\\Foundation\\Http\\Kernel->handle(Object(Illuminate\\Http\\Request))
#53 /Users/alejandroleon/Documents/PROYECTOS CLIENTES/SINERGIA-WEB/public/index.php(17): Illuminate\\Foundation\\Application->handleRequest(Object(Illuminate\\Http\\Request))
#54 /Users/alejandroleon/Documents/PROYECTOS CLIENTES/SINERGIA-WEB/vendor/laravel/framework/src/Illuminate/Foundation/resources/server.php(23): require_once('/Users/alejandr...')
#55 {main}

[previous exception] [object] (Error(code: 0): Class \"Livewire\\Mechanisms\\ExtendBlade\\ExtendBlade\" not found at /Users/alejandroleon/Documents/PROYECTOS CLIENTES/SINERGIA-WEB/storage/framework/views/955dfe8b9f7f1af8668779189872e438.php:9)
[stacktrace]
#0 /Users/alejandroleon/Documents/PROYECTOS CLIENTES/SINERGIA-WEB/vendor/laravel/framework/src/Illuminate/Filesystem/Filesystem.php(123): require()
#1 /Users/alejandroleon/Documents/PROYECTOS CLIENTES/SINERGIA-WEB/vendor/laravel/framework/src/Illuminate/Filesystem/Filesystem.php(124): Illuminate\\Filesystem\\Filesystem::Illuminate\\Filesystem\\{closure}()
#2 /Users/alejandroleon/Documents/PROYECTOS CLIENTES/SINERGIA-WEB/vendor/laravel/framework/src/Illuminate/View/Engines/PhpEngine.php(57): Illuminate\\Filesystem\\Filesystem->getRequire('/Users/alejandr...', Array)
#3 /Users/alejandroleon/Documents/PROYECTOS CLIENTES/SINERGIA-WEB/vendor/laravel/framework/src/Illuminate/View/Engines/CompilerEngine.php(76): Illuminate\\View\\Engines\\PhpEngine->evaluatePath('/Users/alejandr...', Array)
#4 /Users/alejandroleon/Documents/PROYECTOS CLIENTES/SINERGIA-WEB/vendor/laravel/framework/src/Illuminate/View/View.php(208): Illuminate\\View\\Engines\\CompilerEngine->get('/Users/alejandr...', Array)
#5 /Users/alejandroleon/Documents/PROYECTOS CLIENTES/SINERGIA-WEB/vendor/laravel/framework/src/Illuminate/View/View.php(191): Illuminate\\View\\View->getContents()
#6 /Users/alejandroleon/Documents/PROYECTOS CLIENTES/SINERGIA-WEB/vendor/laravel/framework/src/Illuminate/View/View.php(160): Illuminate\\View\\View->renderContents()
#7 /Users/alejandroleon/Documents/PROYECTOS CLIENTES/SINERGIA-WEB/vendor/laravel/framework/src/Illuminate/Http/Response.php(78): Illuminate\\View\\View->render()
#8 /Users/alejandroleon/Documents/PROYECTOS CLIENTES/SINERGIA-WEB/vendor/laravel/framework/src/Illuminate/Http/Response.php(34): Illuminate\\Http\\Response->setContent(Object(Illuminate\\View\\View))
#9 /Users/alejandroleon/Documents/PROYECTOS CLIENTES/SINERGIA-WEB/vendor/laravel/framework/src/Illuminate/Routing/Router.php(939): Illuminate\\Http\\Response->__construct(Object(Illuminate\\View\\View), 200, Array)
#10 /Users/alejandroleon/Documents/PROYECTOS CLIENTES/SINERGIA-WEB/vendor/laravel/framework/src/Illuminate/Routing/Router.php(906): Illuminate\\Routing\\Router::toResponse(Object(Illuminate\\Http\\Request), Object(Illuminate\\View\\View))
#11 /Users/alejandroleon/Documents/PROYECTOS CLIENTES/SINERGIA-WEB/vendor/laravel/framework/src/Illuminate/Routing/Router.php(821): Illuminate\\Routing\\Router->prepareResponse(Object(Illuminate\\Http\\Request), Object(Illuminate\\View\\View))
#12 /Users/alejandroleon/Documents/PROYECTOS CLIENTES/SINERGIA-WEB/vendor/laravel/framework/src/Illuminate/Pipeline/Pipeline.php(180): Illuminate\\Routing\\Router->Illuminate\\Routing\\{closure}(Object(Illuminate\\Http\\Request))
#13 /Users/alejandroleon/Documents/PROYECTOS CLIENTES/SINERGIA-WEB/vendor/laravel/framework/src/Illuminate/Routing/Middleware/SubstituteBindings.php(50): Illuminate\\Pipeline\\Pipeline->Illuminate\\Pipeline\\{closure}(Object(Illuminate\\Http\\Request))
#14 /Users/alejandroleon/Documents/PROYECTOS CLIENTES/SINERGIA-WEB/vendor/laravel/framework/src/Illuminate/Pipeline/Pipeline.php(219): Illuminate\\Routing\\Middleware\\SubstituteBindings->handle(Object(Illuminate\\Http\\Request), Object(Closure))
#15 /Users/alejandroleon/Documents/PROYECTOS CLIENTES/SINERGIA-WEB/vendor/laravel/framework/src/Illuminate/Foundation/Http/Middleware/VerifyCsrfToken.php(87): Illuminate\\Pipeline\\Pipeline->Illuminate\\Pipeline\\{closure}(Object(Illuminate\\Http\\Request))
#16 /Users/alejandroleon/Documents/PROYECTOS CLIENTES/SINERGIA-WEB/vendor/laravel/framework/src/Illuminate/Pipeline/Pipeline.php(219): Illuminate\\Foundation\\Http\\Middleware\\VerifyCsrfToken->handle(Object(Illuminate\\Http\\Request), Object(Closure))
#17 /Users/alejandroleon/Documents/PROYECTOS CLIENTES/SINERGIA-WEB/vendor/laravel/framework/src/Illuminate/View/Middleware/ShareErrorsFromSession.php(48): Illuminate\\Pipeline\\Pipeline->Illuminate\\Pipeline\\{closure}(Object(Illuminate\\Http\\Request))
#18 /Users/alejandroleon/Documents/PROYECTOS CLIENTES/SINERGIA-WEB/vendor/laravel/framework/src/Illuminate/Pipeline/Pipeline.php(219): Illuminate\\View\\Middleware\\ShareErrorsFromSession->handle(Object(Illuminate\\Http\\Request), Object(Closure))
#19 /Users/alejandroleon/Documents/PROYECTOS CLIENTES/SINERGIA-WEB/vendor/laravel/framework/src/Illuminate/Session/Middleware/StartSession.php(120): Illuminate\\Pipeline\\Pipeline->Illuminate\\Pipeline\\{closure}(Object(Illuminate\\Http\\Request))
#20 /Users/alejandroleon/Documents/PROYECTOS CLIENTES/SINERGIA-WEB/vendor/laravel/framework/src/Illuminate/Session/Middleware/StartSession.php(63): Illuminate\\Session\\Middleware\\StartSession->handleStatefulRequest(Object(Illuminate\\Http\\Request), Object(Illuminate\\Session\\Store), Object(Closure))
#21 /Users/alejandroleon/Documents/PROYECTOS CLIENTES/SINERGIA-WEB/vendor/laravel/framework/src/Illuminate/Pipeline/Pipeline.php(219): Illuminate\\Session\\Middleware\\StartSession->handle(Object(Illuminate\\Http\\Request), Object(Closure))
#22 /Users/alejandroleon/Documents/PROYECTOS CLIENTES/SINERGIA-WEB/vendor/laravel/framework/src/Illuminate/Cookie/Middleware/AddQueuedCookiesToResponse.php(36): Illuminate\\Pipeline\\Pipeline->Illuminate\\Pipeline\\{closure}(Object(Illuminate\\Http\\Request))
#23 /Users/alejandroleon/Documents/PROYECTOS CLIENTES/SINERGIA-WEB/vendor/laravel/framework/src/Illuminate/Pipeline/Pipeline.php(219): Illuminate\\Cookie\\Middleware\\AddQueuedCookiesToResponse->handle(Object(Illuminate\\Http\\Request), Object(Closure))
#24 /Users/alejandroleon/Documents/PROYECTOS CLIENTES/SINERGIA-WEB/vendor/laravel/framework/src/Illuminate/Cookie/Middleware/EncryptCookies.php(74): Illuminate\\Pipeline\\Pipeline->Illuminate\\Pipeline\\{closure}(Object(Illuminate\\Http\\Request))
#25 /Users/alejandroleon/Documents/PROYECTOS CLIENTES/SINERGIA-WEB/vendor/laravel/framework/src/Illuminate/Pipeline/Pipeline.php(219): Illuminate\\Cookie\\Middleware\\EncryptCookies->handle(Object(Illuminate\\Http\\Request), Object(Closure))
#26 /Users/alejandroleon/Documents/PROYECTOS CLIENTES/SINERGIA-WEB/vendor/laravel/framework/src/Illuminate/Pipeline/Pipeline.php(137): Illuminate\\Pipeline\\Pipeline->Illuminate\\Pipeline\\{closure}(Object(Illuminate\\Http\\Request))
#27 /Users/alejandroleon/Documents/PROYECTOS CLIENTES/SINERGIA-WEB/vendor/laravel/framework/src/Illuminate/Routing/Router.php(821): Illuminate\\Pipeline\\Pipeline->then(Object(Closure))
#28 /Users/alejandroleon/Documents/PROYECTOS CLIENTES/SINERGIA-WEB/vendor/laravel/framework/src/Illuminate/Routing/Router.php(800): Illuminate\\Routing\\Router->runRouteWithinStack(Object(Illuminate\\Routing\\Route), Object(Illuminate\\Http\\Request))
#29 /Users/alejandroleon/Documents/PROYECTOS CLIENTES/SINERGIA-WEB/vendor/laravel/framework/src/Illuminate/Routing/Router.php(764): Illuminate\\Routing\\Router->runRoute(Object(Illuminate\\Http\\Request), Object(Illuminate\\Routing\\Route))
#30 /Users/alejandroleon/Documents/PROYECTOS CLIENTES/SINERGIA-WEB/vendor/laravel/framework/src/Illuminate/Routing/Router.php(753): Illuminate\\Routing\\Router->dispatchToRoute(Object(Illuminate\\Http\\Request))
#31 /Users/alejandroleon/Documents/PROYECTOS CLIENTES/SINERGIA-WEB/vendor/laravel/framework/src/Illuminate/Foundation/Http/Kernel.php(200): Illuminate\\Routing\\Router->dispatch(Object(Illuminate\\Http\\Request))
#32 /Users/alejandroleon/Documents/PROYECTOS CLIENTES/SINERGIA-WEB/vendor/laravel/framework/src/Illuminate/Pipeline/Pipeline.php(180): Illuminate\\Foundation\\Http\\Kernel->Illuminate\\Foundation\\Http\\{closure}(Object(Illuminate\\Http\\Request))
#33 /Users/alejandroleon/Documents/PROYECTOS CLIENTES/SINERGIA-WEB/vendor/laravel/framework/src/Illuminate/Foundation/Http/Middleware/TransformsRequest.php(21): Illuminate\\Pipeline\\Pipeline->Illuminate\\Pipeline\\{closure}(Object(Illuminate\\Http\\Request))
#34 /Users/alejandroleon/Documents/PROYECTOS CLIENTES/SINERGIA-WEB/vendor/laravel/framework/src/Illuminate/Foundation/Http/Middleware/ConvertEmptyStringsToNull.php(31): Illuminate\\Foundation\\Http\\Middleware\\TransformsRequest->handle(Object(Illuminate\\Http\\Request), Object(Closure))
#35 /Users/alejandroleon/Documents/PROYECTOS CLIENTES/SINERGIA-WEB/vendor/laravel/framework/src/Illuminate/Pipeline/Pipeline.php(219): Illuminate\\Foundation\\Http\\Middleware\\ConvertEmptyStringsToNull->handle(Object(Illuminate\\Http\\Request), Object(Closure))
#36 /Users/alejandroleon/Documents/PROYECTOS CLIENTES/SINERGIA-WEB/vendor/laravel/framework/src/Illuminate/Foundation/Http/Middleware/TransformsRequest.php(21): Illuminate\\Pipeline\\Pipeline->Illuminate\\Pipeline\\{closure}(Object(Illuminate\\Http\\Request))
#37 /Users/alejandroleon/Documents/PROYECTOS CLIENTES/SINERGIA-WEB/vendor/laravel/framework/src/Illuminate/Foundation/Http/Middleware/TrimStrings.php(51): Illuminate\\Foundation\\Http\\Middleware\\TransformsRequest->handle(Object(Illuminate\\Http\\Request), Object(Closure))
#38 /Users/alejandroleon/Documents/PROYECTOS CLIENTES/SINERGIA-WEB/vendor/laravel/framework/src/Illuminate/Pipeline/Pipeline.php(219): Illuminate\\Foundation\\Http\\Middleware\\TrimStrings->handle(Object(Illuminate\\Http\\Request), Object(Closure))
#39 /Users/alejandroleon/Documents/PROYECTOS CLIENTES/SINERGIA-WEB/vendor/laravel/framework/src/Illuminate/Http/Middleware/ValidatePostSize.php(27): Illuminate\\Pipeline\\Pipeline->Illuminate\\Pipeline\\{closure}(Object(Illuminate\\Http\\Request))
#40 /Users/alejandroleon/Documents/PROYECTOS CLIENTES/SINERGIA-WEB/vendor/laravel/framework/src/Illuminate/Pipeline/Pipeline.php(219): Illuminate\\Http\\Middleware\\ValidatePostSize->handle(Object(Illuminate\\Http\\Request), Object(Closure))
#41 /Users/alejandroleon/Documents/PROYECTOS CLIENTES/SINERGIA-WEB/vendor/laravel/framework/src/Illuminate/Foundation/Http/Middleware/PreventRequestsDuringMaintenance.php(109): Illuminate\\Pipeline\\Pipeline->Illuminate\\Pipeline\\{closure}(Object(Illuminate\\Http\\Request))
#42 /Users/alejandroleon/Documents/PROYECTOS CLIENTES/SINERGIA-WEB/vendor/laravel/framework/src/Illuminate/Pipeline/Pipeline.php(219): Illuminate\\Foundation\\Http\\Middleware\\PreventRequestsDuringMaintenance->handle(Object(Illuminate\\Http\\Request), Object(Closure))
#43 /Users/alejandroleon/Documents/PROYECTOS CLIENTES/SINERGIA-WEB/vendor/laravel/framework/src/Illuminate/Http/Middleware/HandleCors.php(61): Illuminate\\Pipeline\\Pipeline->Illuminate\\Pipeline\\{closure}(Object(Illuminate\\Http\\Request))
#44 /Users/alejandroleon/Documents/PROYECTOS CLIENTES/SINERGIA-WEB/vendor/laravel/framework/src/Illuminate/Pipeline/Pipeline.php(219): Illuminate\\Http\\Middleware\\HandleCors->handle(Object(Illuminate\\Http\\Request), Object(Closure))
#45 /Users/alejandroleon/Documents/PROYECTOS CLIENTES/SINERGIA-WEB/vendor/laravel/framework/src/Illuminate/Http/Middleware/TrustProxies.php(58): Illuminate\\Pipeline\\Pipeline->Illuminate\\Pipeline\\{closure}(Object(Illuminate\\Http\\Request))
#46 /Users/alejandroleon/Documents/PROYECTOS CLIENTES/SINERGIA-WEB/vendor/laravel/framework/src/Illuminate/Pipeline/Pipeline.php(219): Illuminate\\Http\\Middleware\\TrustProxies->handle(Object(Illuminate\\Http\\Request), Object(Closure))
#47 /Users/alejandroleon/Documents/PROYECTOS CLIENTES/SINERGIA-WEB/vendor/laravel/framework/src/Illuminate/Foundation/Http/Middleware/InvokeDeferredCallbacks.php(22): Illuminate\\Pipeline\\Pipeline->Illuminate\\Pipeline\\{closure}(Object(Illuminate\\Http\\Request))
#48 /Users/alejandroleon/Documents/PROYECTOS CLIENTES/SINERGIA-WEB/vendor/laravel/framework/src/Illuminate/Pipeline/Pipeline.php(219): Illuminate\\Foundation\\Http\\Middleware\\InvokeDeferredCallbacks->handle(Object(Illuminate\\Http\\Request), Object(Closure))
#49 /Users/alejandroleon/Documents/PROYECTOS CLIENTES/SINERGIA-WEB/vendor/laravel/framework/src/Illuminate/Http/Middleware/ValidatePathEncoding.php(26): Illuminate\\Pipeline\\Pipeline->Illuminate\\Pipeline\\{closure}(Object(Illuminate\\Http\\Request))
#50 /Users/alejandroleon/Documents/PROYECTOS CLIENTES/SINERGIA-WEB/vendor/laravel/framework/src/Illuminate/Pipeline/Pipeline.php(219): Illuminate\\Http\\Middleware\\ValidatePathEncoding->handle(Object(Illuminate\\Http\\Request), Object(Closure))
#51 /Users/alejandroleon/Documents/PROYECTOS CLIENTES/SINERGIA-WEB/vendor/laravel/framework/src/Illuminate/Pipeline/Pipeline.php(137): Illuminate\\Pipeline\\Pipeline->Illuminate\\Pipeline\\{closure}(Object(Illuminate\\Http\\Request))
#52 /Users/alejandroleon/Documents/PROYECTOS CLIENTES/SINERGIA-WEB/vendor/laravel/framework/src/Illuminate/Foundation/Http/Kernel.php(175): Illuminate\\Pipeline\\Pipeline->then(Object(Closure))
#53 /Users/alejandroleon/Documents/PROYECTOS CLIENTES/SINERGIA-WEB/vendor/laravel/framework/src/Illuminate/Foundation/Http/Kernel.php(144): Illuminate\\Foundation\\Http\\Kernel->sendRequestThroughRouter(Object(Illuminate\\Http\\Request))
#54 /Users/alejandroleon/Documents/PROYECTOS CLIENTES/SINERGIA-WEB/vendor/laravel/framework/src/Illuminate/Foundation/Application.php(1220): Illuminate\\Foundation\\Http\\Kernel->handle(Object(Illuminate\\Http\\Request))
#55 /Users/alejandroleon/Documents/PROYECTOS CLIENTES/SINERGIA-WEB/public/index.php(17): Illuminate\\Foundation\\Application->handleRequest(Object(Illuminate\\Http\\Request))
#56 /Users/alejandroleon/Documents/PROYECTOS CLIENTES/SINERGIA-WEB/vendor/laravel/framework/src/Illuminate/Foundation/resources/server.php(23): require_once('/Users/alejandr...')
#57 {main}
"} 
[2026-06-04 01:04:46] local.ERROR: Class "Livewire\Mechanisms\ExtendBlade\ExtendBlade" not found (View: /Users/alejandroleon/Documents/PROYECTOS CLIENTES/SINERGIA-WEB/resources/views/pages/home.blade.php) {"userId":1,"exception":"[object] (Illuminate\\View\\ViewException(code: 0): Class \"Livewire\\Mechanisms\\ExtendBlade\\ExtendBlade\" not found (View: /Users/alejandroleon/Documents/PROYECTOS CLIENTES/SINERGIA-WEB/resources/views/pages/home.blade.php) at /Users/alejandroleon/Documents/PROYECTOS CLIENTES/SINERGIA-WEB/storage/framework/views/955dfe8b9f7f1af8668779189872e438.php:9)
[stacktrace]
#0 /Users/alejandroleon/Documents/PROYECTOS CLIENTES/SINERGIA-WEB/vendor/laravel/framework/src/Illuminate/View/Engines/PhpEngine.php(59): Illuminate\\View\\Engines\\CompilerEngine->handleViewException(Object(Error), 1)
#1 /Users/alejandroleon/Documents/PROYECTOS CLIENTES/SINERGIA-WEB/vendor/laravel/framework/src/Illuminate/View/Engines/CompilerEngine.php(76): Illuminate\\View\\Engines\\PhpEngine->evaluatePath('/Users/alejandr...', Array)
#2 /Users/alejandroleon/Documents/PROYECTOS CLIENTES/SINERGIA-WEB/vendor/laravel/framework/src/Illuminate/View/View.php(208): Illuminate\\View\\Engines\\CompilerEngine->get('/Users/alejandr...', Array)
#3 /Users/alejandroleon/Documents/PROYECTOS CLIENTES/SINERGIA-WEB/vendor/laravel/framework/src/Illuminate/View/View.php(191): Illuminate\\View\\View->getContents()
#4 /Users/alejandroleon/Documents/PROYECTOS CLIENTES/SINERGIA-WEB/vendor/laravel/framework/src/Illuminate/View/View.php(160): Illuminate\\View\\View->renderContents()
#5 /Users/alejandroleon/Documents/PROYECTOS CLIENTES/SINERGIA-WEB/vendor/laravel/framework/src/Illuminate/Http/Response.php(78): Illuminate\\View\\View->render()
#6 /Users/alejandroleon/Documents/PROYECTOS CLIENTES/SINERGIA-WEB/vendor/laravel/framework/src/Illuminate/Http/Response.php(34): Illuminate\\Http\\Response->setContent(Object(Illuminate\\View\\View))
#7 /Users/alejandroleon/Documents/PROYECTOS CLIENTES/SINERGIA-WEB/vendor/laravel/framework/src/Illuminate/Routing/Router.php(939): Illuminate\\Http\\Response->__construct(Object(Illuminate\\View\\View), 200, Array)
#8 /Users/alejandroleon/Documents/PROYECTOS CLIENTES/SINERGIA-WEB/vendor/laravel/framework/src/Illuminate/Routing/Router.php(906): Illuminate\\Routing\\Router::toResponse(Object(Illuminate\\Http\\Request), Object(Illuminate\\View\\View))
#9 /Users/alejandroleon/Documents/PROYECTOS CLIENTES/SINERGIA-WEB/vendor/laravel/framework/src/Illuminate/Routing/Router.php(821): Illuminate\\Routing\\Router->prepareResponse(Object(Illuminate\\Http\\Request), Object(Illuminate\\View\\View))
#10 /Users/alejandroleon/Documents/PROYECTOS CLIENTES/SINERGIA-WEB/vendor/laravel/framework/src/Illuminate/Pipeline/Pipeline.php(180): Illuminate\\Routing\\Router->Illuminate\\Routing\\{closure}(Object(Illuminate\\Http\\Request))
#11 /Users/alejandroleon/Documents/PROYECTOS CLIENTES/SINERGIA-WEB/vendor/laravel/framework/src/Illuminate/Routing/Middleware/SubstituteBindings.php(50): Illuminate\\Pipeline\\Pipeline->Illuminate\\Pipeline\\{closure}(Object(Illuminate\\Http\\Request))
#12 /Users/alejandroleon/Documents/PROYECTOS CLIENTES/SINERGIA-WEB/vendor/laravel/framework/src/Illuminate/Pipeline/Pipeline.php(219): Illuminate\\Routing\\Middleware\\SubstituteBindings->handle(Object(Illuminate\\Http\\Request), Object(Closure))
#13 /Users/alejandroleon/Documents/PROYECTOS CLIENTES/SINERGIA-WEB/vendor/laravel/framework/src/Illuminate/Foundation/Http/Middleware/VerifyCsrfToken.php(87): Illuminate\\Pipeline\\Pipeline->Illuminate\\Pipeline\\{closure}(Object(Illuminate\\Http\\Request))
#14 /Users/alejandroleon/Documents/PROYECTOS CLIENTES/SINERGIA-WEB/vendor/laravel/framework/src/Illuminate/Pipeline/Pipeline.php(219): Illuminate\\Foundation\\Http\\Middleware\\VerifyCsrfToken->handle(Object(Illuminate\\Http\\Request), Object(Closure))
#15 /Users/alejandroleon/Documents/PROYECTOS CLIENTES/SINERGIA-WEB/vendor/laravel/framework/src/Illuminate/View/Middleware/ShareErrorsFromSession.php(48): Illuminate\\Pipeline\\Pipeline->Illuminate\\Pipeline\\{closure}(Object(Illuminate\\Http\\Request))
#16 /Users/alejandroleon/Documents/PROYECTOS CLIENTES/SINERGIA-WEB/vendor/laravel/framework/src/Illuminate/Pipeline/Pipeline.php(219): Illuminate\\View\\Middleware\\ShareErrorsFromSession->handle(Object(Illuminate\\Http\\Request), Object(Closure))
#17 /Users/alejandroleon/Documents/PROYECTOS CLIENTES/SINERGIA-WEB/vendor/laravel/framework/src/Illuminate/Session/Middleware/StartSession.php(120): Illuminate\\Pipeline\\Pipeline->Illuminate\\Pipeline\\{closure}(Object(Illuminate\\Http\\Request))
#18 /Users/alejandroleon/Documents/PROYECTOS CLIENTES/SINERGIA-WEB/vendor/laravel/framework/src/Illuminate/Session/Middleware/StartSession.php(63): Illuminate\\Session\\Middleware\\StartSession->handleStatefulRequest(Object(Illuminate\\Http\\Request), Object(Illuminate\\Session\\Store), Object(Closure))
#19 /Users/alejandroleon/Documents/PROYECTOS CLIENTES/SINERGIA-WEB/vendor/laravel/framework/src/Illuminate/Pipeline/Pipeline.php(219): Illuminate\\Session\\Middleware\\StartSession->handle(Object(Illuminate\\Http\\Request), Object(Closure))
#20 /Users/alejandroleon/Documents/PROYECTOS CLIENTES/SINERGIA-WEB/vendor/laravel/framework/src/Illuminate/Cookie/Middleware/AddQueuedCookiesToResponse.php(36): Illuminate\\Pipeline\\Pipeline->Illuminate\\Pipeline\\{closure}(Object(Illuminate\\Http\\Request))
#21 /Users/alejandroleon/Documents/PROYECTOS CLIENTES/SINERGIA-WEB/vendor/laravel/framework/src/Illuminate/Pipeline/Pipeline.php(219): Illuminate\\Cookie\\Middleware\\AddQueuedCookiesToResponse->handle(Object(Illuminate\\Http\\Request), Object(Closure))
#22 /Users/alejandroleon/Documents/PROYECTOS CLIENTES/SINERGIA-WEB/vendor/laravel/framework/src/Illuminate/Cookie/Middleware/EncryptCookies.php(74): Illuminate\\Pipeline\\Pipeline->Illuminate\\Pipeline\\{closure}(Object(Illuminate\\Http\\Request))
#23 /Users/alejandroleon/Documents/PROYECTOS CLIENTES/SINERGIA-WEB/vendor/laravel/framework/src/Illuminate/Pipeline/Pipeline.php(219): Illuminate\\Cookie\\Middleware\\EncryptCookies->handle(Object(Illuminate\\Http\\Request), Object(Closure))
#24 /Users/alejandroleon/Documents/PROYECTOS CLIENTES/SINERGIA-WEB/vendor/laravel/framework/src/Illuminate/Pipeline/Pipeline.php(137): Illuminate\\Pipeline\\Pipeline->Illuminate\\Pipeline\\{closure}(Object(Illuminate\\Http\\Request))
#25 /Users/alejandroleon/Documents/PROYECTOS CLIENTES/SINERGIA-WEB/vendor/laravel/framework/src/Illuminate/Routing/Router.php(821): Illuminate\\Pipeline\\Pipeline->then(Object(Closure))
#26 /Users/alejandroleon/Documents/PROYECTOS CLIENTES/SINERGIA-WEB/vendor/laravel/framework/src/Illuminate/Routing/Router.php(800): Illuminate\\Routing\\Router->runRouteWithinStack(Object(Illuminate\\Routing\\Route), Object(Illuminate\\Http\\Request))
#27 /Users/alejandroleon/Documents/PROYECTOS CLIENTES/SINERGIA-WEB/vendor/laravel/framework/src/Illuminate/Routing/Router.php(764): Illuminate\\Routing\\Router->runRoute(Object(Illuminate\\Http\\Request), Object(Illuminate\\Routing\\Route))
#28 /Users/alejandroleon/Documents/PROYECTOS CLIENTES/SINERGIA-WEB/vendor/laravel/framework/src/Illuminate/Routing/Router.php(753): Illuminate\\Routing\\Router->dispatchToRoute(Object(Illuminate\\Http\\Request))
#29 /Users/alejandroleon/Documents/PROYECTOS CLIENTES/SINERGIA-WEB/vendor/laravel/framework/src/Illuminate/Foundation/Http/Kernel.php(200): Illuminate\\Routing\\Router->dispatch(Object(Illuminate\\Http\\Request))
#30 /Users/alejandroleon/Documents/PROYECTOS CLIENTES/SINERGIA-WEB/vendor/laravel/framework/src/Illuminate/Pipeline/Pipeline.php(180): Illuminate\\Foundation\\Http\\Kernel->Illuminate\\Foundation\\Http\\{closure}(Object(Illuminate\\Http\\Request))
#31 /Users/alejandroleon/Documents/PROYECTOS CLIENTES/SINERGIA-WEB/vendor/laravel/framework/src/Illuminate/Foundation/Http/Middleware/TransformsRequest.php(21): Illuminate\\Pipeline\\Pipeline->Illuminate\\Pipeline\\{closure}(Object(Illuminate\\Http\\Request))
#32 /Users/alejandroleon/Documents/PROYECTOS CLIENTES/SINERGIA-WEB/vendor/laravel/framework/src/Illuminate/Foundation/Http/Middleware/ConvertEmptyStringsToNull.php(31): Illuminate\\Foundation\\Http\\Middleware\\TransformsRequest->handle(Object(Illuminate\\Http\\Request), Object(Closure))
#33 /Users/alejandroleon/Documents/PROYECTOS CLIENTES/SINERGIA-WEB/vendor/laravel/framework/src/Illuminate/Pipeline/Pipeline.php(219): Illuminate\\Foundation\\Http\\Middleware\\ConvertEmptyStringsToNull->handle(Object(Illuminate\\Http\\Request), Object(Closure))
#34 /Users/alejandroleon/Documents/PROYECTOS CLIENTES/SINERGIA-WEB/vendor/laravel/framework/src/Illuminate/Foundation/Http/Middleware/TransformsRequest.php(21): Illuminate\\Pipeline\\Pipeline->Illuminate\\Pipeline\\{closure}(Object(Illuminate\\Http\\Request))
#35 /Users/alejandroleon/Documents/PROYECTOS CLIENTES/SINERGIA-WEB/vendor/laravel/framework/src/Illuminate/Foundation/Http/Middleware/TrimStrings.php(51): Illuminate\\Foundation\\Http\\Middleware\\TransformsRequest->handle(Object(Illuminate\\Http\\Request), Object(Closure))
#36 /Users/alejandroleon/Documents/PROYECTOS CLIENTES/SINERGIA-WEB/vendor/laravel/framework/src/Illuminate/Pipeline/Pipeline.php(219): Illuminate\\Foundation\\Http\\Middleware\\TrimStrings->handle(Object(Illuminate\\Http\\Request), Object(Closure))
#37 /Users/alejandroleon/Documents/PROYECTOS CLIENTES/SINERGIA-WEB/vendor/laravel/framework/src/Illuminate/Http/Middleware/ValidatePostSize.php(27): Illuminate\\Pipeline\\Pipeline->Illuminate\\Pipeline\\{closure}(Object(Illuminate\\Http\\Request))
#38 /Users/alejandroleon/Documents/PROYECTOS CLIENTES/SINERGIA-WEB/vendor/laravel/framework/src/Illuminate/Pipeline/Pipeline.php(219): Illuminate\\Http\\Middleware\\ValidatePostSize->handle(Object(Illuminate\\Http\\Request), Object(Closure))
#39 /Users/alejandroleon/Documents/PROYECTOS CLIENTES/SINERGIA-WEB/vendor/laravel/framework/src/Illuminate/Foundation/Http/Middleware/PreventRequestsDuringMaintenance.php(109): Illuminate\\Pipeline\\Pipeline->Illuminate\\Pipeline\\{closure}(Object(Illuminate\\Http\\Request))
#40 /Users/alejandroleon/Documents/PROYECTOS CLIENTES/SINERGIA-WEB/vendor/laravel/framework/src/Illuminate/Pipeline/Pipeline.php(219): Illuminate\\Foundation\\Http\\Middleware\\PreventRequestsDuringMaintenance->handle(Object(Illuminate\\Http\\Request), Object(Closure))
#41 /Users/alejandroleon/Documents/PROYECTOS CLIENTES/SINERGIA-WEB/vendor/laravel/framework/src/Illuminate/Http/Middleware/HandleCors.php(61): Illuminate\\Pipeline\\Pipeline->Illuminate\\Pipeline\\{closure}(Object(Illuminate\\Http\\Request))
#42 /Users/alejandroleon/Documents/PROYECTOS CLIENTES/SINERGIA-WEB/vendor/laravel/framework/src/Illuminate/Pipeline/Pipeline.php(219): Illuminate\\Http\\Middleware\\HandleCors->handle(Object(Illuminate\\Http\\Request), Object(Closure))
#43 /Users/alejandroleon/Documents/PROYECTOS CLIENTES/SINERGIA-WEB/vendor/laravel/framework/src/Illuminate/Http/Middleware/TrustProxies.php(58): Illuminate\\Pipeline\\Pipeline->Illuminate\\Pipeline\\{closure}(Object(Illuminate\\Http\\Request))
#44 /Users/alejandroleon/Documents/PROYECTOS CLIENTES/SINERGIA-WEB/vendor/laravel/framework/src/Illuminate/Pipeline/Pipeline.php(219): Illuminate\\Http\\Middleware\\TrustProxies->handle(Object(Illuminate\\Http\\Request), Object(Closure))
#45 /Users/alejandroleon/Documents/PROYECTOS CLIENTES/SINERGIA-WEB/vendor/laravel/framework/src/Illuminate/Foundation/Http/Middleware/InvokeDeferredCallbacks.php(22): Illuminate\\Pipeline\\Pipeline->Illuminate\\Pipeline\\{closure}(Object(Illuminate\\Http\\Request))
#46 /Users/alejandroleon/Documents/PROYECTOS CLIENTES/SINERGIA-WEB/vendor/laravel/framework/src/Illuminate/Pipeline/Pipeline.php(219): Illuminate\\Foundation\\Http\\Middleware\\InvokeDeferredCallbacks->handle(Object(Illuminate\\Http\\Request), Object(Closure))
#47 /Users/alejandroleon/Documents/PROYECTOS CLIENTES/SINERGIA-WEB/vendor/laravel/framework/src/Illuminate/Http/Middleware/ValidatePathEncoding.php(26): Illuminate\\Pipeline\\Pipeline->Illuminate\\Pipeline\\{closure}(Object(Illuminate\\Http\\Request))
#48 /Users/alejandroleon/Documents/PROYECTOS CLIENTES/SINERGIA-WEB/vendor/laravel/framework/src/Illuminate/Pipeline/Pipeline.php(219): Illuminate\\Http\\Middleware\\ValidatePathEncoding->handle(Object(Illuminate\\Http\\Request), Object(Closure))
#49 /Users/alejandroleon/Documents/PROYECTOS CLIENTES/SINERGIA-WEB/vendor/laravel/framework/src/Illuminate/Pipeline/Pipeline.php(137): Illuminate\\Pipeline\\Pipeline->Illuminate\\Pipeline\\{closure}(Object(Illuminate\\Http\\Request))
#50 /Users/alejandroleon/Documents/PROYECTOS CLIENTES/SINERGIA-WEB/vendor/laravel/framework/src/Illuminate/Foundation/Http/Kernel.php(175): Illuminate\\Pipeline\\Pipeline->then(Object(Closure))
#51 /Users/alejandroleon/Documents/PROYECTOS CLIENTES/SINERGIA-WEB/vendor/laravel/framework/src/Illuminate/Foundation/Http/Kernel.php(144): Illuminate\\Foundation\\Http\\Kernel->sendRequestThroughRouter(Object(Illuminate\\Http\\Request))
#52 /Users/alejandroleon/Documents/PROYECTOS CLIENTES/SINERGIA-WEB/vendor/laravel/framework/src/Illuminate/Foundation/Application.php(1220): Illuminate\\Foundation\\Http\\Kernel->handle(Object(Illuminate\\Http\\Request))
#53 /Users/alejandroleon/Documents/PROYECTOS CLIENTES/SINERGIA-WEB/public/index.php(17): Illuminate\\Foundation\\Application->handleRequest(Object(Illuminate\\Http\\Request))
#54 /Users/alejandroleon/Documents/PROYECTOS CLIENTES/SINERGIA-WEB/vendor/laravel/framework/src/Illuminate/Foundation/resources/server.php(23): require_once('/Users/alejandr...')
#55 {main}

[previous exception] [object] (Error(code: 0): Class \"Livewire\\Mechanisms\\ExtendBlade\\ExtendBlade\" not found at /Users/alejandroleon/Documents/PROYECTOS CLIENTES/SINERGIA-WEB/storage/framework/views/955dfe8b9f7f1af8668779189872e438.php:9)
[stacktrace]
#0 /Users/alejandroleon/Documents/PROYECTOS CLIENTES/SINERGIA-WEB/vendor/laravel/framework/src/Illuminate/Filesystem/Filesystem.php(123): require()
#1 /Users/alejandroleon/Documents/PROYECTOS CLIENTES/SINERGIA-WEB/vendor/laravel/framework/src/Illuminate/Filesystem/Filesystem.php(124): Illuminate\\Filesystem\\Filesystem::Illuminate\\Filesystem\\{closure}()
#2 /Users/alejandroleon/Documents/PROYECTOS CLIENTES/SINERGIA-WEB/vendor/laravel/framework/src/Illuminate/View/Engines/PhpEngine.php(57): Illuminate\\Filesystem\\Filesystem->getRequire('/Users/alejandr...', Array)
#3 /Users/alejandroleon/Documents/PROYECTOS CLIENTES/SINERGIA-WEB/vendor/laravel/framework/src/Illuminate/View/Engines/CompilerEngine.php(76): Illuminate\\View\\Engines\\PhpEngine->evaluatePath('/Users/alejandr...', Array)
#4 /Users/alejandroleon/Documents/PROYECTOS CLIENTES/SINERGIA-WEB/vendor/laravel/framework/src/Illuminate/View/View.php(208): Illuminate\\View\\Engines\\CompilerEngine->get('/Users/alejandr...', Array)
#5 /Users/alejandroleon/Documents/PROYECTOS CLIENTES/SINERGIA-WEB/vendor/laravel/framework/src/Illuminate/View/View.php(191): Illuminate\\View\\View->getContents()
#6 /Users/alejandroleon/Documents/PROYECTOS CLIENTES/SINERGIA-WEB/vendor/laravel/framework/src/Illuminate/View/View.php(160): Illuminate\\View\\View->renderContents()
#7 /Users/alejandroleon/Documents/PROYECTOS CLIENTES/SINERGIA-WEB/vendor/laravel/framework/src/Illuminate/Http/Response.php(78): Illuminate\\View\\View->render()
#8 /Users/alejandroleon/Documents/PROYECTOS CLIENTES/SINERGIA-WEB/vendor/laravel/framework/src/Illuminate/Http/Response.php(34): Illuminate\\Http\\Response->setContent(Object(Illuminate\\View\\View))
#9 /Users/alejandroleon/Documents/PROYECTOS CLIENTES/SINERGIA-WEB/vendor/laravel/framework/src/Illuminate/Routing/Router.php(939): Illuminate\\Http\\Response->__construct(Object(Illuminate\\View\\View), 200, Array)
#10 /Users/alejandroleon/Documents/PROYECTOS CLIENTES/SINERGIA-WEB/vendor/laravel/framework/src/Illuminate/Routing/Router.php(906): Illuminate\\Routing\\Router::toResponse(Object(Illuminate\\Http\\Request), Object(Illuminate\\View\\View))
#11 /Users/alejandroleon/Documents/PROYECTOS CLIENTES/SINERGIA-WEB/vendor/laravel/framework/src/Illuminate/Routing/Router.php(821): Illuminate\\Routing\\Router->prepareResponse(Object(Illuminate\\Http\\Request), Object(Illuminate\\View\\View))
#12 /Users/alejandroleon/Documents/PROYECTOS CLIENTES/SINERGIA-WEB/vendor/laravel/framework/src/Illuminate/Pipeline/Pipeline.php(180): Illuminate\\Routing\\Router->Illuminate\\Routing\\{closure}(Object(Illuminate\\Http\\Request))
#13 /Users/alejandroleon/Documents/PROYECTOS CLIENTES/SINERGIA-WEB/vendor/laravel/framework/src/Illuminate/Routing/Middleware/SubstituteBindings.php(50): Illuminate\\Pipeline\\Pipeline->Illuminate\\Pipeline\\{closure}(Object(Illuminate\\Http\\Request))
#14 /Users/alejandroleon/Documents/PROYECTOS CLIENTES/SINERGIA-WEB/vendor/laravel/framework/src/Illuminate/Pipeline/Pipeline.php(219): Illuminate\\Routing\\Middleware\\SubstituteBindings->handle(Object(Illuminate\\Http\\Request), Object(Closure))
#15 /Users/alejandroleon/Documents/PROYECTOS CLIENTES/SINERGIA-WEB/vendor/laravel/framework/src/Illuminate/Foundation/Http/Middleware/VerifyCsrfToken.php(87): Illuminate\\Pipeline\\Pipeline->Illuminate\\Pipeline\\{closure}(Object(Illuminate\\Http\\Request))
#16 /Users/alejandroleon/Documents/PROYECTOS CLIENTES/SINERGIA-WEB/vendor/laravel/framework/src/Illuminate/Pipeline/Pipeline.php(219): Illuminate\\Foundation\\Http\\Middleware\\VerifyCsrfToken->handle(Object(Illuminate\\Http\\Request), Object(Closure))
#17 /Users/alejandroleon/Documents/PROYECTOS CLIENTES/SINERGIA-WEB/vendor/laravel/framework/src/Illuminate/View/Middleware/ShareErrorsFromSession.php(48): Illuminate\\Pipeline\\Pipeline->Illuminate\\Pipeline\\{closure}(Object(Illuminate\\Http\\Request))
#18 /Users/alejandroleon/Documents/PROYECTOS CLIENTES/SINERGIA-WEB/vendor/laravel/framework/src/Illuminate/Pipeline/Pipeline.php(219): Illuminate\\View\\Middleware\\ShareErrorsFromSession->handle(Object(Illuminate\\Http\\Request), Object(Closure))
#19 /Users/alejandroleon/Documents/PROYECTOS CLIENTES/SINERGIA-WEB/vendor/laravel/framework/src/Illuminate/Session/Middleware/StartSession.php(120): Illuminate\\Pipeline\\Pipeline->Illuminate\\Pipeline\\{closure}(Object(Illuminate\\Http\\Request))
#20 /Users/alejandroleon/Documents/PROYECTOS CLIENTES/SINERGIA-WEB/vendor/laravel/framework/src/Illuminate/Session/Middleware/StartSession.php(63): Illuminate\\Session\\Middleware\\StartSession->handleStatefulRequest(Object(Illuminate\\Http\\Request), Object(Illuminate\\Session\\Store), Object(Closure))
#21 /Users/alejandroleon/Documents/PROYECTOS CLIENTES/SINERGIA-WEB/vendor/laravel/framework/src/Illuminate/Pipeline/Pipeline.php(219): Illuminate\\Session\\Middleware\\StartSession->handle(Object(Illuminate\\Http\\Request), Object(Closure))
#22 /Users/alejandroleon/Documents/PROYECTOS CLIENTES/SINERGIA-WEB/vendor/laravel/framework/src/Illuminate/Cookie/Middleware/AddQueuedCookiesToResponse.php(36): Illuminate\\Pipeline\\Pipeline->Illuminate\\Pipeline\\{closure}(Object(Illuminate\\Http\\Request))
#23 /Users/alejandroleon/Documents/PROYECTOS CLIENTES/SINERGIA-WEB/vendor/laravel/framework/src/Illuminate/Pipeline/Pipeline.php(219): Illuminate\\Cookie\\Middleware\\AddQueuedCookiesToResponse->handle(Object(Illuminate\\Http\\Request), Object(Closure))
#24 /Users/alejandroleon/Documents/PROYECTOS CLIENTES/SINERGIA-WEB/vendor/laravel/framework/src/Illuminate/Cookie/Middleware/EncryptCookies.php(74): Illuminate\\Pipeline\\Pipeline->Illuminate\\Pipeline\\{closure}(Object(Illuminate\\Http\\Request))
#25 /Users/alejandroleon/Documents/PROYECTOS CLIENTES/SINERGIA-WEB/vendor/laravel/framework/src/Illuminate/Pipeline/Pipeline.php(219): Illuminate\\Cookie\\Middleware\\EncryptCookies->handle(Object(Illuminate\\Http\\Request), Object(Closure))
#26 /Users/alejandroleon/Documents/PROYECTOS CLIENTES/SINERGIA-WEB/vendor/laravel/framework/src/Illuminate/Pipeline/Pipeline.php(137): Illuminate\\Pipeline\\Pipeline->Illuminate\\Pipeline\\{closure}(Object(Illuminate\\Http\\Request))
#27 /Users/alejandroleon/Documents/PROYECTOS CLIENTES/SINERGIA-WEB/vendor/laravel/framework/src/Illuminate/Routing/Router.php(821): Illuminate\\Pipeline\\Pipeline->then(Object(Closure))
#28 /Users/alejandroleon/Documents/PROYECTOS CLIENTES/SINERGIA-WEB/vendor/laravel/framework/src/Illuminate/Routing/Router.php(800): Illuminate\\Routing\\Router->runRouteWithinStack(Object(Illuminate\\Routing\\Route), Object(Illuminate\\Http\\Request))
#29 /Users/alejandroleon/Documents/PROYECTOS CLIENTES/SINERGIA-WEB/vendor/laravel/framework/src/Illuminate/Routing/Router.php(764): Illuminate\\Routing\\Router->runRoute(Object(Illuminate\\Http\\Request), Object(Illuminate\\Routing\\Route))
#30 /Users/alejandroleon/Documents/PROYECTOS CLIENTES/SINERGIA-WEB/vendor/laravel/framework/src/Illuminate/Routing/Router.php(753): Illuminate\\Routing\\Router->dispatchToRoute(Object(Illuminate\\Http\\Request))
#31 /Users/alejandroleon/Documents/PROYECTOS CLIENTES/SINERGIA-WEB/vendor/laravel/framework/src/Illuminate/Foundation/Http/Kernel.php(200): Illuminate\\Routing\\Router->dispatch(Object(Illuminate\\Http\\Request))
#32 /Users/alejandroleon/Documents/PROYECTOS CLIENTES/SINERGIA-WEB/vendor/laravel/framework/src/Illuminate/Pipeline/Pipeline.php(180): Illuminate\\Foundation\\Http\\Kernel->Illuminate\\Foundation\\Http\\{closure}(Object(Illuminate\\Http\\Request))
#33 /Users/alejandroleon/Documents/PROYECTOS CLIENTES/SINERGIA-WEB/vendor/laravel/framework/src/Illuminate/Foundation/Http/Middleware/TransformsRequest.php(21): Illuminate\\Pipeline\\Pipeline->Illuminate\\Pipeline\\{closure}(Object(Illuminate\\Http\\Request))
#34 /Users/alejandroleon/Documents/PROYECTOS CLIENTES/SINERGIA-WEB/vendor/laravel/framework/src/Illuminate/Foundation/Http/Middleware/ConvertEmptyStringsToNull.php(31): Illuminate\\Foundation\\Http\\Middleware\\TransformsRequest->handle(Object(Illuminate\\Http\\Request), Object(Closure))
#35 /Users/alejandroleon/Documents/PROYECTOS CLIENTES/SINERGIA-WEB/vendor/laravel/framework/src/Illuminate/Pipeline/Pipeline.php(219): Illuminate\\Foundation\\Http\\Middleware\\ConvertEmptyStringsToNull->handle(Object(Illuminate\\Http\\Request), Object(Closure))
#36 /Users/alejandroleon/Documents/PROYECTOS CLIENTES/SINERGIA-WEB/vendor/laravel/framework/src/Illuminate/Foundation/Http/Middleware/TransformsRequest.php(21): Illuminate\\Pipeline\\Pipeline->Illuminate\\Pipeline\\{closure}(Object(Illuminate\\Http\\Request))
#37 /Users/alejandroleon/Documents/PROYECTOS CLIENTES/SINERGIA-WEB/vendor/laravel/framework/src/Illuminate/Foundation/Http/Middleware/TrimStrings.php(51): Illuminate\\Foundation\\Http\\Middleware\\TransformsRequest->handle(Object(Illuminate\\Http\\Request), Object(Closure))
#38 /Users/alejandroleon/Documents/PROYECTOS CLIENTES/SINERGIA-WEB/vendor/laravel/framework/src/Illuminate/Pipeline/Pipeline.php(219): Illuminate\\Foundation\\Http\\Middleware\\TrimStrings->handle(Object(Illuminate\\Http\\Request), Object(Closure))
#39 /Users/alejandroleon/Documents/PROYECTOS CLIENTES/SINERGIA-WEB/vendor/laravel/framework/src/Illuminate/Http/Middleware/ValidatePostSize.php(27): Illuminate\\Pipeline\\Pipeline->Illuminate\\Pipeline\\{closure}(Object(Illuminate\\Http\\Request))
#40 /Users/alejandroleon/Documents/PROYECTOS CLIENTES/SINERGIA-WEB/vendor/laravel/framework/src/Illuminate/Pipeline/Pipeline.php(219): Illuminate\\Http\\Middleware\\ValidatePostSize->handle(Object(Illuminate\\Http\\Request), Object(Closure))
#41 /Users/alejandroleon/Documents/PROYECTOS CLIENTES/SINERGIA-WEB/vendor/laravel/framework/src/Illuminate/Foundation/Http/Middleware/PreventRequestsDuringMaintenance.php(109): Illuminate\\Pipeline\\Pipeline->Illuminate\\Pipeline\\{closure}(Object(Illuminate\\Http\\Request))
#42 /Users/alejandroleon/Documents/PROYECTOS CLIENTES/SINERGIA-WEB/vendor/laravel/framework/src/Illuminate/Pipeline/Pipeline.php(219): Illuminate\\Foundation\\Http\\Middleware\\PreventRequestsDuringMaintenance->handle(Object(Illuminate\\Http\\Request), Object(Closure))
#43 /Users/alejandroleon/Documents/PROYECTOS CLIENTES/SINERGIA-WEB/vendor/laravel/framework/src/Illuminate/Http/Middleware/HandleCors.php(61): Illuminate\\Pipeline\\Pipeline->Illuminate\\Pipeline\\{closure}(Object(Illuminate\\Http\\Request))
#44 /Users/alejandroleon/Documents/PROYECTOS CLIENTES/SINERGIA-WEB/vendor/laravel/framework/src/Illuminate/Pipeline/Pipeline.php(219): Illuminate\\Http\\Middleware\\HandleCors->handle(Object(Illuminate\\Http\\Request), Object(Closure))
#45 /Users/alejandroleon/Documents/PROYECTOS CLIENTES/SINERGIA-WEB/vendor/laravel/framework/src/Illuminate/Http/Middleware/TrustProxies.php(58): Illuminate\\Pipeline\\Pipeline->Illuminate\\Pipeline\\{closure}(Object(Illuminate\\Http\\Request))
#46 /Users/alejandroleon/Documents/PROYECTOS CLIENTES/SINERGIA-WEB/vendor/laravel/framework/src/Illuminate/Pipeline/Pipeline.php(219): Illuminate\\Http\\Middleware\\TrustProxies->handle(Object(Illuminate\\Http\\Request), Object(Closure))
#47 /Users/alejandroleon/Documents/PROYECTOS CLIENTES/SINERGIA-WEB/vendor/laravel/framework/src/Illuminate/Foundation/Http/Middleware/InvokeDeferredCallbacks.php(22): Illuminate\\Pipeline\\Pipeline->Illuminate\\Pipeline\\{closure}(Object(Illuminate\\Http\\Request))
#48 /Users/alejandroleon/Documents/PROYECTOS CLIENTES/SINERGIA-WEB/vendor/laravel/framework/src/Illuminate/Pipeline/Pipeline.php(219): Illuminate\\Foundation\\Http\\Middleware\\InvokeDeferredCallbacks->handle(Object(Illuminate\\Http\\Request), Object(Closure))
#49 /Users/alejandroleon/Documents/PROYECTOS CLIENTES/SINERGIA-WEB/vendor/laravel/framework/src/Illuminate/Http/Middleware/ValidatePathEncoding.php(26): Illuminate\\Pipeline\\Pipeline->Illuminate\\Pipeline\\{closure}(Object(Illuminate\\Http\\Request))
#50 /Users/alejandroleon/Documents/PROYECTOS CLIENTES/SINERGIA-WEB/vendor/laravel/framework/src/Illuminate/Pipeline/Pipeline.php(219): Illuminate\\Http\\Middleware\\ValidatePathEncoding->handle(Object(Illuminate\\Http\\Request), Object(Closure))
#51 /Users/alejandroleon/Documents/PROYECTOS CLIENTES/SINERGIA-WEB/vendor/laravel/framework/src/Illuminate/Pipeline/Pipeline.php(137): Illuminate\\Pipeline\\Pipeline->Illuminate\\Pipeline\\{closure}(Object(Illuminate\\Http\\Request))
#52 /Users/alejandroleon/Documents/PROYECTOS CLIENTES/SINERGIA-WEB/vendor/laravel/framework/src/Illuminate/Foundation/Http/Kernel.php(175): Illuminate\\Pipeline\\Pipeline->then(Object(Closure))
#53 /Users/alejandroleon/Documents/PROYECTOS CLIENTES/SINERGIA-WEB/vendor/laravel/framework/src/Illuminate/Foundation/Http/Kernel.php(144): Illuminate\\Foundation\\Http\\Kernel->sendRequestThroughRouter(Object(Illuminate\\Http\\Request))
#54 /Users/alejandroleon/Documents/PROYECTOS CLIENTES/SINERGIA-WEB/vendor/laravel/framework/src/Illuminate/Foundation/Application.php(1220): Illuminate\\Foundation\\Http\\Kernel->handle(Object(Illuminate\\Http\\Request))
#55 /Users/alejandroleon/Documents/PROYECTOS CLIENTES/SINERGIA-WEB/public/index.php(17): Illuminate\\Foundation\\Application->handleRequest(Object(Illuminate\\Http\\Request))
#56 /Users/alejandroleon/Documents/PROYECTOS CLIENTES/SINERGIA-WEB/vendor/laravel/framework/src/Illuminate/Foundation/resources/server.php(23): require_once('/Users/alejandr...')
#57 {main}
"} 
[2026-06-04 01:04:52] local.ERROR: Class "Livewire\Mechanisms\ExtendBlade\ExtendBlade" not found (View: /Users/alejandroleon/Documents/PROYECTOS CLIENTES/SINERGIA-WEB/resources/views/pages/home.blade.php) {"exception":"[object] (Illuminate\\View\\ViewException(code: 0): Class \"Livewire\\Mechanisms\\ExtendBlade\\ExtendBlade\" not found (View: /Users/alejandroleon/Documents/PROYECTOS CLIENTES/SINERGIA-WEB/resources/views/pages/home.blade.php) at /Users/alejandroleon/Documents/PROYECTOS CLIENTES/SINERGIA-WEB/storage/framework/views/955dfe8b9f7f1af8668779189872e438.php:9)
[stacktrace]
#0 /Users/alejandroleon/Documents/PROYECTOS CLIENTES/SINERGIA-WEB/vendor/laravel/framework/src/Illuminate/View/Engines/PhpEngine.php(59): Illuminate\\View\\Engines\\CompilerEngine->handleViewException(Object(Error), 1)
#1 /Users/alejandroleon/Documents/PROYECTOS CLIENTES/SINERGIA-WEB/vendor/laravel/framework/src/Illuminate/View/Engines/CompilerEngine.php(76): Illuminate\\View\\Engines\\PhpEngine->evaluatePath('/Users/alejandr...', Array)
#2 /Users/alejandroleon/Documents/PROYECTOS CLIENTES/SINERGIA-WEB/vendor/laravel/framework/src/Illuminate/View/View.php(208): Illuminate\\View\\Engines\\CompilerEngine->get('/Users/alejandr...', Array)
#3 /Users/alejandroleon/Documents/PROYECTOS CLIENTES/SINERGIA-WEB/vendor/laravel/framework/src/Illuminate/View/View.php(191): Illuminate\\View\\View->getContents()
#4 /Users/alejandroleon/Documents/PROYECTOS CLIENTES/SINERGIA-WEB/vendor/laravel/framework/src/Illuminate/View/View.php(160): Illuminate\\View\\View->renderContents()
#5 /Users/alejandroleon/Documents/PROYECTOS CLIENTES/SINERGIA-WEB/vendor/laravel/framework/src/Illuminate/Http/Response.php(78): Illuminate\\View\\View->render()
#6 /Users/alejandroleon/Documents/PROYECTOS CLIENTES/SINERGIA-WEB/vendor/laravel/framework/src/Illuminate/Http/Response.php(34): Illuminate\\Http\\Response->setContent(Object(Illuminate\\View\\View))
#7 /Users/alejandroleon/Documents/PROYECTOS CLIENTES/SINERGIA-WEB/vendor/laravel/framework/src/Illuminate/Routing/Router.php(939): Illuminate\\Http\\Response->__construct(Object(Illuminate\\View\\View), 200, Array)
#8 /Users/alejandroleon/Documents/PROYECTOS CLIENTES/SINERGIA-WEB/vendor/laravel/framework/src/Illuminate/Routing/Router.php(906): Illuminate\\Routing\\Router::toResponse(Object(Illuminate\\Http\\Request), Object(Illuminate\\View\\View))
#9 /Users/alejandroleon/Documents/PROYECTOS CLIENTES/SINERGIA-WEB/vendor/laravel/framework/src/Illuminate/Routing/Router.php(821): Illuminate\\Routing\\Router->prepareResponse(Object(Illuminate\\Http\\Request), Object(Illuminate\\View\\View))
#10 /Users/alejandroleon/Documents/PROYECTOS CLIENTES/SINERGIA-WEB/vendor/laravel/framework/src/Illuminate/Pipeline/Pipeline.php(180): Illuminate\\Routing\\Router->Illuminate\\Routing\\{closure}(Object(Illuminate\\Http\\Request))
#11 /Users/alejandroleon/Documents/PROYECTOS CLIENTES/SINERGIA-WEB/vendor/laravel/framework/src/Illuminate/Routing/Middleware/SubstituteBindings.php(50): Illuminate\\Pipeline\\Pipeline->Illuminate\\Pipeline\\{closure}(Object(Illuminate\\Http\\Request))
#12 /Users/alejandroleon/Documents/PROYECTOS CLIENTES/SINERGIA-WEB/vendor/laravel/framework/src/Illuminate/Pipeline/Pipeline.php(219): Illuminate\\Routing\\Middleware\\SubstituteBindings->handle(Object(Illuminate\\Http\\Request), Object(Closure))
#13 /Users/alejandroleon/Documents/PROYECTOS CLIENTES/SINERGIA-WEB/vendor/laravel/framework/src/Illuminate/Foundation/Http/Middleware/VerifyCsrfToken.php(87): Illuminate\\Pipeline\\Pipeline->Illuminate\\Pipeline\\{closure}(Object(Illuminate\\Http\\Request))
#14 /Users/alejandroleon/Documents/PROYECTOS CLIENTES/SINERGIA-WEB/vendor/laravel/framework/src/Illuminate/Pipeline/Pipeline.php(219): Illuminate\\Foundation\\Http\\Middleware\\VerifyCsrfToken->handle(Object(Illuminate\\Http\\Request), Object(Closure))
#15 /Users/alejandroleon/Documents/PROYECTOS CLIENTES/SINERGIA-WEB/vendor/laravel/framework/src/Illuminate/View/Middleware/ShareErrorsFromSession.php(48): Illuminate\\Pipeline\\Pipeline->Illuminate\\Pipeline\\{closure}(Object(Illuminate\\Http\\Request))
#16 /Users/alejandroleon/Documents/PROYECTOS CLIENTES/SINERGIA-WEB/vendor/laravel/framework/src/Illuminate/Pipeline/Pipeline.php(219): Illuminate\\View\\Middleware\\ShareErrorsFromSession->handle(Object(Illuminate\\Http\\Request), Object(Closure))
#17 /Users/alejandroleon/Documents/PROYECTOS CLIENTES/SINERGIA-WEB/vendor/laravel/framework/src/Illuminate/Session/Middleware/StartSession.php(120): Illuminate\\Pipeline\\Pipeline->Illuminate\\Pipeline\\{closure}(Object(Illuminate\\Http\\Request))
#18 /Users/alejandroleon/Documents/PROYECTOS CLIENTES/SINERGIA-WEB/vendor/laravel/framework/src/Illuminate/Session/Middleware/StartSession.php(63): Illuminate\\Session\\Middleware\\StartSession->handleStatefulRequest(Object(Illuminate\\Http\\Request), Object(Illuminate\\Session\\Store), Object(Closure))
#19 /Users/alejandroleon/Documents/PROYECTOS CLIENTES/SINERGIA-WEB/vendor/laravel/framework/src/Illuminate/Pipeline/Pipeline.php(219): Illuminate\\Session\\Middleware\\StartSession->handle(Object(Illuminate\\Http\\Request), Object(Closure))
#20 /Users/alejandroleon/Documents/PROYECTOS CLIENTES/SINERGIA-WEB/vendor/laravel/framework/src/Illuminate/Cookie/Middleware/AddQueuedCookiesToResponse.php(36): Illuminate\\Pipeline\\Pipeline->Illuminate\\Pipeline\\{closure}(Object(Illuminate\\Http\\Request))
#21 /Users/alejandroleon/Documents/PROYECTOS CLIENTES/SINERGIA-WEB/vendor/laravel/framework/src/Illuminate/Pipeline/Pipeline.php(219): Illuminate\\Cookie\\Middleware\\AddQueuedCookiesToResponse->handle(Object(Illuminate\\Http\\Request), Object(Closure))
#22 /Users/alejandroleon/Documents/PROYECTOS CLIENTES/SINERGIA-WEB/vendor/laravel/framework/src/Illuminate/Cookie/Middleware/EncryptCookies.php(74): Illuminate\\Pipeline\\Pipeline->Illuminate\\Pipeline\\{closure}(Object(Illuminate\\Http\\Request))
#23 /Users/alejandroleon/Documents/PROYECTOS CLIENTES/SINERGIA-WEB/vendor/laravel/framework/src/Illuminate/Pipeline/Pipeline.php(219): Illuminate\\Cookie\\Middleware\\EncryptCookies->handle(Object(Illuminate\\Http\\Request), Object(Closure))
#24 /Users/alejandroleon/Documents/PROYECTOS CLIENTES/SINERGIA-WEB/vendor/laravel/framework/src/Illuminate/Pipeline/Pipeline.php(137): Illuminate\\Pipeline\\Pipeline->Illuminate\\Pipeline\\{closure}(Object(Illuminate\\Http\\Request))
#25 /Users/alejandroleon/Documents/PROYECTOS CLIENTES/SINERGIA-WEB/vendor/laravel/framework/src/Illuminate/Routing/Router.php(821): Illuminate\\Pipeline\\Pipeline->then(Object(Closure))
#26 /Users/alejandroleon/Documents/PROYECTOS CLIENTES/SINERGIA-WEB/vendor/laravel/framework/src/Illuminate/Routing/Router.php(800): Illuminate\\Routing\\Router->runRouteWithinStack(Object(Illuminate\\Routing\\Route), Object(Illuminate\\Http\\Request))
#27 /Users/alejandroleon/Documents/PROYECTOS CLIENTES/SINERGIA-WEB/vendor/laravel/framework/src/Illuminate/Routing/Router.php(764): Illuminate\\Routing\\Router->runRoute(Object(Illuminate\\Http\\Request), Object(Illuminate\\Routing\\Route))
#28 /Users/alejandroleon/Documents/PROYECTOS CLIENTES/SINERGIA-WEB/vendor/laravel/framework/src/Illuminate/Routing/Router.php(753): Illuminate\\Routing\\Router->dispatchToRoute(Object(Illuminate\\Http\\Request))
#29 /Users/alejandroleon/Documents/PROYECTOS CLIENTES/SINERGIA-WEB/vendor/laravel/framework/src/Illuminate/Foundation/Http/Kernel.php(200): Illuminate\\Routing\\Router->dispatch(Object(Illuminate\\Http\\Request))
#30 /Users/alejandroleon/Documents/PROYECTOS CLIENTES/SINERGIA-WEB/vendor/laravel/framework/src/Illuminate/Pipeline/Pipeline.php(180): Illuminate\\Foundation\\Http\\Kernel->Illuminate\\Foundation\\Http\\{closure}(Object(Illuminate\\Http\\Request))
#31 /Users/alejandroleon/Documents/PROYECTOS CLIENTES/SINERGIA-WEB/vendor/laravel/framework/src/Illuminate/Foundation/Http/Middleware/TransformsRequest.php(21): Illuminate\\Pipeline\\Pipeline->Illuminate\\Pipeline\\{closure}(Object(Illuminate\\Http\\Request))
#32 /Users/alejandroleon/Documents/PROYECTOS CLIENTES/SINERGIA-WEB/vendor/laravel/framework/src/Illuminate/Foundation/Http/Middleware/ConvertEmptyStringsToNull.php(31): Illuminate\\Foundation\\Http\\Middleware\\TransformsRequest->handle(Object(Illuminate\\Http\\Request), Object(Closure))
#33 /Users/alejandroleon/Documents/PROYECTOS CLIENTES/SINERGIA-WEB/vendor/laravel/framework/src/Illuminate/Pipeline/Pipeline.php(219): Illuminate\\Foundation\\Http\\Middleware\\ConvertEmptyStringsToNull->handle(Object(Illuminate\\Http\\Request), Object(Closure))
#34 /Users/alejandroleon/Documents/PROYECTOS CLIENTES/SINERGIA-WEB/vendor/laravel/framework/src/Illuminate/Foundation/Http/Middleware/TransformsRequest.php(21): Illuminate\\Pipeline\\Pipeline->Illuminate\\Pipeline\\{closure}(Object(Illuminate\\Http\\Request))
#35 /Users/alejandroleon/Documents/PROYECTOS CLIENTES/SINERGIA-WEB/vendor/laravel/framework/src/Illuminate/Foundation/Http/Middleware/TrimStrings.php(51): Illuminate\\Foundation\\Http\\Middleware\\TransformsRequest->handle(Object(Illuminate\\Http\\Request), Object(Closure))
#36 /Users/alejandroleon/Documents/PROYECTOS CLIENTES/SINERGIA-WEB/vendor/laravel/framework/src/Illuminate/Pipeline/Pipeline.php(219): Illuminate\\Foundation\\Http\\Middleware\\TrimStrings->handle(Object(Illuminate\\Http\\Request), Object(Closure))
#37 /Users/alejandroleon/Documents/PROYECTOS CLIENTES/SINERGIA-WEB/vendor/laravel/framework/src/Illuminate/Http/Middleware/ValidatePostSize.php(27): Illuminate\\Pipeline\\Pipeline->Illuminate\\Pipeline\\{closure}(Object(Illuminate\\Http\\Request))
#38 /Users/alejandroleon/Documents/PROYECTOS CLIENTES/SINERGIA-WEB/vendor/laravel/framework/src/Illuminate/Pipeline/Pipeline.php(219): Illuminate\\Http\\Middleware\\ValidatePostSize->handle(Object(Illuminate\\Http\\Request), Object(Closure))
#39 /Users/alejandroleon/Documents/PROYECTOS CLIENTES/SINERGIA-WEB/vendor/laravel/framework/src/Illuminate/Foundation/Http/Middleware/PreventRequestsDuringMaintenance.php(109): Illuminate\\Pipeline\\Pipeline->Illuminate\\Pipeline\\{closure}(Object(Illuminate\\Http\\Request))
#40 /Users/alejandroleon/Documents/PROYECTOS CLIENTES/SINERGIA-WEB/vendor/laravel/framework/src/Illuminate/Pipeline/Pipeline.php(219): Illuminate\\Foundation\\Http\\Middleware\\PreventRequestsDuringMaintenance->handle(Object(Illuminate\\Http\\Request), Object(Closure))
#41 /Users/alejandroleon/Documents/PROYECTOS CLIENTES/SINERGIA-WEB/vendor/laravel/framework/src/Illuminate/Http/Middleware/HandleCors.php(61): Illuminate\\Pipeline\\Pipeline->Illuminate\\Pipeline\\{closure}(Object(Illuminate\\Http\\Request))
#42 /Users/alejandroleon/Documents/PROYECTOS CLIENTES/SINERGIA-WEB/vendor/laravel/framework/src/Illuminate/Pipeline/Pipeline.php(219): Illuminate\\Http\\Middleware\\HandleCors->handle(Object(Illuminate\\Http\\Request), Object(Closure))
#43 /Users/alejandroleon/Documents/PROYECTOS CLIENTES/SINERGIA-WEB/vendor/laravel/framework/src/Illuminate/Http/Middleware/TrustProxies.php(58): Illuminate\\Pipeline\\Pipeline->Illuminate\\Pipeline\\{closure}(Object(Illuminate\\Http\\Request))
#44 /Users/alejandroleon/Documents/PROYECTOS CLIENTES/SINERGIA-WEB/vendor/laravel/framework/src/Illuminate/Pipeline/Pipeline.php(219): Illuminate\\Http\\Middleware\\TrustProxies->handle(Object(Illuminate\\Http\\Request), Object(Closure))
#45 /Users/alejandroleon/Documents/PROYECTOS CLIENTES/SINERGIA-WEB/vendor/laravel/framework/src/Illuminate/Foundation/Http/Middleware/InvokeDeferredCallbacks.php(22): Illuminate\\Pipeline\\Pipeline->Illuminate\\Pipeline\\{closure}(Object(Illuminate\\Http\\Request))
#46 /Users/alejandroleon/Documents/PROYECTOS CLIENTES/SINERGIA-WEB/vendor/laravel/framework/src/Illuminate/Pipeline/Pipeline.php(219): Illuminate\\Foundation\\Http\\Middleware\\InvokeDeferredCallbacks->handle(Object(Illuminate\\Http\\Request), Object(Closure))
#47 /Users/alejandroleon/Documents/PROYECTOS CLIENTES/SINERGIA-WEB/vendor/laravel/framework/src/Illuminate/Http/Middleware/ValidatePathEncoding.php(26): Illuminate\\Pipeline\\Pipeline->Illuminate\\Pipeline\\{closure}(Object(Illuminate\\Http\\Request))
#48 /Users/alejandroleon/Documents/PROYECTOS CLIENTES/SINERGIA-WEB/vendor/laravel/framework/src/Illuminate/Pipeline/Pipeline.php(219): Illuminate\\Http\\Middleware\\ValidatePathEncoding->handle(Object(Illuminate\\Http\\Request), Object(Closure))
#49 /Users/alejandroleon/Documents/PROYECTOS CLIENTES/SINERGIA-WEB/vendor/laravel/framework/src/Illuminate/Pipeline/Pipeline.php(137): Illuminate\\Pipeline\\Pipeline->Illuminate\\Pipeline\\{closure}(Object(Illuminate\\Http\\Request))
#50 /Users/alejandroleon/Documents/PROYECTOS CLIENTES/SINERGIA-WEB/vendor/laravel/framework/src/Illuminate/Foundation/Http/Kernel.php(175): Illuminate\\Pipeline\\Pipeline->then(Object(Closure))
#51 /Users/alejandroleon/Documents/PROYECTOS CLIENTES/SINERGIA-WEB/vendor/laravel/framework/src/Illuminate/Foundation/Http/Kernel.php(144): Illuminate\\Foundation\\Http\\Kernel->sendRequestThroughRouter(Object(Illuminate\\Http\\Request))
#52 /Users/alejandroleon/Documents/PROYECTOS CLIENTES/SINERGIA-WEB/vendor/laravel/framework/src/Illuminate/Foundation/Application.php(1220): Illuminate\\Foundation\\Http\\Kernel->handle(Object(Illuminate\\Http\\Request))
#53 /Users/alejandroleon/Documents/PROYECTOS CLIENTES/SINERGIA-WEB/public/index.php(17): Illuminate\\Foundation\\Application->handleRequest(Object(Illuminate\\Http\\Request))
#54 /Users/alejandroleon/Documents/PROYECTOS CLIENTES/SINERGIA-WEB/vendor/laravel/framework/src/Illuminate/Foundation/resources/server.php(23): require_once('/Users/alejandr...')
#55 {main}

[previous exception] [object] (Error(code: 0): Class \"Livewire\\Mechanisms\\ExtendBlade\\ExtendBlade\" not found at /Users/alejandroleon/Documents/PROYECTOS CLIENTES/SINERGIA-WEB/storage/framework/views/955dfe8b9f7f1af8668779189872e438.php:9)
[stacktrace]
#0 /Users/alejandroleon/Documents/PROYECTOS CLIENTES/SINERGIA-WEB/vendor/laravel/framework/src/Illuminate/Filesystem/Filesystem.php(123): require()
#1 /Users/alejandroleon/Documents/PROYECTOS CLIENTES/SINERGIA-WEB/vendor/laravel/framework/src/Illuminate/Filesystem/Filesystem.php(124): Illuminate\\Filesystem\\Filesystem::Illuminate\\Filesystem\\{closure}()
#2 /Users/alejandroleon/Documents/PROYECTOS CLIENTES/SINERGIA-WEB/vendor/laravel/framework/src/Illuminate/View/Engines/PhpEngine.php(57): Illuminate\\Filesystem\\Filesystem->getRequire('/Users/alejandr...', Array)
#3 /Users/alejandroleon/Documents/PROYECTOS CLIENTES/SINERGIA-WEB/vendor/laravel/framework/src/Illuminate/View/Engines/CompilerEngine.php(76): Illuminate\\View\\Engines\\PhpEngine->evaluatePath('/Users/alejandr...', Array)
#4 /Users/alejandroleon/Documents/PROYECTOS CLIENTES/SINERGIA-WEB/vendor/laravel/framework/src/Illuminate/View/View.php(208): Illuminate\\View\\Engines\\CompilerEngine->get('/Users/alejandr...', Array)
#5 /Users/alejandroleon/Documents/PROYECTOS CLIENTES/SINERGIA-WEB/vendor/laravel/framework/src/Illuminate/View/View.php(191): Illuminate\\View\\View->getContents()
#6 /Users/alejandroleon/Documents/PROYECTOS CLIENTES/SINERGIA-WEB/vendor/laravel/framework/src/Illuminate/View/View.php(160): Illuminate\\View\\View->renderContents()
#7 /Users/alejandroleon/Documents/PROYECTOS CLIENTES/SINERGIA-WEB/vendor/laravel/framework/src/Illuminate/Http/Response.php(78): Illuminate\\View\\View->render()
#8 /Users/alejandroleon/Documents/PROYECTOS CLIENTES/SINERGIA-WEB/vendor/laravel/framework/src/Illuminate/Http/Response.php(34): Illuminate\\Http\\Response->setContent(Object(Illuminate\\View\\View))
#9 /Users/alejandroleon/Documents/PROYECTOS CLIENTES/SINERGIA-WEB/vendor/laravel/framework/src/Illuminate/Routing/Router.php(939): Illuminate\\Http\\Response->__construct(Object(Illuminate\\View\\View), 200, Array)
#10 /Users/alejandroleon/Documents/PROYECTOS CLIENTES/SINERGIA-WEB/vendor/laravel/framework/src/Illuminate/Routing/Router.php(906): Illuminate\\Routing\\Router::toResponse(Object(Illuminate\\Http\\Request), Object(Illuminate\\View\\View))
#11 /Users/alejandroleon/Documents/PROYECTOS CLIENTES/SINERGIA-WEB/vendor/laravel/framework/src/Illuminate/Routing/Router.php(821): Illuminate\\Routing\\Router->prepareResponse(Object(Illuminate\\Http\\Request), Object(Illuminate\\View\\View))
#12 /Users/alejandroleon/Documents/PROYECTOS CLIENTES/SINERGIA-WEB/vendor/laravel/framework/src/Illuminate/Pipeline/Pipeline.php(180): Illuminate\\Routing\\Router->Illuminate\\Routing\\{closure}(Object(Illuminate\\Http\\Request))
#13 /Users/alejandroleon/Documents/PROYECTOS CLIENTES/SINERGIA-WEB/vendor/laravel/framework/src/Illuminate/Routing/Middleware/SubstituteBindings.php(50): Illuminate\\Pipeline\\Pipeline->Illuminate\\Pipeline\\{closure}(Object(Illuminate\\Http\\Request))
#14 /Users/alejandroleon/Documents/PROYECTOS CLIENTES/SINERGIA-WEB/vendor/laravel/framework/src/Illuminate/Pipeline/Pipeline.php(219): Illuminate\\Routing\\Middleware\\SubstituteBindings->handle(Object(Illuminate\\Http\\Request), Object(Closure))
#15 /Users/alejandroleon/Documents/PROYECTOS CLIENTES/SINERGIA-WEB/vendor/laravel/framework/src/Illuminate/Foundation/Http/Middleware/VerifyCsrfToken.php(87): Illuminate\\Pipeline\\Pipeline->Illuminate\\Pipeline\\{closure}(Object(Illuminate\\Http\\Request))
#16 /Users/alejandroleon/Documents/PROYECTOS CLIENTES/SINERGIA-WEB/vendor/laravel/framework/src/Illuminate/Pipeline/Pipeline.php(219): Illuminate\\Foundation\\Http\\Middleware\\VerifyCsrfToken->handle(Object(Illuminate\\Http\\Request), Object(Closure))
#17 /Users/alejandroleon/Documents/PROYECTOS CLIENTES/SINERGIA-WEB/vendor/laravel/framework/src/Illuminate/View/Middleware/ShareErrorsFromSession.php(48): Illuminate\\Pipeline\\Pipeline->Illuminate\\Pipeline\\{closure}(Object(Illuminate\\Http\\Request))
#18 /Users/alejandroleon/Documents/PROYECTOS CLIENTES/SINERGIA-WEB/vendor/laravel/framework/src/Illuminate/Pipeline/Pipeline.php(219): Illuminate\\View\\Middleware\\ShareErrorsFromSession->handle(Object(Illuminate\\Http\\Request), Object(Closure))
#19 /Users/alejandroleon/Documents/PROYECTOS CLIENTES/SINERGIA-WEB/vendor/laravel/framework/src/Illuminate/Session/Middleware/StartSession.php(120): Illuminate\\Pipeline\\Pipeline->Illuminate\\Pipeline\\{closure}(Object(Illuminate\\Http\\Request))
#20 /Users/alejandroleon/Documents/PROYECTOS CLIENTES/SINERGIA-WEB/vendor/laravel/framework/src/Illuminate/Session/Middleware/StartSession.php(63): Illuminate\\Session\\Middleware\\StartSession->handleStatefulRequest(Object(Illuminate\\Http\\Request), Object(Illuminate\\Session\\Store), Object(Closure))
#21 /Users/alejandroleon/Documents/PROYECTOS CLIENTES/SINERGIA-WEB/vendor/laravel/framework/src/Illuminate/Pipeline/Pipeline.php(219): Illuminate\\Session\\Middleware\\StartSession->handle(Object(Illuminate\\Http\\Request), Object(Closure))
#22 /Users/alejandroleon/Documents/PROYECTOS CLIENTES/SINERGIA-WEB/vendor/laravel/framework/src/Illuminate/Cookie/Middleware/AddQueuedCookiesToResponse.php(36): Illuminate\\Pipeline\\Pipeline->Illuminate\\Pipeline\\{closure}(Object(Illuminate\\Http\\Request))
#23 /Users/alejandroleon/Documents/PROYECTOS CLIENTES/SINERGIA-WEB/vendor/laravel/framework/src/Illuminate/Pipeline/Pipeline.php(219): Illuminate\\Cookie\\Middleware\\AddQueuedCookiesToResponse->handle(Object(Illuminate\\Http\\Request), Object(Closure))
#24 /Users/alejandroleon/Documents/PROYECTOS CLIENTES/SINERGIA-WEB/vendor/laravel/framework/src/Illuminate/Cookie/Middleware/EncryptCookies.php(74): Illuminate\\Pipeline\\Pipeline->Illuminate\\Pipeline\\{closure}(Object(Illuminate\\Http\\Request))
#25 /Users/alejandroleon/Documents/PROYECTOS CLIENTES/SINERGIA-WEB/vendor/laravel/framework/src/Illuminate/Pipeline/Pipeline.php(219): Illuminate\\Cookie\\Middleware\\EncryptCookies->handle(Object(Illuminate\\Http\\Request), Object(Closure))
#26 /Users/alejandroleon/Documents/PROYECTOS CLIENTES/SINERGIA-WEB/vendor/laravel/framework/src/Illuminate/Pipeline/Pipeline.php(137): Illuminate\\Pipeline\\Pipeline->Illuminate\\Pipeline\\{closure}(Object(Illuminate\\Http\\Request))
#27 /Users/alejandroleon/Documents/PROYECTOS CLIENTES/SINERGIA-WEB/vendor/laravel/framework/src/Illuminate/Routing/Router.php(821): Illuminate\\Pipeline\\Pipeline->then(Object(Closure))
#28 /Users/alejandroleon/Documents/PROYECTOS CLIENTES/SINERGIA-WEB/vendor/laravel/framework/src/Illuminate/Routing/Router.php(800): Illuminate\\Routing\\Router->runRouteWithinStack(Object(Illuminate\\Routing\\Route), Object(Illuminate\\Http\\Request))
#29 /Users/alejandroleon/Documents/PROYECTOS CLIENTES/SINERGIA-WEB/vendor/laravel/framework/src/Illuminate/Routing/Router.php(764): Illuminate\\Routing\\Router->runRoute(Object(Illuminate\\Http\\Request), Object(Illuminate\\Routing\\Route))
#30 /Users/alejandroleon/Documents/PROYECTOS CLIENTES/SINERGIA-WEB/vendor/laravel/framework/src/Illuminate/Routing/Router.php(753): Illuminate\\Routing\\Router->dispatchToRoute(Object(Illuminate\\Http\\Request))
#31 /Users/alejandroleon/Documents/PROYECTOS CLIENTES/SINERGIA-WEB/vendor/laravel/framework/src/Illuminate/Foundation/Http/Kernel.php(200): Illuminate\\Routing\\Router->dispatch(Object(Illuminate\\Http\\Request))
#32 /Users/alejandroleon/Documents/PROYECTOS CLIENTES/SINERGIA-WEB/vendor/laravel/framework/src/Illuminate/Pipeline/Pipeline.php(180): Illuminate\\Foundation\\Http\\Kernel->Illuminate\\Foundation\\Http\\{closure}(Object(Illuminate\\Http\\Request))
#33 /Users/alejandroleon/Documents/PROYECTOS CLIENTES/SINERGIA-WEB/vendor/laravel/framework/src/Illuminate/Foundation/Http/Middleware/TransformsRequest.php(21): Illuminate\\Pipeline\\Pipeline->Illuminate\\Pipeline\\{closure}(Object(Illuminate\\Http\\Request))
#34 /Users/alejandroleon/Documents/PROYECTOS CLIENTES/SINERGIA-WEB/vendor/laravel/framework/src/Illuminate/Foundation/Http/Middleware/ConvertEmptyStringsToNull.php(31): Illuminate\\Foundation\\Http\\Middleware\\TransformsRequest->handle(Object(Illuminate\\Http\\Request), Object(Closure))
#35 /Users/alejandroleon/Documents/PROYECTOS CLIENTES/SINERGIA-WEB/vendor/laravel/framework/src/Illuminate/Pipeline/Pipeline.php(219): Illuminate\\Foundation\\Http\\Middleware\\ConvertEmptyStringsToNull->handle(Object(Illuminate\\Http\\Request), Object(Closure))
#36 /Users/alejandroleon/Documents/PROYECTOS CLIENTES/SINERGIA-WEB/vendor/laravel/framework/src/Illuminate/Foundation/Http/Middleware/TransformsRequest.php(21): Illuminate\\Pipeline\\Pipeline->Illuminate\\Pipeline\\{closure}(Object(Illuminate\\Http\\Request))
#37 /Users/alejandroleon/Documents/PROYECTOS CLIENTES/SINERGIA-WEB/vendor/laravel/framework/src/Illuminate/Foundation/Http/Middleware/TrimStrings.php(51): Illuminate\\Foundation\\Http\\Middleware\\TransformsRequest->handle(Object(Illuminate\\Http\\Request), Object(Closure))
#38 /Users/alejandroleon/Documents/PROYECTOS CLIENTES/SINERGIA-WEB/vendor/laravel/framework/src/Illuminate/Pipeline/Pipeline.php(219): Illuminate\\Foundation\\Http\\Middleware\\TrimStrings->handle(Object(Illuminate\\Http\\Request), Object(Closure))
#39 /Users/alejandroleon/Documents/PROYECTOS CLIENTES/SINERGIA-WEB/vendor/laravel/framework/src/Illuminate/Http/Middleware/ValidatePostSize.php(27): Illuminate\\Pipeline\\Pipeline->Illuminate\\Pipeline\\{closure}(Object(Illuminate\\Http\\Request))
#40 /Users/alejandroleon/Documents/PROYECTOS CLIENTES/SINERGIA-WEB/vendor/laravel/framework/src/Illuminate/Pipeline/Pipeline.php(219): Illuminate\\Http\\Middleware\\ValidatePostSize->handle(Object(Illuminate\\Http\\Request), Object(Closure))
#41 /Users/alejandroleon/Documents/PROYECTOS CLIENTES/SINERGIA-WEB/vendor/laravel/framework/src/Illuminate/Foundation/Http/Middleware/PreventRequestsDuringMaintenance.php(109): Illuminate\\Pipeline\\Pipeline->Illuminate\\Pipeline\\{closure}(Object(Illuminate\\Http\\Request))
#42 /Users/alejandroleon/Documents/PROYECTOS CLIENTES/SINERGIA-WEB/vendor/laravel/framework/src/Illuminate/Pipeline/Pipeline.php(219): Illuminate\\Foundation\\Http\\Middleware\\PreventRequestsDuringMaintenance->handle(Object(Illuminate\\Http\\Request), Object(Closure))
#43 /Users/alejandroleon/Documents/PROYECTOS CLIENTES/SINERGIA-WEB/vendor/laravel/framework/src/Illuminate/Http/Middleware/HandleCors.php(61): Illuminate\\Pipeline\\Pipeline->Illuminate\\Pipeline\\{closure}(Object(Illuminate\\Http\\Request))
#44 /Users/alejandroleon/Documents/PROYECTOS CLIENTES/SINERGIA-WEB/vendor/laravel/framework/src/Illuminate/Pipeline/Pipeline.php(219): Illuminate\\Http\\Middleware\\HandleCors->handle(Object(Illuminate\\Http\\Request), Object(Closure))
#45 /Users/alejandroleon/Documents/PROYECTOS CLIENTES/SINERGIA-WEB/vendor/laravel/framework/src/Illuminate/Http/Middleware/TrustProxies.php(58): Illuminate\\Pipeline\\Pipeline->Illuminate\\Pipeline\\{closure}(Object(Illuminate\\Http\\Request))
#46 /Users/alejandroleon/Documents/PROYECTOS CLIENTES/SINERGIA-WEB/vendor/laravel/framework/src/Illuminate/Pipeline/Pipeline.php(219): Illuminate\\Http\\Middleware\\TrustProxies->handle(Object(Illuminate\\Http\\Request), Object(Closure))
#47 /Users/alejandroleon/Documents/PROYECTOS CLIENTES/SINERGIA-WEB/vendor/laravel/framework/src/Illuminate/Foundation/Http/Middleware/InvokeDeferredCallbacks.php(22): Illuminate\\Pipeline\\Pipeline->Illuminate\\Pipeline\\{closure}(Object(Illuminate\\Http\\Request))
#48 /Users/alejandroleon/Documents/PROYECTOS CLIENTES/SINERGIA-WEB/vendor/laravel/framework/src/Illuminate/Pipeline/Pipeline.php(219): Illuminate\\Foundation\\Http\\Middleware\\InvokeDeferredCallbacks->handle(Object(Illuminate\\Http\\Request), Object(Closure))
#49 /Users/alejandroleon/Documents/PROYECTOS CLIENTES/SINERGIA-WEB/vendor/laravel/framework/src/Illuminate/Http/Middleware/ValidatePathEncoding.php(26): Illuminate\\Pipeline\\Pipeline->Illuminate\\Pipeline\\{closure}(Object(Illuminate\\Http\\Request))
#50 /Users/alejandroleon/Documents/PROYECTOS CLIENTES/SINERGIA-WEB/vendor/laravel/framework/src/Illuminate/Pipeline/Pipeline.php(219): Illuminate\\Http\\Middleware\\ValidatePathEncoding->handle(Object(Illuminate\\Http\\Request), Object(Closure))
#51 /Users/alejandroleon/Documents/PROYECTOS CLIENTES/SINERGIA-WEB/vendor/laravel/framework/src/Illuminate/Pipeline/Pipeline.php(137): Illuminate\\Pipeline\\Pipeline->Illuminate\\Pipeline\\{closure}(Object(Illuminate\\Http\\Request))
#52 /Users/alejandroleon/Documents/PROYECTOS CLIENTES/SINERGIA-WEB/vendor/laravel/framework/src/Illuminate/Foundation/Http/Kernel.php(175): Illuminate\\Pipeline\\Pipeline->then(Object(Closure))
#53 /Users/alejandroleon/Documents/PROYECTOS CLIENTES/SINERGIA-WEB/vendor/laravel/framework/src/Illuminate/Foundation/Http/Kernel.php(144): Illuminate\\Foundation\\Http\\Kernel->sendRequestThroughRouter(Object(Illuminate\\Http\\Request))
#54 /Users/alejandroleon/Documents/PROYECTOS CLIENTES/SINERGIA-WEB/vendor/laravel/framework/src/Illuminate/Foundation/Application.php(1220): Illuminate\\Foundation\\Http\\Kernel->handle(Object(Illuminate\\Http\\Request))
#55 /Users/alejandroleon/Documents/PROYECTOS CLIENTES/SINERGIA-WEB/public/index.php(17): Illuminate\\Foundation\\Application->handleRequest(Object(Illuminate\\Http\\Request))
#56 /Users/alejandroleon/Documents/PROYECTOS CLIENTES/SINERGIA-WEB/vendor/laravel/framework/src/Illuminate/Foundation/resources/server.php(23): require_once('/Users/alejandr...')
#57 {main}
"} 
[2026-06-04 01:04:53] local.ERROR: Class "Livewire\Mechanisms\ExtendBlade\ExtendBlade" not found (View: /Users/alejandroleon/Documents/PROYECTOS CLIENTES/SINERGIA-WEB/resources/views/pages/home.blade.php) {"exception":"[object] (Illuminate\\View\\ViewException(code: 0): Class \"Livewire\\Mechanisms\\ExtendBlade\\ExtendBlade\" not found (View: /Users/alejandroleon/Documents/PROYECTOS CLIENTES/SINERGIA-WEB/resources/views/pages/home.blade.php) at /Users/alejandroleon/Documents/PROYECTOS CLIENTES/SINERGIA-WEB/storage/framework/views/955dfe8b9f7f1af8668779189872e438.php:9)
[stacktrace]
#0 /Users/alejandroleon/Documents/PROYECTOS CLIENTES/SINERGIA-WEB/vendor/laravel/framework/src/Illuminate/View/Engines/PhpEngine.php(59): Illuminate\\View\\Engines\\CompilerEngine->handleViewException(Object(Error), 1)
#1 /Users/alejandroleon/Documents/PROYECTOS CLIENTES/SINERGIA-WEB/vendor/laravel/framework/src/Illuminate/View/Engines/CompilerEngine.php(76): Illuminate\\View\\Engines\\PhpEngine->evaluatePath('/Users/alejandr...', Array)
#2 /Users/alejandroleon/Documents/PROYECTOS CLIENTES/SINERGIA-WEB/vendor/laravel/framework/src/Illuminate/View/View.php(208): Illuminate\\View\\Engines\\CompilerEngine->get('/Users/alejandr...', Array)
#3 /Users/alejandroleon/Documents/PROYECTOS CLIENTES/SINERGIA-WEB/vendor/laravel/framework/src/Illuminate/View/View.php(191): Illuminate\\View\\View->getContents()
#4 /Users/alejandroleon/Documents/PROYECTOS CLIENTES/SINERGIA-WEB/vendor/laravel/framework/src/Illuminate/View/View.php(160): Illuminate\\View\\View->renderContents()
#5 /Users/alejandroleon/Documents/PROYECTOS CLIENTES/SINERGIA-WEB/vendor/laravel/framework/src/Illuminate/Http/Response.php(78): Illuminate\\View\\View->render()
#6 /Users/alejandroleon/Documents/PROYECTOS CLIENTES/SINERGIA-WEB/vendor/laravel/framework/src/Illuminate/Http/Response.php(34): Illuminate\\Http\\Response->setContent(Object(Illuminate\\View\\View))
#7 /Users/alejandroleon/Documents/PROYECTOS CLIENTES/SINERGIA-WEB/vendor/laravel/framework/src/Illuminate/Routing/Router.php(939): Illuminate\\Http\\Response->__construct(Object(Illuminate\\View\\View), 200, Array)
#8 /Users/alejandroleon/Documents/PROYECTOS CLIENTES/SINERGIA-WEB/vendor/laravel/framework/src/Illuminate/Routing/Router.php(906): Illuminate\\Routing\\Router::toResponse(Object(Illuminate\\Http\\Request), Object(Illuminate\\View\\View))
#9 /Users/alejandroleon/Documents/PROYECTOS CLIENTES/SINERGIA-WEB/vendor/laravel/framework/src/Illuminate/Routing/Router.php(821): Illuminate\\Routing\\Router->prepareResponse(Object(Illuminate\\Http\\Request), Object(Illuminate\\View\\View))
#10 /Users/alejandroleon/Documents/PROYECTOS CLIENTES/SINERGIA-WEB/vendor/laravel/framework/src/Illuminate/Pipeline/Pipeline.php(180): Illuminate\\Routing\\Router->Illuminate\\Routing\\{closure}(Object(Illuminate\\Http\\Request))
#11 /Users/alejandroleon/Documents/PROYECTOS CLIENTES/SINERGIA-WEB/vendor/laravel/framework/src/Illuminate/Routing/Middleware/SubstituteBindings.php(50): Illuminate\\Pipeline\\Pipeline->Illuminate\\Pipeline\\{closure}(Object(Illuminate\\Http\\Request))
#12 /Users/alejandroleon/Documents/PROYECTOS CLIENTES/SINERGIA-WEB/vendor/laravel/framework/src/Illuminate/Pipeline/Pipeline.php(219): Illuminate\\Routing\\Middleware\\SubstituteBindings->handle(Object(Illuminate\\Http\\Request), Object(Closure))
#13 /Users/alejandroleon/Documents/PROYECTOS CLIENTES/SINERGIA-WEB/vendor/laravel/framework/src/Illuminate/Foundation/Http/Middleware/VerifyCsrfToken.php(87): Illuminate\\Pipeline\\Pipeline->Illuminate\\Pipeline\\{closure}(Object(Illuminate\\Http\\Request))
#14 /Users/alejandroleon/Documents/PROYECTOS CLIENTES/SINERGIA-WEB/vendor/laravel/framework/src/Illuminate/Pipeline/Pipeline.php(219): Illuminate\\Foundation\\Http\\Middleware\\VerifyCsrfToken->handle(Object(Illuminate\\Http\\Request), Object(Closure))
#15 /Users/alejandroleon/Documents/PROYECTOS CLIENTES/SINERGIA-WEB/vendor/laravel/framework/src/Illuminate/View/Middleware/ShareErrorsFromSession.php(48): Illuminate\\Pipeline\\Pipeline->Illuminate\\Pipeline\\{closure}(Object(Illuminate\\Http\\Request))
#16 /Users/alejandroleon/Documents/PROYECTOS CLIENTES/SINERGIA-WEB/vendor/laravel/framework/src/Illuminate/Pipeline/Pipeline.php(219): Illuminate\\View\\Middleware\\ShareErrorsFromSession->handle(Object(Illuminate\\Http\\Request), Object(Closure))
#17 /Users/alejandroleon/Documents/PROYECTOS CLIENTES/SINERGIA-WEB/vendor/laravel/framework/src/Illuminate/Session/Middleware/StartSession.php(120): Illuminate\\Pipeline\\Pipeline->Illuminate\\Pipeline\\{closure}(Object(Illuminate\\Http\\Request))
#18 /Users/alejandroleon/Documents/PROYECTOS CLIENTES/SINERGIA-WEB/vendor/laravel/framework/src/Illuminate/Session/Middleware/StartSession.php(63): Illuminate\\Session\\Middleware\\StartSession->handleStatefulRequest(Object(Illuminate\\Http\\Request), Object(Illuminate\\Session\\Store), Object(Closure))
#19 /Users/alejandroleon/Documents/PROYECTOS CLIENTES/SINERGIA-WEB/vendor/laravel/framework/src/Illuminate/Pipeline/Pipeline.php(219): Illuminate\\Session\\Middleware\\StartSession->handle(Object(Illuminate\\Http\\Request), Object(Closure))
#20 /Users/alejandroleon/Documents/PROYECTOS CLIENTES/SINERGIA-WEB/vendor/laravel/framework/src/Illuminate/Cookie/Middleware/AddQueuedCookiesToResponse.php(36): Illuminate\\Pipeline\\Pipeline->Illuminate\\Pipeline\\{closure}(Object(Illuminate\\Http\\Request))
#21 /Users/alejandroleon/Documents/PROYECTOS CLIENTES/SINERGIA-WEB/vendor/laravel/framework/src/Illuminate/Pipeline/Pipeline.php(219): Illuminate\\Cookie\\Middleware\\AddQueuedCookiesToResponse->handle(Object(Illuminate\\Http\\Request), Object(Closure))
#22 /Users/alejandroleon/Documents/PROYECTOS CLIENTES/SINERGIA-WEB/vendor/laravel/framework/src/Illuminate/Cookie/Middleware/EncryptCookies.php(74): Illuminate\\Pipeline\\Pipeline->Illuminate\\Pipeline\\{closure}(Object(Illuminate\\Http\\Request))
#23 /Users/alejandroleon/Documents/PROYECTOS CLIENTES/SINERGIA-WEB/vendor/laravel/framework/src/Illuminate/Pipeline/Pipeline.php(219): Illuminate\\Cookie\\Middleware\\EncryptCookies->handle(Object(Illuminate\\Http\\Request), Object(Closure))
#24 /Users/alejandroleon/Documents/PROYECTOS CLIENTES/SINERGIA-WEB/vendor/laravel/framework/src/Illuminate/Pipeline/Pipeline.php(137): Illuminate\\Pipeline\\Pipeline->Illuminate\\Pipeline\\{closure}(Object(Illuminate\\Http\\Request))
#25 /Users/alejandroleon/Documents/PROYECTOS CLIENTES/SINERGIA-WEB/vendor/laravel/framework/src/Illuminate/Routing/Router.php(821): Illuminate\\Pipeline\\Pipeline->then(Object(Closure))
#26 /Users/alejandroleon/Documents/PROYECTOS CLIENTES/SINERGIA-WEB/vendor/laravel/framework/src/Illuminate/Routing/Router.php(800): Illuminate\\Routing\\Router->runRouteWithinStack(Object(Illuminate\\Routing\\Route), Object(Illuminate\\Http\\Request))
#27 /Users/alejandroleon/Documents/PROYECTOS CLIENTES/SINERGIA-WEB/vendor/laravel/framework/src/Illuminate/Routing/Router.php(764): Illuminate\\Routing\\Router->runRoute(Object(Illuminate\\Http\\Request), Object(Illuminate\\Routing\\Route))
#28 /Users/alejandroleon/Documents/PROYECTOS CLIENTES/SINERGIA-WEB/vendor/laravel/framework/src/Illuminate/Routing/Router.php(753): Illuminate\\Routing\\Router->dispatchToRoute(Object(Illuminate\\Http\\Request))
#29 /Users/alejandroleon/Documents/PROYECTOS CLIENTES/SINERGIA-WEB/vendor/laravel/framework/src/Illuminate/Foundation/Http/Kernel.php(200): Illuminate\\Routing\\Router->dispatch(Object(Illuminate\\Http\\Request))
#30 /Users/alejandroleon/Documents/PROYECTOS CLIENTES/SINERGIA-WEB/vendor/laravel/framework/src/Illuminate/Pipeline/Pipeline.php(180): Illuminate\\Foundation\\Http\\Kernel->Illuminate\\Foundation\\Http\\{closure}(Object(Illuminate\\Http\\Request))
#31 /Users/alejandroleon/Documents/PROYECTOS CLIENTES/SINERGIA-WEB/vendor/laravel/framework/src/Illuminate/Foundation/Http/Middleware/TransformsRequest.php(21): Illuminate\\Pipeline\\Pipeline->Illuminate\\Pipeline\\{closure}(Object(Illuminate\\Http\\Request))
#32 /Users/alejandroleon/Documents/PROYECTOS CLIENTES/SINERGIA-WEB/vendor/laravel/framework/src/Illuminate/Foundation/Http/Middleware/ConvertEmptyStringsToNull.php(31): Illuminate\\Foundation\\Http\\Middleware\\TransformsRequest->handle(Object(Illuminate\\Http\\Request), Object(Closure))
#33 /Users/alejandroleon/Documents/PROYECTOS CLIENTES/SINERGIA-WEB/vendor/laravel/framework/src/Illuminate/Pipeline/Pipeline.php(219): Illuminate\\Foundation\\Http\\Middleware\\ConvertEmptyStringsToNull->handle(Object(Illuminate\\Http\\Request), Object(Closure))
#34 /Users/alejandroleon/Documents/PROYECTOS CLIENTES/SINERGIA-WEB/vendor/laravel/framework/src/Illuminate/Foundation/Http/Middleware/TransformsRequest.php(21): Illuminate\\Pipeline\\Pipeline->Illuminate\\Pipeline\\{closure}(Object(Illuminate\\Http\\Request))
#35 /Users/alejandroleon/Documents/PROYECTOS CLIENTES/SINERGIA-WEB/vendor/laravel/framework/src/Illuminate/Foundation/Http/Middleware/TrimStrings.php(51): Illuminate\\Foundation\\Http\\Middleware\\TransformsRequest->handle(Object(Illuminate\\Http\\Request), Object(Closure))
#36 /Users/alejandroleon/Documents/PROYECTOS CLIENTES/SINERGIA-WEB/vendor/laravel/framework/src/Illuminate/Pipeline/Pipeline.php(219): Illuminate\\Foundation\\Http\\Middleware\\TrimStrings->handle(Object(Illuminate\\Http\\Request), Object(Closure))
#37 /Users/alejandroleon/Documents/PROYECTOS CLIENTES/SINERGIA-WEB/vendor/laravel/framework/src/Illuminate/Http/Middleware/ValidatePostSize.php(27): Illuminate\\Pipeline\\Pipeline->Illuminate\\Pipeline\\{closure}(Object(Illuminate\\Http\\Request))
#38 /Users/alejandroleon/Documents/PROYECTOS CLIENTES/SINERGIA-WEB/vendor/laravel/framework/src/Illuminate/Pipeline/Pipeline.php(219): Illuminate\\Http\\Middleware\\ValidatePostSize->handle(Object(Illuminate\\Http\\Request), Object(Closure))
#39 /Users/alejandroleon/Documents/PROYECTOS CLIENTES/SINERGIA-WEB/vendor/laravel/framework/src/Illuminate/Foundation/Http/Middleware/PreventRequestsDuringMaintenance.php(109): Illuminate\\Pipeline\\Pipeline->Illuminate\\Pipeline\\{closure}(Object(Illuminate\\Http\\Request))
#40 /Users/alejandroleon/Documents/PROYECTOS CLIENTES/SINERGIA-WEB/vendor/laravel/framework/src/Illuminate/Pipeline/Pipeline.php(219): Illuminate\\Foundation\\Http\\Middleware\\PreventRequestsDuringMaintenance->handle(Object(Illuminate\\Http\\Request), Object(Closure))
#41 /Users/alejandroleon/Documents/PROYECTOS CLIENTES/SINERGIA-WEB/vendor/laravel/framework/src/Illuminate/Http/Middleware/HandleCors.php(61): Illuminate\\Pipeline\\Pipeline->Illuminate\\Pipeline\\{closure}(Object(Illuminate\\Http\\Request))
#42 /Users/alejandroleon/Documents/PROYECTOS CLIENTES/SINERGIA-WEB/vendor/laravel/framework/src/Illuminate/Pipeline/Pipeline.php(219): Illuminate\\Http\\Middleware\\HandleCors->handle(Object(Illuminate\\Http\\Request), Object(Closure))
#43 /Users/alejandroleon/Documents/PROYECTOS CLIENTES/SINERGIA-WEB/vendor/laravel/framework/src/Illuminate/Http/Middleware/TrustProxies.php(58): Illuminate\\Pipeline\\Pipeline->Illuminate\\Pipeline\\{closure}(Object(Illuminate\\Http\\Request))
#44 /Users/alejandroleon/Documents/PROYECTOS CLIENTES/SINERGIA-WEB/vendor/laravel/framework/src/Illuminate/Pipeline/Pipeline.php(219): Illuminate\\Http\\Middleware\\TrustProxies->handle(Object(Illuminate\\Http\\Request), Object(Closure))
#45 /Users/alejandroleon/Documents/PROYECTOS CLIENTES/SINERGIA-WEB/vendor/laravel/framework/src/Illuminate/Foundation/Http/Middleware/InvokeDeferredCallbacks.php(22): Illuminate\\Pipeline\\Pipeline->Illuminate\\Pipeline\\{closure}(Object(Illuminate\\Http\\Request))
#46 /Users/alejandroleon/Documents/PROYECTOS CLIENTES/SINERGIA-WEB/vendor/laravel/framework/src/Illuminate/Pipeline/Pipeline.php(219): Illuminate\\Foundation\\Http\\Middleware\\InvokeDeferredCallbacks->handle(Object(Illuminate\\Http\\Request), Object(Closure))
#47 /Users/alejandroleon/Documents/PROYECTOS CLIENTES/SINERGIA-WEB/vendor/laravel/framework/src/Illuminate/Http/Middleware/ValidatePathEncoding.php(26): Illuminate\\Pipeline\\Pipeline->Illuminate\\Pipeline\\{closure}(Object(Illuminate\\Http\\Request))
#48 /Users/alejandroleon/Documents/PROYECTOS CLIENTES/SINERGIA-WEB/vendor/laravel/framework/src/Illuminate/Pipeline/Pipeline.php(219): Illuminate\\Http\\Middleware\\ValidatePathEncoding->handle(Object(Illuminate\\Http\\Request), Object(Closure))
#49 /Users/alejandroleon/Documents/PROYECTOS CLIENTES/SINERGIA-WEB/vendor/laravel/framework/src/Illuminate/Pipeline/Pipeline.php(137): Illuminate\\Pipeline\\Pipeline->Illuminate\\Pipeline\\{closure}(Object(Illuminate\\Http\\Request))
#50 /Users/alejandroleon/Documents/PROYECTOS CLIENTES/SINERGIA-WEB/vendor/laravel/framework/src/Illuminate/Foundation/Http/Kernel.php(175): Illuminate\\Pipeline\\Pipeline->then(Object(Closure))
#51 /Users/alejandroleon/Documents/PROYECTOS CLIENTES/SINERGIA-WEB/vendor/laravel/framework/src/Illuminate/Foundation/Http/Kernel.php(144): Illuminate\\Foundation\\Http\\Kernel->sendRequestThroughRouter(Object(Illuminate\\Http\\Request))
#52 /Users/alejandroleon/Documents/PROYECTOS CLIENTES/SINERGIA-WEB/vendor/laravel/framework/src/Illuminate/Foundation/Application.php(1220): Illuminate\\Foundation\\Http\\Kernel->handle(Object(Illuminate\\Http\\Request))
#53 /Users/alejandroleon/Documents/PROYECTOS CLIENTES/SINERGIA-WEB/public/index.php(17): Illuminate\\Foundation\\Application->handleRequest(Object(Illuminate\\Http\\Request))
#54 /Users/alejandroleon/Documents/PROYECTOS CLIENTES/SINERGIA-WEB/vendor/laravel/framework/src/Illuminate/Foundation/resources/server.php(23): require_once('/Users/alejandr...')
#55 {main}

[previous exception] [object] (Error(code: 0): Class \"Livewire\\Mechanisms\\ExtendBlade\\ExtendBlade\" not found at /Users/alejandroleon/Documents/PROYECTOS CLIENTES/SINERGIA-WEB/storage/framework/views/955dfe8b9f7f1af8668779189872e438.php:9)
[stacktrace]
#0 /Users/alejandroleon/Documents/PROYECTOS CLIENTES/SINERGIA-WEB/vendor/laravel/framework/src/Illuminate/Filesystem/Filesystem.php(123): require()
#1 /Users/alejandroleon/Documents/PROYECTOS CLIENTES/SINERGIA-WEB/vendor/laravel/framework/src/Illuminate/Filesystem/Filesystem.php(124): Illuminate\\Filesystem\\Filesystem::Illuminate\\Filesystem\\{closure}()
#2 /Users/alejandroleon/Documents/PROYECTOS CLIENTES/SINERGIA-WEB/vendor/laravel/framework/src/Illuminate/View/Engines/PhpEngine.php(57): Illuminate\\Filesystem\\Filesystem->getRequire('/Users/alejandr...', Array)
#3 /Users/alejandroleon/Documents/PROYECTOS CLIENTES/SINERGIA-WEB/vendor/laravel/framework/src/Illuminate/View/Engines/CompilerEngine.php(76): Illuminate\\View\\Engines\\PhpEngine->evaluatePath('/Users/alejandr...', Array)
#4 /Users/alejandroleon/Documents/PROYECTOS CLIENTES/SINERGIA-WEB/vendor/laravel/framework/src/Illuminate/View/View.php(208): Illuminate\\View\\Engines\\CompilerEngine->get('/Users/alejandr...', Array)
#5 /Users/alejandroleon/Documents/PROYECTOS CLIENTES/SINERGIA-WEB/vendor/laravel/framework/src/Illuminate/View/View.php(191): Illuminate\\View\\View->getContents()
#6 /Users/alejandroleon/Documents/PROYECTOS CLIENTES/SINERGIA-WEB/vendor/laravel/framework/src/Illuminate/View/View.php(160): Illuminate\\View\\View->renderContents()
#7 /Users/alejandroleon/Documents/PROYECTOS CLIENTES/SINERGIA-WEB/vendor/laravel/framework/src/Illuminate/Http/Response.php(78): Illuminate\\View\\View->render()
#8 /Users/alejandroleon/Documents/PROYECTOS CLIENTES/SINERGIA-WEB/vendor/laravel/framework/src/Illuminate/Http/Response.php(34): Illuminate\\Http\\Response->setContent(Object(Illuminate\\View\\View))
#9 /Users/alejandroleon/Documents/PROYECTOS CLIENTES/SINERGIA-WEB/vendor/laravel/framework/src/Illuminate/Routing/Router.php(939): Illuminate\\Http\\Response->__construct(Object(Illuminate\\View\\View), 200, Array)
#10 /Users/alejandroleon/Documents/PROYECTOS CLIENTES/SINERGIA-WEB/vendor/laravel/framework/src/Illuminate/Routing/Router.php(906): Illuminate\\Routing\\Router::toResponse(Object(Illuminate\\Http\\Request), Object(Illuminate\\View\\View))
#11 /Users/alejandroleon/Documents/PROYECTOS CLIENTES/SINERGIA-WEB/vendor/laravel/framework/src/Illuminate/Routing/Router.php(821): Illuminate\\Routing\\Router->prepareResponse(Object(Illuminate\\Http\\Request), Object(Illuminate\\View\\View))
#12 /Users/alejandroleon/Documents/PROYECTOS CLIENTES/SINERGIA-WEB/vendor/laravel/framework/src/Illuminate/Pipeline/Pipeline.php(180): Illuminate\\Routing\\Router->Illuminate\\Routing\\{closure}(Object(Illuminate\\Http\\Request))
#13 /Users/alejandroleon/Documents/PROYECTOS CLIENTES/SINERGIA-WEB/vendor/laravel/framework/src/Illuminate/Routing/Middleware/SubstituteBindings.php(50): Illuminate\\Pipeline\\Pipeline->Illuminate\\Pipeline\\{closure}(Object(Illuminate\\Http\\Request))
#14 /Users/alejandroleon/Documents/PROYECTOS CLIENTES/SINERGIA-WEB/vendor/laravel/framework/src/Illuminate/Pipeline/Pipeline.php(219): Illuminate\\Routing\\Middleware\\SubstituteBindings->handle(Object(Illuminate\\Http\\Request), Object(Closure))
#15 /Users/alejandroleon/Documents/PROYECTOS CLIENTES/SINERGIA-WEB/vendor/laravel/framework/src/Illuminate/Foundation/Http/Middleware/VerifyCsrfToken.php(87): Illuminate\\Pipeline\\Pipeline->Illuminate\\Pipeline\\{closure}(Object(Illuminate\\Http\\Request))
#16 /Users/alejandroleon/Documents/PROYECTOS CLIENTES/SINERGIA-WEB/vendor/laravel/framework/src/Illuminate/Pipeline/Pipeline.php(219): Illuminate\\Foundation\\Http\\Middleware\\VerifyCsrfToken->handle(Object(Illuminate\\Http\\Request), Object(Closure))
#17 /Users/alejandroleon/Documents/PROYECTOS CLIENTES/SINERGIA-WEB/vendor/laravel/framework/src/Illuminate/View/Middleware/ShareErrorsFromSession.php(48): Illuminate\\Pipeline\\Pipeline->Illuminate\\Pipeline\\{closure}(Object(Illuminate\\Http\\Request))
#18 /Users/alejandroleon/Documents/PROYECTOS CLIENTES/SINERGIA-WEB/vendor/laravel/framework/src/Illuminate/Pipeline/Pipeline.php(219): Illuminate\\View\\Middleware\\ShareErrorsFromSession->handle(Object(Illuminate\\Http\\Request), Object(Closure))
#19 /Users/alejandroleon/Documents/PROYECTOS CLIENTES/SINERGIA-WEB/vendor/laravel/framework/src/Illuminate/Session/Middleware/StartSession.php(120): Illuminate\\Pipeline\\Pipeline->Illuminate\\Pipeline\\{closure}(Object(Illuminate\\Http\\Request))
#20 /Users/alejandroleon/Documents/PROYECTOS CLIENTES/SINERGIA-WEB/vendor/laravel/framework/src/Illuminate/Session/Middleware/StartSession.php(63): Illuminate\\Session\\Middleware\\StartSession->handleStatefulRequest(Object(Illuminate\\Http\\Request), Object(Illuminate\\Session\\Store), Object(Closure))
#21 /Users/alejandroleon/Documents/PROYECTOS CLIENTES/SINERGIA-WEB/vendor/laravel/framework/src/Illuminate/Pipeline/Pipeline.php(219): Illuminate\\Session\\Middleware\\StartSession->handle(Object(Illuminate\\Http\\Request), Object(Closure))
#22 /Users/alejandroleon/Documents/PROYECTOS CLIENTES/SINERGIA-WEB/vendor/laravel/framework/src/Illuminate/Cookie/Middleware/AddQueuedCookiesToResponse.php(36): Illuminate\\Pipeline\\Pipeline->Illuminate\\Pipeline\\{closure}(Object(Illuminate\\Http\\Request))
#23 /Users/alejandroleon/Documents/PROYECTOS CLIENTES/SINERGIA-WEB/vendor/laravel/framework/src/Illuminate/Pipeline/Pipeline.php(219): Illuminate\\Cookie\\Middleware\\AddQueuedCookiesToResponse->handle(Object(Illuminate\\Http\\Request), Object(Closure))
#24 /Users/alejandroleon/Documents/PROYECTOS CLIENTES/SINERGIA-WEB/vendor/laravel/framework/src/Illuminate/Cookie/Middleware/EncryptCookies.php(74): Illuminate\\Pipeline\\Pipeline->Illuminate\\Pipeline\\{closure}(Object(Illuminate\\Http\\Request))
#25 /Users/alejandroleon/Documents/PROYECTOS CLIENTES/SINERGIA-WEB/vendor/laravel/framework/src/Illuminate/Pipeline/Pipeline.php(219): Illuminate\\Cookie\\Middleware\\EncryptCookies->handle(Object(Illuminate\\Http\\Request), Object(Closure))
#26 /Users/alejandroleon/Documents/PROYECTOS CLIENTES/SINERGIA-WEB/vendor/laravel/framework/src/Illuminate/Pipeline/Pipeline.php(137): Illuminate\\Pipeline\\Pipeline->Illuminate\\Pipeline\\{closure}(Object(Illuminate\\Http\\Request))
#27 /Users/alejandroleon/Documents/PROYECTOS CLIENTES/SINERGIA-WEB/vendor/laravel/framework/src/Illuminate/Routing/Router.php(821): Illuminate\\Pipeline\\Pipeline->then(Object(Closure))
#28 /Users/alejandroleon/Documents/PROYECTOS CLIENTES/SINERGIA-WEB/vendor/laravel/framework/src/Illuminate/Routing/Router.php(800): Illuminate\\Routing\\Router->runRouteWithinStack(Object(Illuminate\\Routing\\Route), Object(Illuminate\\Http\\Request))
#29 /Users/alejandroleon/Documents/PROYECTOS CLIENTES/SINERGIA-WEB/vendor/laravel/framework/src/Illuminate/Routing/Router.php(764): Illuminate\\Routing\\Router->runRoute(Object(Illuminate\\Http\\Request), Object(Illuminate\\Routing\\Route))
#30 /Users/alejandroleon/Documents/PROYECTOS CLIENTES/SINERGIA-WEB/vendor/laravel/framework/src/Illuminate/Routing/Router.php(753): Illuminate\\Routing\\Router->dispatchToRoute(Object(Illuminate\\Http\\Request))
#31 /Users/alejandroleon/Documents/PROYECTOS CLIENTES/SINERGIA-WEB/vendor/laravel/framework/src/Illuminate/Foundation/Http/Kernel.php(200): Illuminate\\Routing\\Router->dispatch(Object(Illuminate\\Http\\Request))
#32 /Users/alejandroleon/Documents/PROYECTOS CLIENTES/SINERGIA-WEB/vendor/laravel/framework/src/Illuminate/Pipeline/Pipeline.php(180): Illuminate\\Foundation\\Http\\Kernel->Illuminate\\Foundation\\Http\\{closure}(Object(Illuminate\\Http\\Request))
#33 /Users/alejandroleon/Documents/PROYECTOS CLIENTES/SINERGIA-WEB/vendor/laravel/framework/src/Illuminate/Foundation/Http/Middleware/TransformsRequest.php(21): Illuminate\\Pipeline\\Pipeline->Illuminate\\Pipeline\\{closure}(Object(Illuminate\\Http\\Request))
#34 /Users/alejandroleon/Documents/PROYECTOS CLIENTES/SINERGIA-WEB/vendor/laravel/framework/src/Illuminate/Foundation/Http/Middleware/ConvertEmptyStringsToNull.php(31): Illuminate\\Foundation\\Http\\Middleware\\TransformsRequest->handle(Object(Illuminate\\Http\\Request), Object(Closure))
#35 /Users/alejandroleon/Documents/PROYECTOS CLIENTES/SINERGIA-WEB/vendor/laravel/framework/src/Illuminate/Pipeline/Pipeline.php(219): Illuminate\\Foundation\\Http\\Middleware\\ConvertEmptyStringsToNull->handle(Object(Illuminate\\Http\\Request), Object(Closure))
#36 /Users/alejandroleon/Documents/PROYECTOS CLIENTES/SINERGIA-WEB/vendor/laravel/framework/src/Illuminate/Foundation/Http/Middleware/TransformsRequest.php(21): Illuminate\\Pipeline\\Pipeline->Illuminate\\Pipeline\\{closure}(Object(Illuminate\\Http\\Request))
#37 /Users/alejandroleon/Documents/PROYECTOS CLIENTES/SINERGIA-WEB/vendor/laravel/framework/src/Illuminate/Foundation/Http/Middleware/TrimStrings.php(51): Illuminate\\Foundation\\Http\\Middleware\\TransformsRequest->handle(Object(Illuminate\\Http\\Request), Object(Closure))
#38 /Users/alejandroleon/Documents/PROYECTOS CLIENTES/SINERGIA-WEB/vendor/laravel/framework/src/Illuminate/Pipeline/Pipeline.php(219): Illuminate\\Foundation\\Http\\Middleware\\TrimStrings->handle(Object(Illuminate\\Http\\Request), Object(Closure))
#39 /Users/alejandroleon/Documents/PROYECTOS CLIENTES/SINERGIA-WEB/vendor/laravel/framework/src/Illuminate/Http/Middleware/ValidatePostSize.php(27): Illuminate\\Pipeline\\Pipeline->Illuminate\\Pipeline\\{closure}(Object(Illuminate\\Http\\Request))
#40 /Users/alejandroleon/Documents/PROYECTOS CLIENTES/SINERGIA-WEB/vendor/laravel/framework/src/Illuminate/Pipeline/Pipeline.php(219): Illuminate\\Http\\Middleware\\ValidatePostSize->handle(Object(Illuminate\\Http\\Request), Object(Closure))
#41 /Users/alejandroleon/Documents/PROYECTOS CLIENTES/SINERGIA-WEB/vendor/laravel/framework/src/Illuminate/Foundation/Http/Middleware/PreventRequestsDuringMaintenance.php(109): Illuminate\\Pipeline\\Pipeline->Illuminate\\Pipeline\\{closure}(Object(Illuminate\\Http\\Request))
#42 /Users/alejandroleon/Documents/PROYECTOS CLIENTES/SINERGIA-WEB/vendor/laravel/framework/src/Illuminate/Pipeline/Pipeline.php(219): Illuminate\\Foundation\\Http\\Middleware\\PreventRequestsDuringMaintenance->handle(Object(Illuminate\\Http\\Request), Object(Closure))
#43 /Users/alejandroleon/Documents/PROYECTOS CLIENTES/SINERGIA-WEB/vendor/laravel/framework/src/Illuminate/Http/Middleware/HandleCors.php(61): Illuminate\\Pipeline\\Pipeline->Illuminate\\Pipeline\\{closure}(Object(Illuminate\\Http\\Request))
#44 /Users/alejandroleon/Documents/PROYECTOS CLIENTES/SINERGIA-WEB/vendor/laravel/framework/src/Illuminate/Pipeline/Pipeline.php(219): Illuminate\\Http\\Middleware\\HandleCors->handle(Object(Illuminate\\Http\\Request), Object(Closure))
#45 /Users/alejandroleon/Documents/PROYECTOS CLIENTES/SINERGIA-WEB/vendor/laravel/framework/src/Illuminate/Http/Middleware/TrustProxies.php(58): Illuminate\\Pipeline\\Pipeline->Illuminate\\Pipeline\\{closure}(Object(Illuminate\\Http\\Request))
#46 /Users/alejandroleon/Documents/PROYECTOS CLIENTES/SINERGIA-WEB/vendor/laravel/framework/src/Illuminate/Pipeline/Pipeline.php(219): Illuminate\\Http\\Middleware\\TrustProxies->handle(Object(Illuminate\\Http\\Request), Object(Closure))
#47 /Users/alejandroleon/Documents/PROYECTOS CLIENTES/SINERGIA-WEB/vendor/laravel/framework/src/Illuminate/Foundation/Http/Middleware/InvokeDeferredCallbacks.php(22): Illuminate\\Pipeline\\Pipeline->Illuminate\\Pipeline\\{closure}(Object(Illuminate\\Http\\Request))
#48 /Users/alejandroleon/Documents/PROYECTOS CLIENTES/SINERGIA-WEB/vendor/laravel/framework/src/Illuminate/Pipeline/Pipeline.php(219): Illuminate\\Foundation\\Http\\Middleware\\InvokeDeferredCallbacks->handle(Object(Illuminate\\Http\\Request), Object(Closure))
#49 /Users/alejandroleon/Documents/PROYECTOS CLIENTES/SINERGIA-WEB/vendor/laravel/framework/src/Illuminate/Http/Middleware/ValidatePathEncoding.php(26): Illuminate\\Pipeline\\Pipeline->Illuminate\\Pipeline\\{closure}(Object(Illuminate\\Http\\Request))
#50 /Users/alejandroleon/Documents/PROYECTOS CLIENTES/SINERGIA-WEB/vendor/laravel/framework/src/Illuminate/Pipeline/Pipeline.php(219): Illuminate\\Http\\Middleware\\ValidatePathEncoding->handle(Object(Illuminate\\Http\\Request), Object(Closure))
#51 /Users/alejandroleon/Documents/PROYECTOS CLIENTES/SINERGIA-WEB/vendor/laravel/framework/src/Illuminate/Pipeline/Pipeline.php(137): Illuminate\\Pipeline\\Pipeline->Illuminate\\Pipeline\\{closure}(Object(Illuminate\\Http\\Request))
#52 /Users/alejandroleon/Documents/PROYECTOS CLIENTES/SINERGIA-WEB/vendor/laravel/framework/src/Illuminate/Foundation/Http/Kernel.php(175): Illuminate\\Pipeline\\Pipeline->then(Object(Closure))
#53 /Users/alejandroleon/Documents/PROYECTOS CLIENTES/SINERGIA-WEB/vendor/laravel/framework/src/Illuminate/Foundation/Http/Kernel.php(144): Illuminate\\Foundation\\Http\\Kernel->sendRequestThroughRouter(Object(Illuminate\\Http\\Request))
#54 /Users/alejandroleon/Documents/PROYECTOS CLIENTES/SINERGIA-WEB/vendor/laravel/framework/src/Illuminate/Foundation/Application.php(1220): Illuminate\\Foundation\\Http\\Kernel->handle(Object(Illuminate\\Http\\Request))
#55 /Users/alejandroleon/Documents/PROYECTOS CLIENTES/SINERGIA-WEB/public/index.php(17): Illuminate\\Foundation\\Application->handleRequest(Object(Illuminate\\Http\\Request))
#56 /Users/alejandroleon/Documents/PROYECTOS CLIENTES/SINERGIA-WEB/vendor/laravel/framework/src/Illuminate/Foundation/resources/server.php(23): require_once('/Users/alejandr...')
#57 {main}
"} 
[2026-06-04 01:05:02] local.ERROR: SQLSTATE[HY000] [2002] Operation not permitted (Connection: mysql, Host: 127.0.0.1, Port: 3306, Database: sinergiaac, SQL: delete from `cache`) {"exception":"[object] (Illuminate\\Database\\QueryException(code: 2002): SQLSTATE[HY000] [2002] Operation not permitted (Connection: mysql, Host: 127.0.0.1, Port: 3306, Database: sinergiaac, SQL: delete from `cache`) at /Users/alejandroleon/Documents/PROYECTOS CLIENTES/SINERGIA-WEB/vendor/laravel/framework/src/Illuminate/Database/Connection.php:838)
[stacktrace]
#0 /Users/alejandroleon/Documents/PROYECTOS CLIENTES/SINERGIA-WEB/vendor/laravel/framework/src/Illuminate/Database/Connection.php(794): Illuminate\\Database\\Connection->runQueryCallback('delete from `ca...', Array, Object(Closure))
#1 /Users/alejandroleon/Documents/PROYECTOS CLIENTES/SINERGIA-WEB/vendor/laravel/framework/src/Illuminate/Database/Connection.php(597): Illuminate\\Database\\Connection->run('delete from `ca...', Array, Object(Closure))
#2 /Users/alejandroleon/Documents/PROYECTOS CLIENTES/SINERGIA-WEB/vendor/laravel/framework/src/Illuminate/Database/Connection.php(561): Illuminate\\Database\\Connection->affectingStatement('delete from `ca...', Array)
#3 /Users/alejandroleon/Documents/PROYECTOS CLIENTES/SINERGIA-WEB/vendor/laravel/framework/src/Illuminate/Database/Query/Builder.php(4426): Illuminate\\Database\\Connection->delete('delete from `ca...', Array)
#4 /Users/alejandroleon/Documents/PROYECTOS CLIENTES/SINERGIA-WEB/vendor/laravel/framework/src/Illuminate/Cache/DatabaseStore.php(433): Illuminate\\Database\\Query\\Builder->delete()
#5 /Users/alejandroleon/Documents/PROYECTOS CLIENTES/SINERGIA-WEB/vendor/laravel/framework/src/Illuminate/Cache/Repository.php(979): Illuminate\\Cache\\DatabaseStore->flush()
#6 /Users/alejandroleon/Documents/PROYECTOS CLIENTES/SINERGIA-WEB/vendor/laravel/framework/src/Illuminate/Cache/Console/ClearCommand.php(68): Illuminate\\Cache\\Repository->__call('flush', Array)
#7 /Users/alejandroleon/Documents/PROYECTOS CLIENTES/SINERGIA-WEB/vendor/laravel/framework/src/Illuminate/Container/BoundMethod.php(36): Illuminate\\Cache\\Console\\ClearCommand->handle()
#8 /Users/alejandroleon/Documents/PROYECTOS CLIENTES/SINERGIA-WEB/vendor/laravel/framework/src/Illuminate/Container/Util.php(43): Illuminate\\Container\\BoundMethod::Illuminate\\Container\\{closure}()
#9 /Users/alejandroleon/Documents/PROYECTOS CLIENTES/SINERGIA-WEB/vendor/laravel/framework/src/Illuminate/Container/BoundMethod.php(96): Illuminate\\Container\\Util::unwrapIfClosure(Object(Closure))
#10 /Users/alejandroleon/Documents/PROYECTOS CLIENTES/SINERGIA-WEB/vendor/laravel/framework/src/Illuminate/Container/BoundMethod.php(35): Illuminate\\Container\\BoundMethod::callBoundMethod(Object(Illuminate\\Foundation\\Application), Array, Object(Closure))
#11 /Users/alejandroleon/Documents/PROYECTOS CLIENTES/SINERGIA-WEB/vendor/laravel/framework/src/Illuminate/Container/Container.php(799): Illuminate\\Container\\BoundMethod::call(Object(Illuminate\\Foundation\\Application), Array, Array, NULL)
#12 /Users/alejandroleon/Documents/PROYECTOS CLIENTES/SINERGIA-WEB/vendor/laravel/framework/src/Illuminate/Console/Command.php(211): Illuminate\\Container\\Container->call(Array)
#13 /Users/alejandroleon/Documents/PROYECTOS CLIENTES/SINERGIA-WEB/vendor/symfony/console/Command/Command.php(341): Illuminate\\Console\\Command->execute(Object(Symfony\\Component\\Console\\Input\\ArrayInput), Object(Illuminate\\Console\\OutputStyle))
#14 /Users/alejandroleon/Documents/PROYECTOS CLIENTES/SINERGIA-WEB/vendor/laravel/framework/src/Illuminate/Console/Command.php(180): Symfony\\Component\\Console\\Command\\Command->run(Object(Symfony\\Component\\Console\\Input\\ArrayInput), Object(Illuminate\\Console\\OutputStyle))
#15 /Users/alejandroleon/Documents/PROYECTOS CLIENTES/SINERGIA-WEB/vendor/laravel/framework/src/Illuminate/Console/Concerns/CallsCommands.php(68): Illuminate\\Console\\Command->run(Object(Symfony\\Component\\Console\\Input\\ArrayInput), Object(Symfony\\Component\\Console\\Output\\NullOutput))
#16 /Users/alejandroleon/Documents/PROYECTOS CLIENTES/SINERGIA-WEB/vendor/laravel/framework/src/Illuminate/Console/Concerns/CallsCommands.php(41): Illuminate\\Console\\Command->runCommand('cache:clear', Array, Object(Symfony\\Component\\Console\\Output\\NullOutput))
#17 /Users/alejandroleon/Documents/PROYECTOS CLIENTES/SINERGIA-WEB/vendor/laravel/framework/src/Illuminate/Console/Concerns/CallsCommands.php(53): Illuminate\\Console\\Command->callSilent('cache:clear', Array)
#18 /Users/alejandroleon/Documents/PROYECTOS CLIENTES/SINERGIA-WEB/vendor/laravel/framework/src/Illuminate/Foundation/Console/OptimizeClearCommand.php(48): Illuminate\\Console\\Command->callSilently('cache:clear')
#19 /Users/alejandroleon/Documents/PROYECTOS CLIENTES/SINERGIA-WEB/vendor/laravel/framework/src/Illuminate/Console/View/Components/Task.php(41): Illuminate\\Foundation\\Console\\OptimizeClearCommand->Illuminate\\Foundation\\Console\\{closure}()
#20 /Users/alejandroleon/Documents/PROYECTOS CLIENTES/SINERGIA-WEB/vendor/laravel/framework/src/Illuminate/Console/View/Components/Factory.php(59): Illuminate\\Console\\View\\Components\\Task->render('cache', Object(Closure))
#21 /Users/alejandroleon/Documents/PROYECTOS CLIENTES/SINERGIA-WEB/vendor/laravel/framework/src/Illuminate/Foundation/Console/OptimizeClearCommand.php(48): Illuminate\\Console\\View\\Components\\Factory->__call('task', Array)
#22 /Users/alejandroleon/Documents/PROYECTOS CLIENTES/SINERGIA-WEB/vendor/laravel/framework/src/Illuminate/Container/BoundMethod.php(36): Illuminate\\Foundation\\Console\\OptimizeClearCommand->handle()
#23 /Users/alejandroleon/Documents/PROYECTOS CLIENTES/SINERGIA-WEB/vendor/laravel/framework/src/Illuminate/Container/Util.php(43): Illuminate\\Container\\BoundMethod::Illuminate\\Container\\{closure}()
#24 /Users/alejandroleon/Documents/PROYECTOS CLIENTES/SINERGIA-WEB/vendor/laravel/framework/src/Illuminate/Container/BoundMethod.php(96): Illuminate\\Container\\Util::unwrapIfClosure(Object(Closure))
#25 /Users/alejandroleon/Documents/PROYECTOS CLIENTES/SINERGIA-WEB/vendor/laravel/framework/src/Illuminate/Container/BoundMethod.php(35): Illuminate\\Container\\BoundMethod::callBoundMethod(Object(Illuminate\\Foundation\\Application), Array, Object(Closure))
#26 /Users/alejandroleon/Documents/PROYECTOS CLIENTES/SINERGIA-WEB/vendor/laravel/framework/src/Illuminate/Container/Container.php(799): Illuminate\\Container\\BoundMethod::call(Object(Illuminate\\Foundation\\Application), Array, Array, NULL)
#27 /Users/alejandroleon/Documents/PROYECTOS CLIENTES/SINERGIA-WEB/vendor/laravel/framework/src/Illuminate/Console/Command.php(211): Illuminate\\Container\\Container->call(Array)
#28 /Users/alejandroleon/Documents/PROYECTOS CLIENTES/SINERGIA-WEB/vendor/symfony/console/Command/Command.php(341): Illuminate\\Console\\Command->execute(Object(Symfony\\Component\\Console\\Input\\ArgvInput), Object(Illuminate\\Console\\OutputStyle))
#29 /Users/alejandroleon/Documents/PROYECTOS CLIENTES/SINERGIA-WEB/vendor/laravel/framework/src/Illuminate/Console/Command.php(180): Symfony\\Component\\Console\\Command\\Command->run(Object(Symfony\\Component\\Console\\Input\\ArgvInput), Object(Illuminate\\Console\\OutputStyle))
#30 /Users/alejandroleon/Documents/PROYECTOS CLIENTES/SINERGIA-WEB/vendor/symfony/console/Application.php(1117): Illuminate\\Console\\Command->run(Object(Symfony\\Component\\Console\\Input\\ArgvInput), Object(Symfony\\Component\\Console\\Output\\ConsoleOutput))
#31 /Users/alejandroleon/Documents/PROYECTOS CLIENTES/SINERGIA-WEB/vendor/symfony/console/Application.php(356): Symfony\\Component\\Console\\Application->doRunCommand(Object(Illuminate\\Foundation\\Console\\OptimizeClearCommand), Object(Symfony\\Component\\Console\\Input\\ArgvInput), Object(Symfony\\Component\\Console\\Output\\ConsoleOutput))
#32 /Users/alejandroleon/Documents/PROYECTOS CLIENTES/SINERGIA-WEB/vendor/symfony/console/Application.php(195): Symfony\\Component\\Console\\Application->doRun(Object(Symfony\\Component\\Console\\Input\\ArgvInput), Object(Symfony\\Component\\Console\\Output\\ConsoleOutput))
#33 /Users/alejandroleon/Documents/PROYECTOS CLIENTES/SINERGIA-WEB/vendor/laravel/framework/src/Illuminate/Foundation/Console/Kernel.php(198): Symfony\\Component\\Console\\Application->run(Object(Symfony\\Component\\Console\\Input\\ArgvInput), Object(Symfony\\Component\\Console\\Output\\ConsoleOutput))
#34 /Users/alejandroleon/Documents/PROYECTOS CLIENTES/SINERGIA-WEB/vendor/laravel/framework/src/Illuminate/Foundation/Application.php(1235): Illuminate\\Foundation\\Console\\Kernel->handle(Object(Symfony\\Component\\Console\\Input\\ArgvInput), Object(Symfony\\Component\\Console\\Output\\ConsoleOutput))
#35 /Users/alejandroleon/Documents/PROYECTOS CLIENTES/SINERGIA-WEB/artisan(14): Illuminate\\Foundation\\Application->handleCommand(Object(Symfony\\Component\\Console\\Input\\ArgvInput))
#36 {main}

[previous exception] [object] (PDOException(code: 2002): SQLSTATE[HY000] [2002] Operation not permitted at /Users/alejandroleon/Documents/PROYECTOS CLIENTES/SINERGIA-WEB/vendor/laravel/framework/src/Illuminate/Database/Connectors/Connector.php:66)
[stacktrace]
#0 /Users/alejandroleon/Documents/PROYECTOS CLIENTES/SINERGIA-WEB/vendor/laravel/framework/src/Illuminate/Database/Connectors/Connector.php(66): PDO->__construct('mysql:host=127....', 'root', Object(SensitiveParameterValue), Array)
#1 /Users/alejandroleon/Documents/PROYECTOS CLIENTES/SINERGIA-WEB/vendor/laravel/framework/src/Illuminate/Database/Connectors/Connector.php(44): Illuminate\\Database\\Connectors\\Connector->createPdoConnection('mysql:host=127....', 'root', Object(SensitiveParameterValue), Array)
#2 /Users/alejandroleon/Documents/PROYECTOS CLIENTES/SINERGIA-WEB/vendor/laravel/framework/src/Illuminate/Database/Connectors/MySqlConnector.php(24): Illuminate\\Database\\Connectors\\Connector->createConnection('mysql:host=127....', Array, Array)
#3 /Users/alejandroleon/Documents/PROYECTOS CLIENTES/SINERGIA-WEB/vendor/laravel/framework/src/Illuminate/Database/Connectors/ConnectionFactory.php(186): Illuminate\\Database\\Connectors\\MySqlConnector->connect(Array)
#4 [internal function]: Illuminate\\Database\\Connectors\\ConnectionFactory->Illuminate\\Database\\Connectors\\{closure}()
#5 /Users/alejandroleon/Documents/PROYECTOS CLIENTES/SINERGIA-WEB/vendor/laravel/framework/src/Illuminate/Database/Connection.php(1257): call_user_func(Object(Closure))
#6 /Users/alejandroleon/Documents/PROYECTOS CLIENTES/SINERGIA-WEB/vendor/laravel/framework/src/Illuminate/Database/Connection.php(605): Illuminate\\Database\\Connection->getPdo()
#7 /Users/alejandroleon/Documents/PROYECTOS CLIENTES/SINERGIA-WEB/vendor/laravel/framework/src/Illuminate/Database/Connection.php(827): Illuminate\\Database\\Connection->Illuminate\\Database\\{closure}('delete from `ca...', Array)
#8 /Users/alejandroleon/Documents/PROYECTOS CLIENTES/SINERGIA-WEB/vendor/laravel/framework/src/Illuminate/Database/Connection.php(794): Illuminate\\Database\\Connection->runQueryCallback('delete from `ca...', Array, Object(Closure))
#9 /Users/alejandroleon/Documents/PROYECTOS CLIENTES/SINERGIA-WEB/vendor/laravel/framework/src/Illuminate/Database/Connection.php(597): Illuminate\\Database\\Connection->run('delete from `ca...', Array, Object(Closure))
#10 /Users/alejandroleon/Documents/PROYECTOS CLIENTES/SINERGIA-WEB/vendor/laravel/framework/src/Illuminate/Database/Connection.php(561): Illuminate\\Database\\Connection->affectingStatement('delete from `ca...', Array)
#11 /Users/alejandroleon/Documents/PROYECTOS CLIENTES/SINERGIA-WEB/vendor/laravel/framework/src/Illuminate/Database/Query/Builder.php(4426): Illuminate\\Database\\Connection->delete('delete from `ca...', Array)
#12 /Users/alejandroleon/Documents/PROYECTOS CLIENTES/SINERGIA-WEB/vendor/laravel/framework/src/Illuminate/Cache/DatabaseStore.php(433): Illuminate\\Database\\Query\\Builder->delete()
#13 /Users/alejandroleon/Documents/PROYECTOS CLIENTES/SINERGIA-WEB/vendor/laravel/framework/src/Illuminate/Cache/Repository.php(979): Illuminate\\Cache\\DatabaseStore->flush()
#14 /Users/alejandroleon/Documents/PROYECTOS CLIENTES/SINERGIA-WEB/vendor/laravel/framework/src/Illuminate/Cache/Console/ClearCommand.php(68): Illuminate\\Cache\\Repository->__call('flush', Array)
#15 /Users/alejandroleon/Documents/PROYECTOS CLIENTES/SINERGIA-WEB/vendor/laravel/framework/src/Illuminate/Container/BoundMethod.php(36): Illuminate\\Cache\\Console\\ClearCommand->handle()
#16 /Users/alejandroleon/Documents/PROYECTOS CLIENTES/SINERGIA-WEB/vendor/laravel/framework/src/Illuminate/Container/Util.php(43): Illuminate\\Container\\BoundMethod::Illuminate\\Container\\{closure}()
#17 /Users/alejandroleon/Documents/PROYECTOS CLIENTES/SINERGIA-WEB/vendor/laravel/framework/src/Illuminate/Container/BoundMethod.php(96): Illuminate\\Container\\Util::unwrapIfClosure(Object(Closure))
#18 /Users/alejandroleon/Documents/PROYECTOS CLIENTES/SINERGIA-WEB/vendor/laravel/framework/src/Illuminate/Container/BoundMethod.php(35): Illuminate\\Container\\BoundMethod::callBoundMethod(Object(Illuminate\\Foundation\\Application), Array, Object(Closure))
#19 /Users/alejandroleon/Documents/PROYECTOS CLIENTES/SINERGIA-WEB/vendor/laravel/framework/src/Illuminate/Container/Container.php(799): Illuminate\\Container\\BoundMethod::call(Object(Illuminate\\Foundation\\Application), Array, Array, NULL)
#20 /Users/alejandroleon/Documents/PROYECTOS CLIENTES/SINERGIA-WEB/vendor/laravel/framework/src/Illuminate/Console/Command.php(211): Illuminate\\Container\\Container->call(Array)
#21 /Users/alejandroleon/Documents/PROYECTOS CLIENTES/SINERGIA-WEB/vendor/symfony/console/Command/Command.php(341): Illuminate\\Console\\Command->execute(Object(Symfony\\Component\\Console\\Input\\ArrayInput), Object(Illuminate\\Console\\OutputStyle))
#22 /Users/alejandroleon/Documents/PROYECTOS CLIENTES/SINERGIA-WEB/vendor/laravel/framework/src/Illuminate/Console/Command.php(180): Symfony\\Component\\Console\\Command\\Command->run(Object(Symfony\\Component\\Console\\Input\\ArrayInput), Object(Illuminate\\Console\\OutputStyle))
#23 /Users/alejandroleon/Documents/PROYECTOS CLIENTES/SINERGIA-WEB/vendor/laravel/framework/src/Illuminate/Console/Concerns/CallsCommands.php(68): Illuminate\\Console\\Command->run(Object(Symfony\\Component\\Console\\Input\\ArrayInput), Object(Symfony\\Component\\Console\\Output\\NullOutput))
#24 /Users/alejandroleon/Documents/PROYECTOS CLIENTES/SINERGIA-WEB/vendor/laravel/framework/src/Illuminate/Console/Concerns/CallsCommands.php(41): Illuminate\\Console\\Command->runCommand('cache:clear', Array, Object(Symfony\\Component\\Console\\Output\\NullOutput))
#25 /Users/alejandroleon/Documents/PROYECTOS CLIENTES/SINERGIA-WEB/vendor/laravel/framework/src/Illuminate/Console/Concerns/CallsCommands.php(53): Illuminate\\Console\\Command->callSilent('cache:clear', Array)
#26 /Users/alejandroleon/Documents/PROYECTOS CLIENTES/SINERGIA-WEB/vendor/laravel/framework/src/Illuminate/Foundation/Console/OptimizeClearCommand.php(48): Illuminate\\Console\\Command->callSilently('cache:clear')
#27 /Users/alejandroleon/Documents/PROYECTOS CLIENTES/SINERGIA-WEB/vendor/laravel/framework/src/Illuminate/Console/View/Components/Task.php(41): Illuminate\\Foundation\\Console\\OptimizeClearCommand->Illuminate\\Foundation\\Console\\{closure}()
#28 /Users/alejandroleon/Documents/PROYECTOS CLIENTES/SINERGIA-WEB/vendor/laravel/framework/src/Illuminate/Console/View/Components/Factory.php(59): Illuminate\\Console\\View\\Components\\Task->render('cache', Object(Closure))
#29 /Users/alejandroleon/Documents/PROYECTOS CLIENTES/SINERGIA-WEB/vendor/laravel/framework/src/Illuminate/Foundation/Console/OptimizeClearCommand.php(48): Illuminate\\Console\\View\\Components\\Factory->__call('task', Array)
#30 /Users/alejandroleon/Documents/PROYECTOS CLIENTES/SINERGIA-WEB/vendor/laravel/framework/src/Illuminate/Container/BoundMethod.php(36): Illuminate\\Foundation\\Console\\OptimizeClearCommand->handle()
#31 /Users/alejandroleon/Documents/PROYECTOS CLIENTES/SINERGIA-WEB/vendor/laravel/framework/src/Illuminate/Container/Util.php(43): Illuminate\\Container\\BoundMethod::Illuminate\\Container\\{closure}()
#32 /Users/alejandroleon/Documents/PROYECTOS CLIENTES/SINERGIA-WEB/vendor/laravel/framework/src/Illuminate/Container/BoundMethod.php(96): Illuminate\\Container\\Util::unwrapIfClosure(Object(Closure))
#33 /Users/alejandroleon/Documents/PROYECTOS CLIENTES/SINERGIA-WEB/vendor/laravel/framework/src/Illuminate/Container/BoundMethod.php(35): Illuminate\\Container\\BoundMethod::callBoundMethod(Object(Illuminate\\Foundation\\Application), Array, Object(Closure))
#34 /Users/alejandroleon/Documents/PROYECTOS CLIENTES/SINERGIA-WEB/vendor/laravel/framework/src/Illuminate/Container/Container.php(799): Illuminate\\Container\\BoundMethod::call(Object(Illuminate\\Foundation\\Application), Array, Array, NULL)
#35 /Users/alejandroleon/Documents/PROYECTOS CLIENTES/SINERGIA-WEB/vendor/laravel/framework/src/Illuminate/Console/Command.php(211): Illuminate\\Container\\Container->call(Array)
#36 /Users/alejandroleon/Documents/PROYECTOS CLIENTES/SINERGIA-WEB/vendor/symfony/console/Command/Command.php(341): Illuminate\\Console\\Command->execute(Object(Symfony\\Component\\Console\\Input\\ArgvInput), Object(Illuminate\\Console\\OutputStyle))
#37 /Users/alejandroleon/Documents/PROYECTOS CLIENTES/SINERGIA-WEB/vendor/laravel/framework/src/Illuminate/Console/Command.php(180): Symfony\\Component\\Console\\Command\\Command->run(Object(Symfony\\Component\\Console\\Input\\ArgvInput), Object(Illuminate\\Console\\OutputStyle))
#38 /Users/alejandroleon/Documents/PROYECTOS CLIENTES/SINERGIA-WEB/vendor/symfony/console/Application.php(1117): Illuminate\\Console\\Command->run(Object(Symfony\\Component\\Console\\Input\\ArgvInput), Object(Symfony\\Component\\Console\\Output\\ConsoleOutput))
#39 /Users/alejandroleon/Documents/PROYECTOS CLIENTES/SINERGIA-WEB/vendor/symfony/console/Application.php(356): Symfony\\Component\\Console\\Application->doRunCommand(Object(Illuminate\\Foundation\\Console\\OptimizeClearCommand), Object(Symfony\\Component\\Console\\Input\\ArgvInput), Object(Symfony\\Component\\Console\\Output\\ConsoleOutput))
#40 /Users/alejandroleon/Documents/PROYECTOS CLIENTES/SINERGIA-WEB/vendor/symfony/console/Application.php(195): Symfony\\Component\\Console\\Application->doRun(Object(Symfony\\Component\\Console\\Input\\ArgvInput), Object(Symfony\\Component\\Console\\Output\\ConsoleOutput))
#41 /Users/alejandroleon/Documents/PROYECTOS CLIENTES/SINERGIA-WEB/vendor/laravel/framework/src/Illuminate/Foundation/Console/Kernel.php(198): Symfony\\Component\\Console\\Application->run(Object(Symfony\\Component\\Console\\Input\\ArgvInput), Object(Symfony\\Component\\Console\\Output\\ConsoleOutput))
#42 /Users/alejandroleon/Documents/PROYECTOS CLIENTES/SINERGIA-WEB/vendor/laravel/framework/src/Illuminate/Foundation/Application.php(1235): Illuminate\\Foundation\\Console\\Kernel->handle(Object(Symfony\\Component\\Console\\Input\\ArgvInput), Object(Symfony\\Component\\Console\\Output\\ConsoleOutput))
#43 /Users/alejandroleon/Documents/PROYECTOS CLIENTES/SINERGIA-WEB/artisan(14): Illuminate\\Foundation\\Application->handleCommand(Object(Symfony\\Component\\Console\\Input\\ArgvInput))
#44 {main}
"} 
[2026-06-04 01:05:42] local.ERROR: App\Http\Controllers\Admin\AdminController::edit(): Argument #2 ($id) must be of type int, string given, called in /Users/alejandroleon/Documents/PROYECTOS CLIENTES/SINERGIA-WEB/vendor/laravel/framework/src/Illuminate/Routing/ControllerDispatcher.php on line 46 {"userId":1,"exception":"[object] (TypeError(code: 0): App\\Http\\Controllers\\Admin\\AdminController::edit(): Argument #2 ($id) must be of type int, string given, called in /Users/alejandroleon/Documents/PROYECTOS CLIENTES/SINERGIA-WEB/vendor/laravel/framework/src/Illuminate/Routing/ControllerDispatcher.php on line 46 at /Users/alejandroleon/Documents/PROYECTOS CLIENTES/SINERGIA-WEB/app/Http/Controllers/Admin/AdminController.php:58)
[stacktrace]
#0 /Users/alejandroleon/Documents/PROYECTOS CLIENTES/SINERGIA-WEB/vendor/laravel/framework/src/Illuminate/Routing/ControllerDispatcher.php(46): App\\Http\\Controllers\\Admin\\AdminController->edit('blog-titulo-1', 'posts')
#1 /Users/alejandroleon/Documents/PROYECTOS CLIENTES/SINERGIA-WEB/vendor/laravel/framework/src/Illuminate/Routing/Route.php(265): Illuminate\\Routing\\ControllerDispatcher->dispatch(Object(Illuminate\\Routing\\Route), Object(App\\Http\\Controllers\\Admin\\AdminController), 'edit')
#2 /Users/alejandroleon/Documents/PROYECTOS CLIENTES/SINERGIA-WEB/vendor/laravel/framework/src/Illuminate/Routing/Route.php(211): Illuminate\\Routing\\Route->runController()
#3 /Users/alejandroleon/Documents/PROYECTOS CLIENTES/SINERGIA-WEB/vendor/laravel/framework/src/Illuminate/Routing/Router.php(822): Illuminate\\Routing\\Route->run()
#4 /Users/alejandroleon/Documents/PROYECTOS CLIENTES/SINERGIA-WEB/vendor/laravel/framework/src/Illuminate/Pipeline/Pipeline.php(180): Illuminate\\Routing\\Router->Illuminate\\Routing\\{closure}(Object(Illuminate\\Http\\Request))
#5 /Users/alejandroleon/Documents/PROYECTOS CLIENTES/SINERGIA-WEB/vendor/laravel/framework/src/Illuminate/Routing/Middleware/SubstituteBindings.php(50): Illuminate\\Pipeline\\Pipeline->Illuminate\\Pipeline\\{closure}(Object(Illuminate\\Http\\Request))
#6 /Users/alejandroleon/Documents/PROYECTOS CLIENTES/SINERGIA-WEB/vendor/laravel/framework/src/Illuminate/Pipeline/Pipeline.php(219): Illuminate\\Routing\\Middleware\\SubstituteBindings->handle(Object(Illuminate\\Http\\Request), Object(Closure))
#7 /Users/alejandroleon/Documents/PROYECTOS CLIENTES/SINERGIA-WEB/vendor/laravel/framework/src/Illuminate/Auth/Middleware/Authenticate.php(63): Illuminate\\Pipeline\\Pipeline->Illuminate\\Pipeline\\{closure}(Object(Illuminate\\Http\\Request))
#8 /Users/alejandroleon/Documents/PROYECTOS CLIENTES/SINERGIA-WEB/vendor/laravel/framework/src/Illuminate/Pipeline/Pipeline.php(219): Illuminate\\Auth\\Middleware\\Authenticate->handle(Object(Illuminate\\Http\\Request), Object(Closure))
#9 /Users/alejandroleon/Documents/PROYECTOS CLIENTES/SINERGIA-WEB/vendor/laravel/framework/src/Illuminate/Foundation/Http/Middleware/VerifyCsrfToken.php(87): Illuminate\\Pipeline\\Pipeline->Illuminate\\Pipeline\\{closure}(Object(Illuminate\\Http\\Request))
#10 /Users/alejandroleon/Documents/PROYECTOS CLIENTES/SINERGIA-WEB/vendor/laravel/framework/src/Illuminate/Pipeline/Pipeline.php(219): Illuminate\\Foundation\\Http\\Middleware\\VerifyCsrfToken->handle(Object(Illuminate\\Http\\Request), Object(Closure))
#11 /Users/alejandroleon/Documents/PROYECTOS CLIENTES/SINERGIA-WEB/vendor/laravel/framework/src/Illuminate/View/Middleware/ShareErrorsFromSession.php(48): Illuminate\\Pipeline\\Pipeline->Illuminate\\Pipeline\\{closure}(Object(Illuminate\\Http\\Request))
#12 /Users/alejandroleon/Documents/PROYECTOS CLIENTES/SINERGIA-WEB/vendor/laravel/framework/src/Illuminate/Pipeline/Pipeline.php(219): Illuminate\\View\\Middleware\\ShareErrorsFromSession->handle(Object(Illuminate\\Http\\Request), Object(Closure))
#13 /Users/alejandroleon/Documents/PROYECTOS CLIENTES/SINERGIA-WEB/vendor/laravel/framework/src/Illuminate/Session/Middleware/StartSession.php(120): Illuminate\\Pipeline\\Pipeline->Illuminate\\Pipeline\\{closure}(Object(Illuminate\\Http\\Request))
#14 /Users/alejandroleon/Documents/PROYECTOS CLIENTES/SINERGIA-WEB/vendor/laravel/framework/src/Illuminate/Session/Middleware/StartSession.php(63): Illuminate\\Session\\Middleware\\StartSession->handleStatefulRequest(Object(Illuminate\\Http\\Request), Object(Illuminate\\Session\\Store), Object(Closure))
#15 /Users/alejandroleon/Documents/PROYECTOS CLIENTES/SINERGIA-WEB/vendor/laravel/framework/src/Illuminate/Pipeline/Pipeline.php(219): Illuminate\\Session\\Middleware\\StartSession->handle(Object(Illuminate\\Http\\Request), Object(Closure))
#16 /Users/alejandroleon/Documents/PROYECTOS CLIENTES/SINERGIA-WEB/vendor/laravel/framework/src/Illuminate/Cookie/Middleware/AddQueuedCookiesToResponse.php(36): Illuminate\\Pipeline\\Pipeline->Illuminate\\Pipeline\\{closure}(Object(Illuminate\\Http\\Request))
#17 /Users/alejandroleon/Documents/PROYECTOS CLIENTES/SINERGIA-WEB/vendor/laravel/framework/src/Illuminate/Pipeline/Pipeline.php(219): Illuminate\\Cookie\\Middleware\\AddQueuedCookiesToResponse->handle(Object(Illuminate\\Http\\Request), Object(Closure))
#18 /Users/alejandroleon/Documents/PROYECTOS CLIENTES/SINERGIA-WEB/vendor/laravel/framework/src/Illuminate/Cookie/Middleware/EncryptCookies.php(74): Illuminate\\Pipeline\\Pipeline->Illuminate\\Pipeline\\{closure}(Object(Illuminate\\Http\\Request))
#19 /Users/alejandroleon/Documents/PROYECTOS CLIENTES/SINERGIA-WEB/vendor/laravel/framework/src/Illuminate/Pipeline/Pipeline.php(219): Illuminate\\Cookie\\Middleware\\EncryptCookies->handle(Object(Illuminate\\Http\\Request), Object(Closure))
#20 /Users/alejandroleon/Documents/PROYECTOS CLIENTES/SINERGIA-WEB/vendor/laravel/framework/src/Illuminate/Pipeline/Pipeline.php(137): Illuminate\\Pipeline\\Pipeline->Illuminate\\Pipeline\\{closure}(Object(Illuminate\\Http\\Request))
#21 /Users/alejandroleon/Documents/PROYECTOS CLIENTES/SINERGIA-WEB/vendor/laravel/framework/src/Illuminate/Routing/Router.php(821): Illuminate\\Pipeline\\Pipeline->then(Object(Closure))
#22 /Users/alejandroleon/Documents/PROYECTOS CLIENTES/SINERGIA-WEB/vendor/laravel/framework/src/Illuminate/Routing/Router.php(800): Illuminate\\Routing\\Router->runRouteWithinStack(Object(Illuminate\\Routing\\Route), Object(Illuminate\\Http\\Request))
#23 /Users/alejandroleon/Documents/PROYECTOS CLIENTES/SINERGIA-WEB/vendor/laravel/framework/src/Illuminate/Routing/Router.php(764): Illuminate\\Routing\\Router->runRoute(Object(Illuminate\\Http\\Request), Object(Illuminate\\Routing\\Route))
#24 /Users/alejandroleon/Documents/PROYECTOS CLIENTES/SINERGIA-WEB/vendor/laravel/framework/src/Illuminate/Routing/Router.php(753): Illuminate\\Routing\\Router->dispatchToRoute(Object(Illuminate\\Http\\Request))
#25 /Users/alejandroleon/Documents/PROYECTOS CLIENTES/SINERGIA-WEB/vendor/laravel/framework/src/Illuminate/Foundation/Http/Kernel.php(200): Illuminate\\Routing\\Router->dispatch(Object(Illuminate\\Http\\Request))
#26 /Users/alejandroleon/Documents/PROYECTOS CLIENTES/SINERGIA-WEB/vendor/laravel/framework/src/Illuminate/Pipeline/Pipeline.php(180): Illuminate\\Foundation\\Http\\Kernel->Illuminate\\Foundation\\Http\\{closure}(Object(Illuminate\\Http\\Request))
#27 /Users/alejandroleon/Documents/PROYECTOS CLIENTES/SINERGIA-WEB/vendor/laravel/framework/src/Illuminate/Foundation/Http/Middleware/TransformsRequest.php(21): Illuminate\\Pipeline\\Pipeline->Illuminate\\Pipeline\\{closure}(Object(Illuminate\\Http\\Request))
#28 /Users/alejandroleon/Documents/PROYECTOS CLIENTES/SINERGIA-WEB/vendor/laravel/framework/src/Illuminate/Foundation/Http/Middleware/ConvertEmptyStringsToNull.php(31): Illuminate\\Foundation\\Http\\Middleware\\TransformsRequest->handle(Object(Illuminate\\Http\\Request), Object(Closure))
#29 /Users/alejandroleon/Documents/PROYECTOS CLIENTES/SINERGIA-WEB/vendor/laravel/framework/src/Illuminate/Pipeline/Pipeline.php(219): Illuminate\\Foundation\\Http\\Middleware\\ConvertEmptyStringsToNull->handle(Object(Illuminate\\Http\\Request), Object(Closure))
#30 /Users/alejandroleon/Documents/PROYECTOS CLIENTES/SINERGIA-WEB/vendor/laravel/framework/src/Illuminate/Foundation/Http/Middleware/TransformsRequest.php(21): Illuminate\\Pipeline\\Pipeline->Illuminate\\Pipeline\\{closure}(Object(Illuminate\\Http\\Request))
#31 /Users/alejandroleon/Documents/PROYECTOS CLIENTES/SINERGIA-WEB/vendor/laravel/framework/src/Illuminate/Foundation/Http/Middleware/TrimStrings.php(51): Illuminate\\Foundation\\Http\\Middleware\\TransformsRequest->handle(Object(Illuminate\\Http\\Request), Object(Closure))
#32 /Users/alejandroleon/Documents/PROYECTOS CLIENTES/SINERGIA-WEB/vendor/laravel/framework/src/Illuminate/Pipeline/Pipeline.php(219): Illuminate\\Foundation\\Http\\Middleware\\TrimStrings->handle(Object(Illuminate\\Http\\Request), Object(Closure))
#33 /Users/alejandroleon/Documents/PROYECTOS CLIENTES/SINERGIA-WEB/vendor/laravel/framework/src/Illuminate/Http/Middleware/ValidatePostSize.php(27): Illuminate\\Pipeline\\Pipeline->Illuminate\\Pipeline\\{closure}(Object(Illuminate\\Http\\Request))
#34 /Users/alejandroleon/Documents/PROYECTOS CLIENTES/SINERGIA-WEB/vendor/laravel/framework/src/Illuminate/Pipeline/Pipeline.php(219): Illuminate\\Http\\Middleware\\ValidatePostSize->handle(Object(Illuminate\\Http\\Request), Object(Closure))
#35 /Users/alejandroleon/Documents/PROYECTOS CLIENTES/SINERGIA-WEB/vendor/laravel/framework/src/Illuminate/Foundation/Http/Middleware/PreventRequestsDuringMaintenance.php(109): Illuminate\\Pipeline\\Pipeline->Illuminate\\Pipeline\\{closure}(Object(Illuminate\\Http\\Request))
#36 /Users/alejandroleon/Documents/PROYECTOS CLIENTES/SINERGIA-WEB/vendor/laravel/framework/src/Illuminate/Pipeline/Pipeline.php(219): Illuminate\\Foundation\\Http\\Middleware\\PreventRequestsDuringMaintenance->handle(Object(Illuminate\\Http\\Request), Object(Closure))
#37 /Users/alejandroleon/Documents/PROYECTOS CLIENTES/SINERGIA-WEB/vendor/laravel/framework/src/Illuminate/Http/Middleware/HandleCors.php(61): Illuminate\\Pipeline\\Pipeline->Illuminate\\Pipeline\\{closure}(Object(Illuminate\\Http\\Request))
#38 /Users/alejandroleon/Documents/PROYECTOS CLIENTES/SINERGIA-WEB/vendor/laravel/framework/src/Illuminate/Pipeline/Pipeline.php(219): Illuminate\\Http\\Middleware\\HandleCors->handle(Object(Illuminate\\Http\\Request), Object(Closure))
#39 /Users/alejandroleon/Documents/PROYECTOS CLIENTES/SINERGIA-WEB/vendor/laravel/framework/src/Illuminate/Http/Middleware/TrustProxies.php(58): Illuminate\\Pipeline\\Pipeline->Illuminate\\Pipeline\\{closure}(Object(Illuminate\\Http\\Request))
#40 /Users/alejandroleon/Documents/PROYECTOS CLIENTES/SINERGIA-WEB/vendor/laravel/framework/src/Illuminate/Pipeline/Pipeline.php(219): Illuminate\\Http\\Middleware\\TrustProxies->handle(Object(Illuminate\\Http\\Request), Object(Closure))
#41 /Users/alejandroleon/Documents/PROYECTOS CLIENTES/SINERGIA-WEB/vendor/laravel/framework/src/Illuminate/Foundation/Http/Middleware/InvokeDeferredCallbacks.php(22): Illuminate\\Pipeline\\Pipeline->Illuminate\\Pipeline\\{closure}(Object(Illuminate\\Http\\Request))
#42 /Users/alejandroleon/Documents/PROYECTOS CLIENTES/SINERGIA-WEB/vendor/laravel/framework/src/Illuminate/Pipeline/Pipeline.php(219): Illuminate\\Foundation\\Http\\Middleware\\InvokeDeferredCallbacks->handle(Object(Illuminate\\Http\\Request), Object(Closure))
#43 /Users/alejandroleon/Documents/PROYECTOS CLIENTES/SINERGIA-WEB/vendor/laravel/framework/src/Illuminate/Http/Middleware/ValidatePathEncoding.php(26): Illuminate\\Pipeline\\Pipeline->Illuminate\\Pipeline\\{closure}(Object(Illuminate\\Http\\Request))
#44 /Users/alejandroleon/Documents/PROYECTOS CLIENTES/SINERGIA-WEB/vendor/laravel/framework/src/Illuminate/Pipeline/Pipeline.php(219): Illuminate\\Http\\Middleware\\ValidatePathEncoding->handle(Object(Illuminate\\Http\\Request), Object(Closure))
#45 /Users/alejandroleon/Documents/PROYECTOS CLIENTES/SINERGIA-WEB/vendor/laravel/framework/src/Illuminate/Pipeline/Pipeline.php(137): Illuminate\\Pipeline\\Pipeline->Illuminate\\Pipeline\\{closure}(Object(Illuminate\\Http\\Request))
#46 /Users/alejandroleon/Documents/PROYECTOS CLIENTES/SINERGIA-WEB/vendor/laravel/framework/src/Illuminate/Foundation/Http/Kernel.php(175): Illuminate\\Pipeline\\Pipeline->then(Object(Closure))
#47 /Users/alejandroleon/Documents/PROYECTOS CLIENTES/SINERGIA-WEB/vendor/laravel/framework/src/Illuminate/Foundation/Http/Kernel.php(144): Illuminate\\Foundation\\Http\\Kernel->sendRequestThroughRouter(Object(Illuminate\\Http\\Request))
#48 /Users/alejandroleon/Documents/PROYECTOS CLIENTES/SINERGIA-WEB/vendor/laravel/framework/src/Illuminate/Foundation/Application.php(1220): Illuminate\\Foundation\\Http\\Kernel->handle(Object(Illuminate\\Http\\Request))
#49 /Users/alejandroleon/Documents/PROYECTOS CLIENTES/SINERGIA-WEB/public/index.php(17): Illuminate\\Foundation\\Application->handleRequest(Object(Illuminate\\Http\\Request))
#50 /Users/alejandroleon/Documents/PROYECTOS CLIENTES/SINERGIA-WEB/vendor/laravel/framework/src/Illuminate/Foundation/resources/server.php(23): require_once('/Users/alejandr...')
#51 {main}
"} 
[2026-06-04 01:07:19] local.ERROR: Writing to /Users/alejandroleon/.config/psysh/psysh_history is not allowed. {"exception":"[object] (ErrorException(code: 0): Writing to /Users/alejandroleon/.config/psysh/psysh_history is not allowed. at /Users/alejandroleon/Documents/PROYECTOS CLIENTES/SINERGIA-WEB/vendor/psy/psysh/src/ConfigPaths.php:480)
[stacktrace]
#0 /Users/alejandroleon/Documents/PROYECTOS CLIENTES/SINERGIA-WEB/vendor/laravel/framework/src/Illuminate/Foundation/Bootstrap/HandleExceptions.php(258): Illuminate\\Foundation\\Bootstrap\\HandleExceptions->handleError(1024, 'Writing to /Use...', '/Users/alejandr...', 480)
#1 [internal function]: Illuminate\\Foundation\\Bootstrap\\HandleExceptions->Illuminate\\Foundation\\Bootstrap\\{closure}(1024, 'Writing to /Use...', '/Users/alejandr...', 480)
#2 /Users/alejandroleon/Documents/PROYECTOS CLIENTES/SINERGIA-WEB/vendor/psy/psysh/src/ConfigPaths.php(480): trigger_error('Writing to /Use...', 1024)
#3 /Users/alejandroleon/Documents/PROYECTOS CLIENTES/SINERGIA-WEB/vendor/psy/psysh/src/Configuration.php(1068): Psy\\ConfigPaths::touchFileWithMkdir('/Users/alejandr...')
#4 /Users/alejandroleon/Documents/PROYECTOS CLIENTES/SINERGIA-WEB/vendor/psy/psysh/src/Configuration.php(1106): Psy\\Configuration->setHistoryFile('/Users/alejandr...')
#5 /Users/alejandroleon/Documents/PROYECTOS CLIENTES/SINERGIA-WEB/vendor/psy/psysh/src/Configuration.php(1285): Psy\\Configuration->getHistoryFile()
#6 /Users/alejandroleon/Documents/PROYECTOS CLIENTES/SINERGIA-WEB/vendor/psy/psysh/src/Shell.php(191): Psy\\Configuration->getReadline()
#7 /Users/alejandroleon/Documents/PROYECTOS CLIENTES/SINERGIA-WEB/vendor/psy/psysh/src/Shell.php(2178): Psy\\Shell->boot()
#8 /Users/alejandroleon/Documents/PROYECTOS CLIENTES/SINERGIA-WEB/vendor/laravel/tinker/src/Console/TinkerCommand.php(77): Psy\\Shell->execute(' = app(App\\\\Http...')
#9 /Users/alejandroleon/Documents/PROYECTOS CLIENTES/SINERGIA-WEB/vendor/laravel/framework/src/Illuminate/Container/BoundMethod.php(36): Laravel\\Tinker\\Console\\TinkerCommand->handle()
#10 /Users/alejandroleon/Documents/PROYECTOS CLIENTES/SINERGIA-WEB/vendor/laravel/framework/src/Illuminate/Container/Util.php(43): Illuminate\\Container\\BoundMethod::Illuminate\\Container\\{closure}()
#11 /Users/alejandroleon/Documents/PROYECTOS CLIENTES/SINERGIA-WEB/vendor/laravel/framework/src/Illuminate/Container/BoundMethod.php(96): Illuminate\\Container\\Util::unwrapIfClosure(Object(Closure))
#12 /Users/alejandroleon/Documents/PROYECTOS CLIENTES/SINERGIA-WEB/vendor/laravel/framework/src/Illuminate/Container/BoundMethod.php(35): Illuminate\\Container\\BoundMethod::callBoundMethod(Object(Illuminate\\Foundation\\Application), Array, Object(Closure))
#13 /Users/alejandroleon/Documents/PROYECTOS CLIENTES/SINERGIA-WEB/vendor/laravel/framework/src/Illuminate/Container/Container.php(799): Illuminate\\Container\\BoundMethod::call(Object(Illuminate\\Foundation\\Application), Array, Array, NULL)
#14 /Users/alejandroleon/Documents/PROYECTOS CLIENTES/SINERGIA-WEB/vendor/laravel/framework/src/Illuminate/Console/Command.php(211): Illuminate\\Container\\Container->call(Array)
#15 /Users/alejandroleon/Documents/PROYECTOS CLIENTES/SINERGIA-WEB/vendor/symfony/console/Command/Command.php(341): Illuminate\\Console\\Command->execute(Object(Symfony\\Component\\Console\\Input\\ArgvInput), Object(Illuminate\\Console\\OutputStyle))
#16 /Users/alejandroleon/Documents/PROYECTOS CLIENTES/SINERGIA-WEB/vendor/laravel/framework/src/Illuminate/Console/Command.php(180): Symfony\\Component\\Console\\Command\\Command->run(Object(Symfony\\Component\\Console\\Input\\ArgvInput), Object(Illuminate\\Console\\OutputStyle))
#17 /Users/alejandroleon/Documents/PROYECTOS CLIENTES/SINERGIA-WEB/vendor/symfony/console/Application.php(1117): Illuminate\\Console\\Command->run(Object(Symfony\\Component\\Console\\Input\\ArgvInput), Object(Symfony\\Component\\Console\\Output\\ConsoleOutput))
#18 /Users/alejandroleon/Documents/PROYECTOS CLIENTES/SINERGIA-WEB/vendor/symfony/console/Application.php(356): Symfony\\Component\\Console\\Application->doRunCommand(Object(Laravel\\Tinker\\Console\\TinkerCommand), Object(Symfony\\Component\\Console\\Input\\ArgvInput), Object(Symfony\\Component\\Console\\Output\\ConsoleOutput))
#19 /Users/alejandroleon/Documents/PROYECTOS CLIENTES/SINERGIA-WEB/vendor/symfony/console/Application.php(195): Symfony\\Component\\Console\\Application->doRun(Object(Symfony\\Component\\Console\\Input\\ArgvInput), Object(Symfony\\Component\\Console\\Output\\ConsoleOutput))
#20 /Users/alejandroleon/Documents/PROYECTOS CLIENTES/SINERGIA-WEB/vendor/laravel/framework/src/Illuminate/Foundation/Console/Kernel.php(198): Symfony\\Component\\Console\\Application->run(Object(Symfony\\Component\\Console\\Input\\ArgvInput), Object(Symfony\\Component\\Console\\Output\\ConsoleOutput))
#21 /Users/alejandroleon/Documents/PROYECTOS CLIENTES/SINERGIA-WEB/vendor/laravel/framework/src/Illuminate/Foundation/Application.php(1235): Illuminate\\Foundation\\Console\\Kernel->handle(Object(Symfony\\Component\\Console\\Input\\ArgvInput), Object(Symfony\\Component\\Console\\Output\\ConsoleOutput))
#22 /Users/alejandroleon/Documents/PROYECTOS CLIENTES/SINERGIA-WEB/artisan(14): Illuminate\\Foundation\\Application->handleCommand(Object(Symfony\\Component\\Console\\Input\\ArgvInput))
#23 {main}
"} 
[2026-06-04 01:08:04] local.ERROR: PHP Parse error: Syntax error, unexpected '=' on line 1 {"exception":"[object] (Psy\\Exception\\ParseErrorException(code: 0): PHP Parse error: Syntax error, unexpected '=' on line 1 at /Users/alejandroleon/Documents/PROYECTOS CLIENTES/SINERGIA-WEB/vendor/psy/psysh/src/Exception/ParseErrorException.php:44)
[stacktrace]
#0 /Users/alejandroleon/Documents/PROYECTOS CLIENTES/SINERGIA-WEB/vendor/psy/psysh/src/CodeCleaner.php(657): Psy\\Exception\\ParseErrorException::fromParseError(Object(PhpParser\\Error))
#1 /Users/alejandroleon/Documents/PROYECTOS CLIENTES/SINERGIA-WEB/vendor/psy/psysh/src/CodeCleaner.php(273): Psy\\CodeCleaner->parse('<?php  = app(Ap...', false)
#2 /Users/alejandroleon/Documents/PROYECTOS CLIENTES/SINERGIA-WEB/vendor/psy/psysh/src/Shell.php(1364): Psy\\CodeCleaner->clean(Array, false)
#3 /Users/alejandroleon/Documents/PROYECTOS CLIENTES/SINERGIA-WEB/vendor/psy/psysh/src/Shell.php(1471): Psy\\Shell->appendCode(' = app(App\\\\Http...', true, false)
#4 /Users/alejandroleon/Documents/PROYECTOS CLIENTES/SINERGIA-WEB/vendor/psy/psysh/src/Shell.php(2180): Psy\\Shell->setCode(' = app(App\\\\Http...', true)
#5 /Users/alejandroleon/Documents/PROYECTOS CLIENTES/SINERGIA-WEB/vendor/laravel/tinker/src/Console/TinkerCommand.php(77): Psy\\Shell->execute(' = app(App\\\\Http...')
#6 /Users/alejandroleon/Documents/PROYECTOS CLIENTES/SINERGIA-WEB/vendor/laravel/framework/src/Illuminate/Container/BoundMethod.php(36): Laravel\\Tinker\\Console\\TinkerCommand->handle()
#7 /Users/alejandroleon/Documents/PROYECTOS CLIENTES/SINERGIA-WEB/vendor/laravel/framework/src/Illuminate/Container/Util.php(43): Illuminate\\Container\\BoundMethod::Illuminate\\Container\\{closure}()
#8 /Users/alejandroleon/Documents/PROYECTOS CLIENTES/SINERGIA-WEB/vendor/laravel/framework/src/Illuminate/Container/BoundMethod.php(96): Illuminate\\Container\\Util::unwrapIfClosure(Object(Closure))
#9 /Users/alejandroleon/Documents/PROYECTOS CLIENTES/SINERGIA-WEB/vendor/laravel/framework/src/Illuminate/Container/BoundMethod.php(35): Illuminate\\Container\\BoundMethod::callBoundMethod(Object(Illuminate\\Foundation\\Application), Array, Object(Closure))
#10 /Users/alejandroleon/Documents/PROYECTOS CLIENTES/SINERGIA-WEB/vendor/laravel/framework/src/Illuminate/Container/Container.php(799): Illuminate\\Container\\BoundMethod::call(Object(Illuminate\\Foundation\\Application), Array, Array, NULL)
#11 /Users/alejandroleon/Documents/PROYECTOS CLIENTES/SINERGIA-WEB/vendor/laravel/framework/src/Illuminate/Console/Command.php(211): Illuminate\\Container\\Container->call(Array)
#12 /Users/alejandroleon/Documents/PROYECTOS CLIENTES/SINERGIA-WEB/vendor/symfony/console/Command/Command.php(341): Illuminate\\Console\\Command->execute(Object(Symfony\\Component\\Console\\Input\\ArgvInput), Object(Illuminate\\Console\\OutputStyle))
#13 /Users/alejandroleon/Documents/PROYECTOS CLIENTES/SINERGIA-WEB/vendor/laravel/framework/src/Illuminate/Console/Command.php(180): Symfony\\Component\\Console\\Command\\Command->run(Object(Symfony\\Component\\Console\\Input\\ArgvInput), Object(Illuminate\\Console\\OutputStyle))
#14 /Users/alejandroleon/Documents/PROYECTOS CLIENTES/SINERGIA-WEB/vendor/symfony/console/Application.php(1117): Illuminate\\Console\\Command->run(Object(Symfony\\Component\\Console\\Input\\ArgvInput), Object(Symfony\\Component\\Console\\Output\\ConsoleOutput))
#15 /Users/alejandroleon/Documents/PROYECTOS CLIENTES/SINERGIA-WEB/vendor/symfony/console/Application.php(356): Symfony\\Component\\Console\\Application->doRunCommand(Object(Laravel\\Tinker\\Console\\TinkerCommand), Object(Symfony\\Component\\Console\\Input\\ArgvInput), Object(Symfony\\Component\\Console\\Output\\ConsoleOutput))
#16 /Users/alejandroleon/Documents/PROYECTOS CLIENTES/SINERGIA-WEB/vendor/symfony/console/Application.php(195): Symfony\\Component\\Console\\Application->doRun(Object(Symfony\\Component\\Console\\Input\\ArgvInput), Object(Symfony\\Component\\Console\\Output\\ConsoleOutput))
#17 /Users/alejandroleon/Documents/PROYECTOS CLIENTES/SINERGIA-WEB/vendor/laravel/framework/src/Illuminate/Foundation/Console/Kernel.php(198): Symfony\\Component\\Console\\Application->run(Object(Symfony\\Component\\Console\\Input\\ArgvInput), Object(Symfony\\Component\\Console\\Output\\ConsoleOutput))
#18 /Users/alejandroleon/Documents/PROYECTOS CLIENTES/SINERGIA-WEB/vendor/laravel/framework/src/Illuminate/Foundation/Application.php(1235): Illuminate\\Foundation\\Console\\Kernel->handle(Object(Symfony\\Component\\Console\\Input\\ArgvInput), Object(Symfony\\Component\\Console\\Output\\ConsoleOutput))
#19 /Users/alejandroleon/Documents/PROYECTOS CLIENTES/SINERGIA-WEB/artisan(14): Illuminate\\Foundation\\Application->handleCommand(Object(Symfony\\Component\\Console\\Input\\ArgvInput))
#20 {main}
"} 
[2026-06-04 01:08:13] local.ERROR: PHP Parse error: Syntax error, unexpected T_NS_SEPARATOR, expecting ')' on line 1 {"exception":"[object] (Psy\\Exception\\ParseErrorException(code: 0): PHP Parse error: Syntax error, unexpected T_NS_SEPARATOR, expecting ')' on line 1 at /Users/alejandroleon/Documents/PROYECTOS CLIENTES/SINERGIA-WEB/vendor/psy/psysh/src/Exception/ParseErrorException.php:44)
[stacktrace]
#0 /Users/alejandroleon/Documents/PROYECTOS CLIENTES/SINERGIA-WEB/vendor/psy/psysh/src/CodeCleaner.php(657): Psy\\Exception\\ParseErrorException::fromParseError(Object(PhpParser\\Error))
#1 /Users/alejandroleon/Documents/PROYECTOS CLIENTES/SINERGIA-WEB/vendor/psy/psysh/src/CodeCleaner.php(273): Psy\\CodeCleaner->parse('<?php $controll...', false)
#2 /Users/alejandroleon/Documents/PROYECTOS CLIENTES/SINERGIA-WEB/vendor/psy/psysh/src/Shell.php(1364): Psy\\CodeCleaner->clean(Array, false)
#3 /Users/alejandroleon/Documents/PROYECTOS CLIENTES/SINERGIA-WEB/vendor/psy/psysh/src/Shell.php(1471): Psy\\Shell->appendCode('$controller = a...', true, false)
#4 /Users/alejandroleon/Documents/PROYECTOS CLIENTES/SINERGIA-WEB/vendor/psy/psysh/src/Shell.php(2180): Psy\\Shell->setCode('$controller = a...', true)
#5 /Users/alejandroleon/Documents/PROYECTOS CLIENTES/SINERGIA-WEB/vendor/laravel/tinker/src/Console/TinkerCommand.php(77): Psy\\Shell->execute('$controller = a...')
#6 /Users/alejandroleon/Documents/PROYECTOS CLIENTES/SINERGIA-WEB/vendor/laravel/framework/src/Illuminate/Container/BoundMethod.php(36): Laravel\\Tinker\\Console\\TinkerCommand->handle()
#7 /Users/alejandroleon/Documents/PROYECTOS CLIENTES/SINERGIA-WEB/vendor/laravel/framework/src/Illuminate/Container/Util.php(43): Illuminate\\Container\\BoundMethod::Illuminate\\Container\\{closure}()
#8 /Users/alejandroleon/Documents/PROYECTOS CLIENTES/SINERGIA-WEB/vendor/laravel/framework/src/Illuminate/Container/BoundMethod.php(96): Illuminate\\Container\\Util::unwrapIfClosure(Object(Closure))
#9 /Users/alejandroleon/Documents/PROYECTOS CLIENTES/SINERGIA-WEB/vendor/laravel/framework/src/Illuminate/Container/BoundMethod.php(35): Illuminate\\Container\\BoundMethod::callBoundMethod(Object(Illuminate\\Foundation\\Application), Array, Object(Closure))
#10 /Users/alejandroleon/Documents/PROYECTOS CLIENTES/SINERGIA-WEB/vendor/laravel/framework/src/Illuminate/Container/Container.php(799): Illuminate\\Container\\BoundMethod::call(Object(Illuminate\\Foundation\\Application), Array, Array, NULL)
#11 /Users/alejandroleon/Documents/PROYECTOS CLIENTES/SINERGIA-WEB/vendor/laravel/framework/src/Illuminate/Console/Command.php(211): Illuminate\\Container\\Container->call(Array)
#12 /Users/alejandroleon/Documents/PROYECTOS CLIENTES/SINERGIA-WEB/vendor/symfony/console/Command/Command.php(341): Illuminate\\Console\\Command->execute(Object(Symfony\\Component\\Console\\Input\\ArgvInput), Object(Illuminate\\Console\\OutputStyle))
#13 /Users/alejandroleon/Documents/PROYECTOS CLIENTES/SINERGIA-WEB/vendor/laravel/framework/src/Illuminate/Console/Command.php(180): Symfony\\Component\\Console\\Command\\Command->run(Object(Symfony\\Component\\Console\\Input\\ArgvInput), Object(Illuminate\\Console\\OutputStyle))
#14 /Users/alejandroleon/Documents/PROYECTOS CLIENTES/SINERGIA-WEB/vendor/symfony/console/Application.php(1117): Illuminate\\Console\\Command->run(Object(Symfony\\Component\\Console\\Input\\ArgvInput), Object(Symfony\\Component\\Console\\Output\\ConsoleOutput))
#15 /Users/alejandroleon/Documents/PROYECTOS CLIENTES/SINERGIA-WEB/vendor/symfony/console/Application.php(356): Symfony\\Component\\Console\\Application->doRunCommand(Object(Laravel\\Tinker\\Console\\TinkerCommand), Object(Symfony\\Component\\Console\\Input\\ArgvInput), Object(Symfony\\Component\\Console\\Output\\ConsoleOutput))
#16 /Users/alejandroleon/Documents/PROYECTOS CLIENTES/SINERGIA-WEB/vendor/symfony/console/Application.php(195): Symfony\\Component\\Console\\Application->doRun(Object(Symfony\\Component\\Console\\Input\\ArgvInput), Object(Symfony\\Component\\Console\\Output\\ConsoleOutput))
#17 /Users/alejandroleon/Documents/PROYECTOS CLIENTES/SINERGIA-WEB/vendor/laravel/framework/src/Illuminate/Foundation/Console/Kernel.php(198): Symfony\\Component\\Console\\Application->run(Object(Symfony\\Component\\Console\\Input\\ArgvInput), Object(Symfony\\Component\\Console\\Output\\ConsoleOutput))
#18 /Users/alejandroleon/Documents/PROYECTOS CLIENTES/SINERGIA-WEB/vendor/laravel/framework/src/Illuminate/Foundation/Application.php(1235): Illuminate\\Foundation\\Console\\Kernel->handle(Object(Symfony\\Component\\Console\\Input\\ArgvInput), Object(Symfony\\Component\\Console\\Output\\ConsoleOutput))
#19 /Users/alejandroleon/Documents/PROYECTOS CLIENTES/SINERGIA-WEB/artisan(14): Illuminate\\Foundation\\Application->handleCommand(Object(Symfony\\Component\\Console\\Input\\ArgvInput))
#20 {main}
"} 
[2026-06-04 01:23:29] local.ERROR: Class "Livewire\Mechanisms\ExtendBlade\ExtendBlade" not found (View: /Users/alejandroleon/Documents/PROYECTOS CLIENTES/SINERGIA-WEB/resources/views/pages/home.blade.php) {"userId":1,"exception":"[object] (Illuminate\\View\\ViewException(code: 0): Class \"Livewire\\Mechanisms\\ExtendBlade\\ExtendBlade\" not found (View: /Users/alejandroleon/Documents/PROYECTOS CLIENTES/SINERGIA-WEB/resources/views/pages/home.blade.php) at /Users/alejandroleon/Documents/PROYECTOS CLIENTES/SINERGIA-WEB/storage/framework/views/955dfe8b9f7f1af8668779189872e438.php:9)
[stacktrace]
#0 /Users/alejandroleon/Documents/PROYECTOS CLIENTES/SINERGIA-WEB/vendor/laravel/framework/src/Illuminate/View/Engines/PhpEngine.php(59): Illuminate\\View\\Engines\\CompilerEngine->handleViewException(Object(Error), 1)
#1 /Users/alejandroleon/Documents/PROYECTOS CLIENTES/SINERGIA-WEB/vendor/laravel/framework/src/Illuminate/View/Engines/CompilerEngine.php(76): Illuminate\\View\\Engines\\PhpEngine->evaluatePath('/Users/alejandr...', Array)
#2 /Users/alejandroleon/Documents/PROYECTOS CLIENTES/SINERGIA-WEB/vendor/laravel/framework/src/Illuminate/View/View.php(208): Illuminate\\View\\Engines\\CompilerEngine->get('/Users/alejandr...', Array)
#3 /Users/alejandroleon/Documents/PROYECTOS CLIENTES/SINERGIA-WEB/vendor/laravel/framework/src/Illuminate/View/View.php(191): Illuminate\\View\\View->getContents()
#4 /Users/alejandroleon/Documents/PROYECTOS CLIENTES/SINERGIA-WEB/vendor/laravel/framework/src/Illuminate/View/View.php(160): Illuminate\\View\\View->renderContents()
#5 /Users/alejandroleon/Documents/PROYECTOS CLIENTES/SINERGIA-WEB/vendor/laravel/framework/src/Illuminate/Http/Response.php(78): Illuminate\\View\\View->render()
#6 /Users/alejandroleon/Documents/PROYECTOS CLIENTES/SINERGIA-WEB/vendor/laravel/framework/src/Illuminate/Http/Response.php(34): Illuminate\\Http\\Response->setContent(Object(Illuminate\\View\\View))
#7 /Users/alejandroleon/Documents/PROYECTOS CLIENTES/SINERGIA-WEB/vendor/laravel/framework/src/Illuminate/Routing/Router.php(939): Illuminate\\Http\\Response->__construct(Object(Illuminate\\View\\View), 200, Array)
#8 /Users/alejandroleon/Documents/PROYECTOS CLIENTES/SINERGIA-WEB/vendor/laravel/framework/src/Illuminate/Routing/Router.php(906): Illuminate\\Routing\\Router::toResponse(Object(Illuminate\\Http\\Request), Object(Illuminate\\View\\View))
#9 /Users/alejandroleon/Documents/PROYECTOS CLIENTES/SINERGIA-WEB/vendor/laravel/framework/src/Illuminate/Routing/Router.php(821): Illuminate\\Routing\\Router->prepareResponse(Object(Illuminate\\Http\\Request), Object(Illuminate\\View\\View))
#10 /Users/alejandroleon/Documents/PROYECTOS CLIENTES/SINERGIA-WEB/vendor/laravel/framework/src/Illuminate/Pipeline/Pipeline.php(180): Illuminate\\Routing\\Router->Illuminate\\Routing\\{closure}(Object(Illuminate\\Http\\Request))
#11 /Users/alejandroleon/Documents/PROYECTOS CLIENTES/SINERGIA-WEB/vendor/laravel/framework/src/Illuminate/Routing/Middleware/SubstituteBindings.php(50): Illuminate\\Pipeline\\Pipeline->Illuminate\\Pipeline\\{closure}(Object(Illuminate\\Http\\Request))
#12 /Users/alejandroleon/Documents/PROYECTOS CLIENTES/SINERGIA-WEB/vendor/laravel/framework/src/Illuminate/Pipeline/Pipeline.php(219): Illuminate\\Routing\\Middleware\\SubstituteBindings->handle(Object(Illuminate\\Http\\Request), Object(Closure))
#13 /Users/alejandroleon/Documents/PROYECTOS CLIENTES/SINERGIA-WEB/vendor/laravel/framework/src/Illuminate/Foundation/Http/Middleware/VerifyCsrfToken.php(87): Illuminate\\Pipeline\\Pipeline->Illuminate\\Pipeline\\{closure}(Object(Illuminate\\Http\\Request))
#14 /Users/alejandroleon/Documents/PROYECTOS CLIENTES/SINERGIA-WEB/vendor/laravel/framework/src/Illuminate/Pipeline/Pipeline.php(219): Illuminate\\Foundation\\Http\\Middleware\\VerifyCsrfToken->handle(Object(Illuminate\\Http\\Request), Object(Closure))
#15 /Users/alejandroleon/Documents/PROYECTOS CLIENTES/SINERGIA-WEB/vendor/laravel/framework/src/Illuminate/View/Middleware/ShareErrorsFromSession.php(48): Illuminate\\Pipeline\\Pipeline->Illuminate\\Pipeline\\{closure}(Object(Illuminate\\Http\\Request))
#16 /Users/alejandroleon/Documents/PROYECTOS CLIENTES/SINERGIA-WEB/vendor/laravel/framework/src/Illuminate/Pipeline/Pipeline.php(219): Illuminate\\View\\Middleware\\ShareErrorsFromSession->handle(Object(Illuminate\\Http\\Request), Object(Closure))
#17 /Users/alejandroleon/Documents/PROYECTOS CLIENTES/SINERGIA-WEB/vendor/laravel/framework/src/Illuminate/Session/Middleware/StartSession.php(120): Illuminate\\Pipeline\\Pipeline->Illuminate\\Pipeline\\{closure}(Object(Illuminate\\Http\\Request))
#18 /Users/alejandroleon/Documents/PROYECTOS CLIENTES/SINERGIA-WEB/vendor/laravel/framework/src/Illuminate/Session/Middleware/StartSession.php(63): Illuminate\\Session\\Middleware\\StartSession->handleStatefulRequest(Object(Illuminate\\Http\\Request), Object(Illuminate\\Session\\Store), Object(Closure))
#19 /Users/alejandroleon/Documents/PROYECTOS CLIENTES/SINERGIA-WEB/vendor/laravel/framework/src/Illuminate/Pipeline/Pipeline.php(219): Illuminate\\Session\\Middleware\\StartSession->handle(Object(Illuminate\\Http\\Request), Object(Closure))
#20 /Users/alejandroleon/Documents/PROYECTOS CLIENTES/SINERGIA-WEB/vendor/laravel/framework/src/Illuminate/Cookie/Middleware/AddQueuedCookiesToResponse.php(36): Illuminate\\Pipeline\\Pipeline->Illuminate\\Pipeline\\{closure}(Object(Illuminate\\Http\\Request))
#21 /Users/alejandroleon/Documents/PROYECTOS CLIENTES/SINERGIA-WEB/vendor/laravel/framework/src/Illuminate/Pipeline/Pipeline.php(219): Illuminate\\Cookie\\Middleware\\AddQueuedCookiesToResponse->handle(Object(Illuminate\\Http\\Request), Object(Closure))
#22 /Users/alejandroleon/Documents/PROYECTOS CLIENTES/SINERGIA-WEB/vendor/laravel/framework/src/Illuminate/Cookie/Middleware/EncryptCookies.php(74): Illuminate\\Pipeline\\Pipeline->Illuminate\\Pipeline\\{closure}(Object(Illuminate\\Http\\Request))
#23 /Users/alejandroleon/Documents/PROYECTOS CLIENTES/SINERGIA-WEB/vendor/laravel/framework/src/Illuminate/Pipeline/Pipeline.php(219): Illuminate\\Cookie\\Middleware\\EncryptCookies->handle(Object(Illuminate\\Http\\Request), Object(Closure))
#24 /Users/alejandroleon/Documents/PROYECTOS CLIENTES/SINERGIA-WEB/vendor/laravel/framework/src/Illuminate/Pipeline/Pipeline.php(137): Illuminate\\Pipeline\\Pipeline->Illuminate\\Pipeline\\{closure}(Object(Illuminate\\Http\\Request))
#25 /Users/alejandroleon/Documents/PROYECTOS CLIENTES/SINERGIA-WEB/vendor/laravel/framework/src/Illuminate/Routing/Router.php(821): Illuminate\\Pipeline\\Pipeline->then(Object(Closure))
#26 /Users/alejandroleon/Documents/PROYECTOS CLIENTES/SINERGIA-WEB/vendor/laravel/framework/src/Illuminate/Routing/Router.php(800): Illuminate\\Routing\\Router->runRouteWithinStack(Object(Illuminate\\Routing\\Route), Object(Illuminate\\Http\\Request))
#27 /Users/alejandroleon/Documents/PROYECTOS CLIENTES/SINERGIA-WEB/vendor/laravel/framework/src/Illuminate/Routing/Router.php(764): Illuminate\\Routing\\Router->runRoute(Object(Illuminate\\Http\\Request), Object(Illuminate\\Routing\\Route))
#28 /Users/alejandroleon/Documents/PROYECTOS CLIENTES/SINERGIA-WEB/vendor/laravel/framework/src/Illuminate/Routing/Router.php(753): Illuminate\\Routing\\Router->dispatchToRoute(Object(Illuminate\\Http\\Request))
#29 /Users/alejandroleon/Documents/PROYECTOS CLIENTES/SINERGIA-WEB/vendor/laravel/framework/src/Illuminate/Foundation/Http/Kernel.php(200): Illuminate\\Routing\\Router->dispatch(Object(Illuminate\\Http\\Request))
#30 /Users/alejandroleon/Documents/PROYECTOS CLIENTES/SINERGIA-WEB/vendor/laravel/framework/src/Illuminate/Pipeline/Pipeline.php(180): Illuminate\\Foundation\\Http\\Kernel->Illuminate\\Foundation\\Http\\{closure}(Object(Illuminate\\Http\\Request))
#31 /Users/alejandroleon/Documents/PROYECTOS CLIENTES/SINERGIA-WEB/vendor/laravel/framework/src/Illuminate/Foundation/Http/Middleware/TransformsRequest.php(21): Illuminate\\Pipeline\\Pipeline->Illuminate\\Pipeline\\{closure}(Object(Illuminate\\Http\\Request))
#32 /Users/alejandroleon/Documents/PROYECTOS CLIENTES/SINERGIA-WEB/vendor/laravel/framework/src/Illuminate/Foundation/Http/Middleware/ConvertEmptyStringsToNull.php(31): Illuminate\\Foundation\\Http\\Middleware\\TransformsRequest->handle(Object(Illuminate\\Http\\Request), Object(Closure))
#33 /Users/alejandroleon/Documents/PROYECTOS CLIENTES/SINERGIA-WEB/vendor/laravel/framework/src/Illuminate/Pipeline/Pipeline.php(219): Illuminate\\Foundation\\Http\\Middleware\\ConvertEmptyStringsToNull->handle(Object(Illuminate\\Http\\Request), Object(Closure))
#34 /Users/alejandroleon/Documents/PROYECTOS CLIENTES/SINERGIA-WEB/vendor/laravel/framework/src/Illuminate/Foundation/Http/Middleware/TransformsRequest.php(21): Illuminate\\Pipeline\\Pipeline->Illuminate\\Pipeline\\{closure}(Object(Illuminate\\Http\\Request))
#35 /Users/alejandroleon/Documents/PROYECTOS CLIENTES/SINERGIA-WEB/vendor/laravel/framework/src/Illuminate/Foundation/Http/Middleware/TrimStrings.php(51): Illuminate\\Foundation\\Http\\Middleware\\TransformsRequest->handle(Object(Illuminate\\Http\\Request), Object(Closure))
#36 /Users/alejandroleon/Documents/PROYECTOS CLIENTES/SINERGIA-WEB/vendor/laravel/framework/src/Illuminate/Pipeline/Pipeline.php(219): Illuminate\\Foundation\\Http\\Middleware\\TrimStrings->handle(Object(Illuminate\\Http\\Request), Object(Closure))
#37 /Users/alejandroleon/Documents/PROYECTOS CLIENTES/SINERGIA-WEB/vendor/laravel/framework/src/Illuminate/Http/Middleware/ValidatePostSize.php(27): Illuminate\\Pipeline\\Pipeline->Illuminate\\Pipeline\\{closure}(Object(Illuminate\\Http\\Request))
#38 /Users/alejandroleon/Documents/PROYECTOS CLIENTES/SINERGIA-WEB/vendor/laravel/framework/src/Illuminate/Pipeline/Pipeline.php(219): Illuminate\\Http\\Middleware\\ValidatePostSize->handle(Object(Illuminate\\Http\\Request), Object(Closure))
#39 /Users/alejandroleon/Documents/PROYECTOS CLIENTES/SINERGIA-WEB/vendor/laravel/framework/src/Illuminate/Foundation/Http/Middleware/PreventRequestsDuringMaintenance.php(109): Illuminate\\Pipeline\\Pipeline->Illuminate\\Pipeline\\{closure}(Object(Illuminate\\Http\\Request))
#40 /Users/alejandroleon/Documents/PROYECTOS CLIENTES/SINERGIA-WEB/vendor/laravel/framework/src/Illuminate/Pipeline/Pipeline.php(219): Illuminate\\Foundation\\Http\\Middleware\\PreventRequestsDuringMaintenance->handle(Object(Illuminate\\Http\\Request), Object(Closure))
#41 /Users/alejandroleon/Documents/PROYECTOS CLIENTES/SINERGIA-WEB/vendor/laravel/framework/src/Illuminate/Http/Middleware/HandleCors.php(61): Illuminate\\Pipeline\\Pipeline->Illuminate\\Pipeline\\{closure}(Object(Illuminate\\Http\\Request))
#42 /Users/alejandroleon/Documents/PROYECTOS CLIENTES/SINERGIA-WEB/vendor/laravel/framework/src/Illuminate/Pipeline/Pipeline.php(219): Illuminate\\Http\\Middleware\\HandleCors->handle(Object(Illuminate\\Http\\Request), Object(Closure))
#43 /Users/alejandroleon/Documents/PROYECTOS CLIENTES/SINERGIA-WEB/vendor/laravel/framework/src/Illuminate/Http/Middleware/TrustProxies.php(58): Illuminate\\Pipeline\\Pipeline->Illuminate\\Pipeline\\{closure}(Object(Illuminate\\Http\\Request))
#44 /Users/alejandroleon/Documents/PROYECTOS CLIENTES/SINERGIA-WEB/vendor/laravel/framework/src/Illuminate/Pipeline/Pipeline.php(219): Illuminate\\Http\\Middleware\\TrustProxies->handle(Object(Illuminate\\Http\\Request), Object(Closure))
#45 /Users/alejandroleon/Documents/PROYECTOS CLIENTES/SINERGIA-WEB/vendor/laravel/framework/src/Illuminate/Foundation/Http/Middleware/InvokeDeferredCallbacks.php(22): Illuminate\\Pipeline\\Pipeline->Illuminate\\Pipeline\\{closure}(Object(Illuminate\\Http\\Request))
#46 /Users/alejandroleon/Documents/PROYECTOS CLIENTES/SINERGIA-WEB/vendor/laravel/framework/src/Illuminate/Pipeline/Pipeline.php(219): Illuminate\\Foundation\\Http\\Middleware\\InvokeDeferredCallbacks->handle(Object(Illuminate\\Http\\Request), Object(Closure))
#47 /Users/alejandroleon/Documents/PROYECTOS CLIENTES/SINERGIA-WEB/vendor/laravel/framework/src/Illuminate/Http/Middleware/ValidatePathEncoding.php(26): Illuminate\\Pipeline\\Pipeline->Illuminate\\Pipeline\\{closure}(Object(Illuminate\\Http\\Request))
#48 /Users/alejandroleon/Documents/PROYECTOS CLIENTES/SINERGIA-WEB/vendor/laravel/framework/src/Illuminate/Pipeline/Pipeline.php(219): Illuminate\\Http\\Middleware\\ValidatePathEncoding->handle(Object(Illuminate\\Http\\Request), Object(Closure))
#49 /Users/alejandroleon/Documents/PROYECTOS CLIENTES/SINERGIA-WEB/vendor/laravel/framework/src/Illuminate/Pipeline/Pipeline.php(137): Illuminate\\Pipeline\\Pipeline->Illuminate\\Pipeline\\{closure}(Object(Illuminate\\Http\\Request))
#50 /Users/alejandroleon/Documents/PROYECTOS CLIENTES/SINERGIA-WEB/vendor/laravel/framework/src/Illuminate/Foundation/Http/Kernel.php(175): Illuminate\\Pipeline\\Pipeline->then(Object(Closure))
#51 /Users/alejandroleon/Documents/PROYECTOS CLIENTES/SINERGIA-WEB/vendor/laravel/framework/src/Illuminate/Foundation/Http/Kernel.php(144): Illuminate\\Foundation\\Http\\Kernel->sendRequestThroughRouter(Object(Illuminate\\Http\\Request))
#52 /Users/alejandroleon/Documents/PROYECTOS CLIENTES/SINERGIA-WEB/vendor/laravel/framework/src/Illuminate/Foundation/Application.php(1220): Illuminate\\Foundation\\Http\\Kernel->handle(Object(Illuminate\\Http\\Request))
#53 /Users/alejandroleon/Documents/PROYECTOS CLIENTES/SINERGIA-WEB/public/index.php(17): Illuminate\\Foundation\\Application->handleRequest(Object(Illuminate\\Http\\Request))
#54 /Users/alejandroleon/Documents/PROYECTOS CLIENTES/SINERGIA-WEB/vendor/laravel/framework/src/Illuminate/Foundation/resources/server.php(23): require_once('/Users/alejandr...')
#55 {main}

[previous exception] [object] (Error(code: 0): Class \"Livewire\\Mechanisms\\ExtendBlade\\ExtendBlade\" not found at /Users/alejandroleon/Documents/PROYECTOS CLIENTES/SINERGIA-WEB/storage/framework/views/955dfe8b9f7f1af8668779189872e438.php:9)
[stacktrace]
#0 /Users/alejandroleon/Documents/PROYECTOS CLIENTES/SINERGIA-WEB/vendor/laravel/framework/src/Illuminate/Filesystem/Filesystem.php(123): require()
#1 /Users/alejandroleon/Documents/PROYECTOS CLIENTES/SINERGIA-WEB/vendor/laravel/framework/src/Illuminate/Filesystem/Filesystem.php(124): Illuminate\\Filesystem\\Filesystem::Illuminate\\Filesystem\\{closure}()
#2 /Users/alejandroleon/Documents/PROYECTOS CLIENTES/SINERGIA-WEB/vendor/laravel/framework/src/Illuminate/View/Engines/PhpEngine.php(57): Illuminate\\Filesystem\\Filesystem->getRequire('/Users/alejandr...', Array)
#3 /Users/alejandroleon/Documents/PROYECTOS CLIENTES/SINERGIA-WEB/vendor/laravel/framework/src/Illuminate/View/Engines/CompilerEngine.php(76): Illuminate\\View\\Engines\\PhpEngine->evaluatePath('/Users/alejandr...', Array)
#4 /Users/alejandroleon/Documents/PROYECTOS CLIENTES/SINERGIA-WEB/vendor/laravel/framework/src/Illuminate/View/View.php(208): Illuminate\\View\\Engines\\CompilerEngine->get('/Users/alejandr...', Array)
#5 /Users/alejandroleon/Documents/PROYECTOS CLIENTES/SINERGIA-WEB/vendor/laravel/framework/src/Illuminate/View/View.php(191): Illuminate\\View\\View->getContents()
#6 /Users/alejandroleon/Documents/PROYECTOS CLIENTES/SINERGIA-WEB/vendor/laravel/framework/src/Illuminate/View/View.php(160): Illuminate\\View\\View->renderContents()
#7 /Users/alejandroleon/Documents/PROYECTOS CLIENTES/SINERGIA-WEB/vendor/laravel/framework/src/Illuminate/Http/Response.php(78): Illuminate\\View\\View->render()
#8 /Users/alejandroleon/Documents/PROYECTOS CLIENTES/SINERGIA-WEB/vendor/laravel/framework/src/Illuminate/Http/Response.php(34): Illuminate\\Http\\Response->setContent(Object(Illuminate\\View\\View))
#9 /Users/alejandroleon/Documents/PROYECTOS CLIENTES/SINERGIA-WEB/vendor/laravel/framework/src/Illuminate/Routing/Router.php(939): Illuminate\\Http\\Response->__construct(Object(Illuminate\\View\\View), 200, Array)
#10 /Users/alejandroleon/Documents/PROYECTOS CLIENTES/SINERGIA-WEB/vendor/laravel/framework/src/Illuminate/Routing/Router.php(906): Illuminate\\Routing\\Router::toResponse(Object(Illuminate\\Http\\Request), Object(Illuminate\\View\\View))
#11 /Users/alejandroleon/Documents/PROYECTOS CLIENTES/SINERGIA-WEB/vendor/laravel/framework/src/Illuminate/Routing/Router.php(821): Illuminate\\Routing\\Router->prepareResponse(Object(Illuminate\\Http\\Request), Object(Illuminate\\View\\View))
#12 /Users/alejandroleon/Documents/PROYECTOS CLIENTES/SINERGIA-WEB/vendor/laravel/framework/src/Illuminate/Pipeline/Pipeline.php(180): Illuminate\\Routing\\Router->Illuminate\\Routing\\{closure}(Object(Illuminate\\Http\\Request))
#13 /Users/alejandroleon/Documents/PROYECTOS CLIENTES/SINERGIA-WEB/vendor/laravel/framework/src/Illuminate/Routing/Middleware/SubstituteBindings.php(50): Illuminate\\Pipeline\\Pipeline->Illuminate\\Pipeline\\{closure}(Object(Illuminate\\Http\\Request))
#14 /Users/alejandroleon/Documents/PROYECTOS CLIENTES/SINERGIA-WEB/vendor/laravel/framework/src/Illuminate/Pipeline/Pipeline.php(219): Illuminate\\Routing\\Middleware\\SubstituteBindings->handle(Object(Illuminate\\Http\\Request), Object(Closure))
#15 /Users/alejandroleon/Documents/PROYECTOS CLIENTES/SINERGIA-WEB/vendor/laravel/framework/src/Illuminate/Foundation/Http/Middleware/VerifyCsrfToken.php(87): Illuminate\\Pipeline\\Pipeline->Illuminate\\Pipeline\\{closure}(Object(Illuminate\\Http\\Request))
#16 /Users/alejandroleon/Documents/PROYECTOS CLIENTES/SINERGIA-WEB/vendor/laravel/framework/src/Illuminate/Pipeline/Pipeline.php(219): Illuminate\\Foundation\\Http\\Middleware\\VerifyCsrfToken->handle(Object(Illuminate\\Http\\Request), Object(Closure))
#17 /Users/alejandroleon/Documents/PROYECTOS CLIENTES/SINERGIA-WEB/vendor/laravel/framework/src/Illuminate/View/Middleware/ShareErrorsFromSession.php(48): Illuminate\\Pipeline\\Pipeline->Illuminate\\Pipeline\\{closure}(Object(Illuminate\\Http\\Request))
#18 /Users/alejandroleon/Documents/PROYECTOS CLIENTES/SINERGIA-WEB/vendor/laravel/framework/src/Illuminate/Pipeline/Pipeline.php(219): Illuminate\\View\\Middleware\\ShareErrorsFromSession->handle(Object(Illuminate\\Http\\Request), Object(Closure))
#19 /Users/alejandroleon/Documents/PROYECTOS CLIENTES/SINERGIA-WEB/vendor/laravel/framework/src/Illuminate/Session/Middleware/StartSession.php(120): Illuminate\\Pipeline\\Pipeline->Illuminate\\Pipeline\\{closure}(Object(Illuminate\\Http\\Request))
#20 /Users/alejandroleon/Documents/PROYECTOS CLIENTES/SINERGIA-WEB/vendor/laravel/framework/src/Illuminate/Session/Middleware/StartSession.php(63): Illuminate\\Session\\Middleware\\StartSession->handleStatefulRequest(Object(Illuminate\\Http\\Request), Object(Illuminate\\Session\\Store), Object(Closure))
#21 /Users/alejandroleon/Documents/PROYECTOS CLIENTES/SINERGIA-WEB/vendor/laravel/framework/src/Illuminate/Pipeline/Pipeline.php(219): Illuminate\\Session\\Middleware\\StartSession->handle(Object(Illuminate\\Http\\Request), Object(Closure))
#22 /Users/alejandroleon/Documents/PROYECTOS CLIENTES/SINERGIA-WEB/vendor/laravel/framework/src/Illuminate/Cookie/Middleware/AddQueuedCookiesToResponse.php(36): Illuminate\\Pipeline\\Pipeline->Illuminate\\Pipeline\\{closure}(Object(Illuminate\\Http\\Request))
#23 /Users/alejandroleon/Documents/PROYECTOS CLIENTES/SINERGIA-WEB/vendor/laravel/framework/src/Illuminate/Pipeline/Pipeline.php(219): Illuminate\\Cookie\\Middleware\\AddQueuedCookiesToResponse->handle(Object(Illuminate\\Http\\Request), Object(Closure))
#24 /Users/alejandroleon/Documents/PROYECTOS CLIENTES/SINERGIA-WEB/vendor/laravel/framework/src/Illuminate/Cookie/Middleware/EncryptCookies.php(74): Illuminate\\Pipeline\\Pipeline->Illuminate\\Pipeline\\{closure}(Object(Illuminate\\Http\\Request))
#25 /Users/alejandroleon/Documents/PROYECTOS CLIENTES/SINERGIA-WEB/vendor/laravel/framework/src/Illuminate/Pipeline/Pipeline.php(219): Illuminate\\Cookie\\Middleware\\EncryptCookies->handle(Object(Illuminate\\Http\\Request), Object(Closure))
#26 /Users/alejandroleon/Documents/PROYECTOS CLIENTES/SINERGIA-WEB/vendor/laravel/framework/src/Illuminate/Pipeline/Pipeline.php(137): Illuminate\\Pipeline\\Pipeline->Illuminate\\Pipeline\\{closure}(Object(Illuminate\\Http\\Request))
#27 /Users/alejandroleon/Documents/PROYECTOS CLIENTES/SINERGIA-WEB/vendor/laravel/framework/src/Illuminate/Routing/Router.php(821): Illuminate\\Pipeline\\Pipeline->then(Object(Closure))
#28 /Users/alejandroleon/Documents/PROYECTOS CLIENTES/SINERGIA-WEB/vendor/laravel/framework/src/Illuminate/Routing/Router.php(800): Illuminate\\Routing\\Router->runRouteWithinStack(Object(Illuminate\\Routing\\Route), Object(Illuminate\\Http\\Request))
#29 /Users/alejandroleon/Documents/PROYECTOS CLIENTES/SINERGIA-WEB/vendor/laravel/framework/src/Illuminate/Routing/Router.php(764): Illuminate\\Routing\\Router->runRoute(Object(Illuminate\\Http\\Request), Object(Illuminate\\Routing\\Route))
#30 /Users/alejandroleon/Documents/PROYECTOS CLIENTES/SINERGIA-WEB/vendor/laravel/framework/src/Illuminate/Routing/Router.php(753): Illuminate\\Routing\\Router->dispatchToRoute(Object(Illuminate\\Http\\Request))
#31 /Users/alejandroleon/Documents/PROYECTOS CLIENTES/SINERGIA-WEB/vendor/laravel/framework/src/Illuminate/Foundation/Http/Kernel.php(200): Illuminate\\Routing\\Router->dispatch(Object(Illuminate\\Http\\Request))
#32 /Users/alejandroleon/Documents/PROYECTOS CLIENTES/SINERGIA-WEB/vendor/laravel/framework/src/Illuminate/Pipeline/Pipeline.php(180): Illuminate\\Foundation\\Http\\Kernel->Illuminate\\Foundation\\Http\\{closure}(Object(Illuminate\\Http\\Request))
#33 /Users/alejandroleon/Documents/PROYECTOS CLIENTES/SINERGIA-WEB/vendor/laravel/framework/src/Illuminate/Foundation/Http/Middleware/TransformsRequest.php(21): Illuminate\\Pipeline\\Pipeline->Illuminate\\Pipeline\\{closure}(Object(Illuminate\\Http\\Request))
#34 /Users/alejandroleon/Documents/PROYECTOS CLIENTES/SINERGIA-WEB/vendor/laravel/framework/src/Illuminate/Foundation/Http/Middleware/ConvertEmptyStringsToNull.php(31): Illuminate\\Foundation\\Http\\Middleware\\TransformsRequest->handle(Object(Illuminate\\Http\\Request), Object(Closure))
#35 /Users/alejandroleon/Documents/PROYECTOS CLIENTES/SINERGIA-WEB/vendor/laravel/framework/src/Illuminate/Pipeline/Pipeline.php(219): Illuminate\\Foundation\\Http\\Middleware\\ConvertEmptyStringsToNull->handle(Object(Illuminate\\Http\\Request), Object(Closure))
#36 /Users/alejandroleon/Documents/PROYECTOS CLIENTES/SINERGIA-WEB/vendor/laravel/framework/src/Illuminate/Foundation/Http/Middleware/TransformsRequest.php(21): Illuminate\\Pipeline\\Pipeline->Illuminate\\Pipeline\\{closure}(Object(Illuminate\\Http\\Request))
#37 /Users/alejandroleon/Documents/PROYECTOS CLIENTES/SINERGIA-WEB/vendor/laravel/framework/src/Illuminate/Foundation/Http/Middleware/TrimStrings.php(51): Illuminate\\Foundation\\Http\\Middleware\\TransformsRequest->handle(Object(Illuminate\\Http\\Request), Object(Closure))
#38 /Users/alejandroleon/Documents/PROYECTOS CLIENTES/SINERGIA-WEB/vendor/laravel/framework/src/Illuminate/Pipeline/Pipeline.php(219): Illuminate\\Foundation\\Http\\Middleware\\TrimStrings->handle(Object(Illuminate\\Http\\Request), Object(Closure))
#39 /Users/alejandroleon/Documents/PROYECTOS CLIENTES/SINERGIA-WEB/vendor/laravel/framework/src/Illuminate/Http/Middleware/ValidatePostSize.php(27): Illuminate\\Pipeline\\Pipeline->Illuminate\\Pipeline\\{closure}(Object(Illuminate\\Http\\Request))
#40 /Users/alejandroleon/Documents/PROYECTOS CLIENTES/SINERGIA-WEB/vendor/laravel/framework/src/Illuminate/Pipeline/Pipeline.php(219): Illuminate\\Http\\Middleware\\ValidatePostSize->handle(Object(Illuminate\\Http\\Request), Object(Closure))
#41 /Users/alejandroleon/Documents/PROYECTOS CLIENTES/SINERGIA-WEB/vendor/laravel/framework/src/Illuminate/Foundation/Http/Middleware/PreventRequestsDuringMaintenance.php(109): Illuminate\\Pipeline\\Pipeline->Illuminate\\Pipeline\\{closure}(Object(Illuminate\\Http\\Request))
#42 /Users/alejandroleon/Documents/PROYECTOS CLIENTES/SINERGIA-WEB/vendor/laravel/framework/src/Illuminate/Pipeline/Pipeline.php(219): Illuminate\\Foundation\\Http\\Middleware\\PreventRequestsDuringMaintenance->handle(Object(Illuminate\\Http\\Request), Object(Closure))
#43 /Users/alejandroleon/Documents/PROYECTOS CLIENTES/SINERGIA-WEB/vendor/laravel/framework/src/Illuminate/Http/Middleware/HandleCors.php(61): Illuminate\\Pipeline\\Pipeline->Illuminate\\Pipeline\\{closure}(Object(Illuminate\\Http\\Request))
#44 /Users/alejandroleon/Documents/PROYECTOS CLIENTES/SINERGIA-WEB/vendor/laravel/framework/src/Illuminate/Pipeline/Pipeline.php(219): Illuminate\\Http\\Middleware\\HandleCors->handle(Object(Illuminate\\Http\\Request), Object(Closure))
#45 /Users/alejandroleon/Documents/PROYECTOS CLIENTES/SINERGIA-WEB/vendor/laravel/framework/src/Illuminate/Http/Middleware/TrustProxies.php(58): Illuminate\\Pipeline\\Pipeline->Illuminate\\Pipeline\\{closure}(Object(Illuminate\\Http\\Request))
#46 /Users/alejandroleon/Documents/PROYECTOS CLIENTES/SINERGIA-WEB/vendor/laravel/framework/src/Illuminate/Pipeline/Pipeline.php(219): Illuminate\\Http\\Middleware\\TrustProxies->handle(Object(Illuminate\\Http\\Request), Object(Closure))
#47 /Users/alejandroleon/Documents/PROYECTOS CLIENTES/SINERGIA-WEB/vendor/laravel/framework/src/Illuminate/Foundation/Http/Middleware/InvokeDeferredCallbacks.php(22): Illuminate\\Pipeline\\Pipeline->Illuminate\\Pipeline\\{closure}(Object(Illuminate\\Http\\Request))
#48 /Users/alejandroleon/Documents/PROYECTOS CLIENTES/SINERGIA-WEB/vendor/laravel/framework/src/Illuminate/Pipeline/Pipeline.php(219): Illuminate\\Foundation\\Http\\Middleware\\InvokeDeferredCallbacks->handle(Object(Illuminate\\Http\\Request), Object(Closure))
#49 /Users/alejandroleon/Documents/PROYECTOS CLIENTES/SINERGIA-WEB/vendor/laravel/framework/src/Illuminate/Http/Middleware/ValidatePathEncoding.php(26): Illuminate\\Pipeline\\Pipeline->Illuminate\\Pipeline\\{closure}(Object(Illuminate\\Http\\Request))
#50 /Users/alejandroleon/Documents/PROYECTOS CLIENTES/SINERGIA-WEB/vendor/laravel/framework/src/Illuminate/Pipeline/Pipeline.php(219): Illuminate\\Http\\Middleware\\ValidatePathEncoding->handle(Object(Illuminate\\Http\\Request), Object(Closure))
#51 /Users/alejandroleon/Documents/PROYECTOS CLIENTES/SINERGIA-WEB/vendor/laravel/framework/src/Illuminate/Pipeline/Pipeline.php(137): Illuminate\\Pipeline\\Pipeline->Illuminate\\Pipeline\\{closure}(Object(Illuminate\\Http\\Request))
#52 /Users/alejandroleon/Documents/PROYECTOS CLIENTES/SINERGIA-WEB/vendor/laravel/framework/src/Illuminate/Foundation/Http/Kernel.php(175): Illuminate\\Pipeline\\Pipeline->then(Object(Closure))
#53 /Users/alejandroleon/Documents/PROYECTOS CLIENTES/SINERGIA-WEB/vendor/laravel/framework/src/Illuminate/Foundation/Http/Kernel.php(144): Illuminate\\Foundation\\Http\\Kernel->sendRequestThroughRouter(Object(Illuminate\\Http\\Request))
#54 /Users/alejandroleon/Documents/PROYECTOS CLIENTES/SINERGIA-WEB/vendor/laravel/framework/src/Illuminate/Foundation/Application.php(1220): Illuminate\\Foundation\\Http\\Kernel->handle(Object(Illuminate\\Http\\Request))
#55 /Users/alejandroleon/Documents/PROYECTOS CLIENTES/SINERGIA-WEB/public/index.php(17): Illuminate\\Foundation\\Application->handleRequest(Object(Illuminate\\Http\\Request))
#56 /Users/alejandroleon/Documents/PROYECTOS CLIENTES/SINERGIA-WEB/vendor/laravel/framework/src/Illuminate/Foundation/resources/server.php(23): require_once('/Users/alejandr...')
#57 {main}
"} 
[2026-06-04 01:23:32] local.ERROR: Class "Livewire\Mechanisms\ExtendBlade\ExtendBlade" not found (View: /Users/alejandroleon/Documents/PROYECTOS CLIENTES/SINERGIA-WEB/resources/views/pages/home.blade.php) {"userId":1,"exception":"[object] (Illuminate\\View\\ViewException(code: 0): Class \"Livewire\\Mechanisms\\ExtendBlade\\ExtendBlade\" not found (View: /Users/alejandroleon/Documents/PROYECTOS CLIENTES/SINERGIA-WEB/resources/views/pages/home.blade.php) at /Users/alejandroleon/Documents/PROYECTOS CLIENTES/SINERGIA-WEB/storage/framework/views/955dfe8b9f7f1af8668779189872e438.php:9)
[stacktrace]
#0 /Users/alejandroleon/Documents/PROYECTOS CLIENTES/SINERGIA-WEB/vendor/laravel/framework/src/Illuminate/View/Engines/PhpEngine.php(59): Illuminate\\View\\Engines\\CompilerEngine->handleViewException(Object(Error), 1)
#1 /Users/alejandroleon/Documents/PROYECTOS CLIENTES/SINERGIA-WEB/vendor/laravel/framework/src/Illuminate/View/Engines/CompilerEngine.php(76): Illuminate\\View\\Engines\\PhpEngine->evaluatePath('/Users/alejandr...', Array)
#2 /Users/alejandroleon/Documents/PROYECTOS CLIENTES/SINERGIA-WEB/vendor/laravel/framework/src/Illuminate/View/View.php(208): Illuminate\\View\\Engines\\CompilerEngine->get('/Users/alejandr...', Array)
#3 /Users/alejandroleon/Documents/PROYECTOS CLIENTES/SINERGIA-WEB/vendor/laravel/framework/src/Illuminate/View/View.php(191): Illuminate\\View\\View->getContents()
#4 /Users/alejandroleon/Documents/PROYECTOS CLIENTES/SINERGIA-WEB/vendor/laravel/framework/src/Illuminate/View/View.php(160): Illuminate\\View\\View->renderContents()
#5 /Users/alejandroleon/Documents/PROYECTOS CLIENTES/SINERGIA-WEB/vendor/laravel/framework/src/Illuminate/Http/Response.php(78): Illuminate\\View\\View->render()
#6 /Users/alejandroleon/Documents/PROYECTOS CLIENTES/SINERGIA-WEB/vendor/laravel/framework/src/Illuminate/Http/Response.php(34): Illuminate\\Http\\Response->setContent(Object(Illuminate\\View\\View))
#7 /Users/alejandroleon/Documents/PROYECTOS CLIENTES/SINERGIA-WEB/vendor/laravel/framework/src/Illuminate/Routing/Router.php(939): Illuminate\\Http\\Response->__construct(Object(Illuminate\\View\\View), 200, Array)
#8 /Users/alejandroleon/Documents/PROYECTOS CLIENTES/SINERGIA-WEB/vendor/laravel/framework/src/Illuminate/Routing/Router.php(906): Illuminate\\Routing\\Router::toResponse(Object(Illuminate\\Http\\Request), Object(Illuminate\\View\\View))
#9 /Users/alejandroleon/Documents/PROYECTOS CLIENTES/SINERGIA-WEB/vendor/laravel/framework/src/Illuminate/Routing/Router.php(821): Illuminate\\Routing\\Router->prepareResponse(Object(Illuminate\\Http\\Request), Object(Illuminate\\View\\View))
#10 /Users/alejandroleon/Documents/PROYECTOS CLIENTES/SINERGIA-WEB/vendor/laravel/framework/src/Illuminate/Pipeline/Pipeline.php(180): Illuminate\\Routing\\Router->Illuminate\\Routing\\{closure}(Object(Illuminate\\Http\\Request))
#11 /Users/alejandroleon/Documents/PROYECTOS CLIENTES/SINERGIA-WEB/vendor/laravel/framework/src/Illuminate/Routing/Middleware/SubstituteBindings.php(50): Illuminate\\Pipeline\\Pipeline->Illuminate\\Pipeline\\{closure}(Object(Illuminate\\Http\\Request))
#12 /Users/alejandroleon/Documents/PROYECTOS CLIENTES/SINERGIA-WEB/vendor/laravel/framework/src/Illuminate/Pipeline/Pipeline.php(219): Illuminate\\Routing\\Middleware\\SubstituteBindings->handle(Object(Illuminate\\Http\\Request), Object(Closure))
#13 /Users/alejandroleon/Documents/PROYECTOS CLIENTES/SINERGIA-WEB/vendor/laravel/framework/src/Illuminate/Foundation/Http/Middleware/VerifyCsrfToken.php(87): Illuminate\\Pipeline\\Pipeline->Illuminate\\Pipeline\\{closure}(Object(Illuminate\\Http\\Request))
#14 /Users/alejandroleon/Documents/PROYECTOS CLIENTES/SINERGIA-WEB/vendor/laravel/framework/src/Illuminate/Pipeline/Pipeline.php(219): Illuminate\\Foundation\\Http\\Middleware\\VerifyCsrfToken->handle(Object(Illuminate\\Http\\Request), Object(Closure))
#15 /Users/alejandroleon/Documents/PROYECTOS CLIENTES/SINERGIA-WEB/vendor/laravel/framework/src/Illuminate/View/Middleware/ShareErrorsFromSession.php(48): Illuminate\\Pipeline\\Pipeline->Illuminate\\Pipeline\\{closure}(Object(Illuminate\\Http\\Request))
#16 /Users/alejandroleon/Documents/PROYECTOS CLIENTES/SINERGIA-WEB/vendor/laravel/framework/src/Illuminate/Pipeline/Pipeline.php(219): Illuminate\\View\\Middleware\\ShareErrorsFromSession->handle(Object(Illuminate\\Http\\Request), Object(Closure))
#17 /Users/alejandroleon/Documents/PROYECTOS CLIENTES/SINERGIA-WEB/vendor/laravel/framework/src/Illuminate/Session/Middleware/StartSession.php(120): Illuminate\\Pipeline\\Pipeline->Illuminate\\Pipeline\\{closure}(Object(Illuminate\\Http\\Request))
#18 /Users/alejandroleon/Documents/PROYECTOS CLIENTES/SINERGIA-WEB/vendor/laravel/framework/src/Illuminate/Session/Middleware/StartSession.php(63): Illuminate\\Session\\Middleware\\StartSession->handleStatefulRequest(Object(Illuminate\\Http\\Request), Object(Illuminate\\Session\\Store), Object(Closure))
#19 /Users/alejandroleon/Documents/PROYECTOS CLIENTES/SINERGIA-WEB/vendor/laravel/framework/src/Illuminate/Pipeline/Pipeline.php(219): Illuminate\\Session\\Middleware\\StartSession->handle(Object(Illuminate\\Http\\Request), Object(Closure))
#20 /Users/alejandroleon/Documents/PROYECTOS CLIENTES/SINERGIA-WEB/vendor/laravel/framework/src/Illuminate/Cookie/Middleware/AddQueuedCookiesToResponse.php(36): Illuminate\\Pipeline\\Pipeline->Illuminate\\Pipeline\\{closure}(Object(Illuminate\\Http\\Request))
#21 /Users/alejandroleon/Documents/PROYECTOS CLIENTES/SINERGIA-WEB/vendor/laravel/framework/src/Illuminate/Pipeline/Pipeline.php(219): Illuminate\\Cookie\\Middleware\\AddQueuedCookiesToResponse->handle(Object(Illuminate\\Http\\Request), Object(Closure))
#22 /Users/alejandroleon/Documents/PROYECTOS CLIENTES/SINERGIA-WEB/vendor/laravel/framework/src/Illuminate/Cookie/Middleware/EncryptCookies.php(74): Illuminate\\Pipeline\\Pipeline->Illuminate\\Pipeline\\{closure}(Object(Illuminate\\Http\\Request))
#23 /Users/alejandroleon/Documents/PROYECTOS CLIENTES/SINERGIA-WEB/vendor/laravel/framework/src/Illuminate/Pipeline/Pipeline.php(219): Illuminate\\Cookie\\Middleware\\EncryptCookies->handle(Object(Illuminate\\Http\\Request), Object(Closure))
#24 /Users/alejandroleon/Documents/PROYECTOS CLIENTES/SINERGIA-WEB/vendor/laravel/framework/src/Illuminate/Pipeline/Pipeline.php(137): Illuminate\\Pipeline\\Pipeline->Illuminate\\Pipeline\\{closure}(Object(Illuminate\\Http\\Request))
#25 /Users/alejandroleon/Documents/PROYECTOS CLIENTES/SINERGIA-WEB/vendor/laravel/framework/src/Illuminate/Routing/Router.php(821): Illuminate\\Pipeline\\Pipeline->then(Object(Closure))
#26 /Users/alejandroleon/Documents/PROYECTOS CLIENTES/SINERGIA-WEB/vendor/laravel/framework/src/Illuminate/Routing/Router.php(800): Illuminate\\Routing\\Router->runRouteWithinStack(Object(Illuminate\\Routing\\Route), Object(Illuminate\\Http\\Request))
#27 /Users/alejandroleon/Documents/PROYECTOS CLIENTES/SINERGIA-WEB/vendor/laravel/framework/src/Illuminate/Routing/Router.php(764): Illuminate\\Routing\\Router->runRoute(Object(Illuminate\\Http\\Request), Object(Illuminate\\Routing\\Route))
#28 /Users/alejandroleon/Documents/PROYECTOS CLIENTES/SINERGIA-WEB/vendor/laravel/framework/src/Illuminate/Routing/Router.php(753): Illuminate\\Routing\\Router->dispatchToRoute(Object(Illuminate\\Http\\Request))
#29 /Users/alejandroleon/Documents/PROYECTOS CLIENTES/SINERGIA-WEB/vendor/laravel/framework/src/Illuminate/Foundation/Http/Kernel.php(200): Illuminate\\Routing\\Router->dispatch(Object(Illuminate\\Http\\Request))
#30 /Users/alejandroleon/Documents/PROYECTOS CLIENTES/SINERGIA-WEB/vendor/laravel/framework/src/Illuminate/Pipeline/Pipeline.php(180): Illuminate\\Foundation\\Http\\Kernel->Illuminate\\Foundation\\Http\\{closure}(Object(Illuminate\\Http\\Request))
#31 /Users/alejandroleon/Documents/PROYECTOS CLIENTES/SINERGIA-WEB/vendor/laravel/framework/src/Illuminate/Foundation/Http/Middleware/TransformsRequest.php(21): Illuminate\\Pipeline\\Pipeline->Illuminate\\Pipeline\\{closure}(Object(Illuminate\\Http\\Request))
#32 /Users/alejandroleon/Documents/PROYECTOS CLIENTES/SINERGIA-WEB/vendor/laravel/framework/src/Illuminate/Foundation/Http/Middleware/ConvertEmptyStringsToNull.php(31): Illuminate\\Foundation\\Http\\Middleware\\TransformsRequest->handle(Object(Illuminate\\Http\\Request), Object(Closure))
#33 /Users/alejandroleon/Documents/PROYECTOS CLIENTES/SINERGIA-WEB/vendor/laravel/framework/src/Illuminate/Pipeline/Pipeline.php(219): Illuminate\\Foundation\\Http\\Middleware\\ConvertEmptyStringsToNull->handle(Object(Illuminate\\Http\\Request), Object(Closure))
#34 /Users/alejandroleon/Documents/PROYECTOS CLIENTES/SINERGIA-WEB/vendor/laravel/framework/src/Illuminate/Foundation/Http/Middleware/TransformsRequest.php(21): Illuminate\\Pipeline\\Pipeline->Illuminate\\Pipeline\\{closure}(Object(Illuminate\\Http\\Request))
#35 /Users/alejandroleon/Documents/PROYECTOS CLIENTES/SINERGIA-WEB/vendor/laravel/framework/src/Illuminate/Foundation/Http/Middleware/TrimStrings.php(51): Illuminate\\Foundation\\Http\\Middleware\\TransformsRequest->handle(Object(Illuminate\\Http\\Request), Object(Closure))
#36 /Users/alejandroleon/Documents/PROYECTOS CLIENTES/SINERGIA-WEB/vendor/laravel/framework/src/Illuminate/Pipeline/Pipeline.php(219): Illuminate\\Foundation\\Http\\Middleware\\TrimStrings->handle(Object(Illuminate\\Http\\Request), Object(Closure))
#37 /Users/alejandroleon/Documents/PROYECTOS CLIENTES/SINERGIA-WEB/vendor/laravel/framework/src/Illuminate/Http/Middleware/ValidatePostSize.php(27): Illuminate\\Pipeline\\Pipeline->Illuminate\\Pipeline\\{closure}(Object(Illuminate\\Http\\Request))
#38 /Users/alejandroleon/Documents/PROYECTOS CLIENTES/SINERGIA-WEB/vendor/laravel/framework/src/Illuminate/Pipeline/Pipeline.php(219): Illuminate\\Http\\Middleware\\ValidatePostSize->handle(Object(Illuminate\\Http\\Request), Object(Closure))
#39 /Users/alejandroleon/Documents/PROYECTOS CLIENTES/SINERGIA-WEB/vendor/laravel/framework/src/Illuminate/Foundation/Http/Middleware/PreventRequestsDuringMaintenance.php(109): Illuminate\\Pipeline\\Pipeline->Illuminate\\Pipeline\\{closure}(Object(Illuminate\\Http\\Request))
#40 /Users/alejandroleon/Documents/PROYECTOS CLIENTES/SINERGIA-WEB/vendor/laravel/framework/src/Illuminate/Pipeline/Pipeline.php(219): Illuminate\\Foundation\\Http\\Middleware\\PreventRequestsDuringMaintenance->handle(Object(Illuminate\\Http\\Request), Object(Closure))
#41 /Users/alejandroleon/Documents/PROYECTOS CLIENTES/SINERGIA-WEB/vendor/laravel/framework/src/Illuminate/Http/Middleware/HandleCors.php(61): Illuminate\\Pipeline\\Pipeline->Illuminate\\Pipeline\\{closure}(Object(Illuminate\\Http\\Request))
#42 /Users/alejandroleon/Documents/PROYECTOS CLIENTES/SINERGIA-WEB/vendor/laravel/framework/src/Illuminate/Pipeline/Pipeline.php(219): Illuminate\\Http\\Middleware\\HandleCors->handle(Object(Illuminate\\Http\\Request), Object(Closure))
#43 /Users/alejandroleon/Documents/PROYECTOS CLIENTES/SINERGIA-WEB/vendor/laravel/framework/src/Illuminate/Http/Middleware/TrustProxies.php(58): Illuminate\\Pipeline\\Pipeline->Illuminate\\Pipeline\\{closure}(Object(Illuminate\\Http\\Request))
#44 /Users/alejandroleon/Documents/PROYECTOS CLIENTES/SINERGIA-WEB/vendor/laravel/framework/src/Illuminate/Pipeline/Pipeline.php(219): Illuminate\\Http\\Middleware\\TrustProxies->handle(Object(Illuminate\\Http\\Request), Object(Closure))
#45 /Users/alejandroleon/Documents/PROYECTOS CLIENTES/SINERGIA-WEB/vendor/laravel/framework/src/Illuminate/Foundation/Http/Middleware/InvokeDeferredCallbacks.php(22): Illuminate\\Pipeline\\Pipeline->Illuminate\\Pipeline\\{closure}(Object(Illuminate\\Http\\Request))
#46 /Users/alejandroleon/Documents/PROYECTOS CLIENTES/SINERGIA-WEB/vendor/laravel/framework/src/Illuminate/Pipeline/Pipeline.php(219): Illuminate\\Foundation\\Http\\Middleware\\InvokeDeferredCallbacks->handle(Object(Illuminate\\Http\\Request), Object(Closure))
#47 /Users/alejandroleon/Documents/PROYECTOS CLIENTES/SINERGIA-WEB/vendor/laravel/framework/src/Illuminate/Http/Middleware/ValidatePathEncoding.php(26): Illuminate\\Pipeline\\Pipeline->Illuminate\\Pipeline\\{closure}(Object(Illuminate\\Http\\Request))
#48 /Users/alejandroleon/Documents/PROYECTOS CLIENTES/SINERGIA-WEB/vendor/laravel/framework/src/Illuminate/Pipeline/Pipeline.php(219): Illuminate\\Http\\Middleware\\ValidatePathEncoding->handle(Object(Illuminate\\Http\\Request), Object(Closure))
#49 /Users/alejandroleon/Documents/PROYECTOS CLIENTES/SINERGIA-WEB/vendor/laravel/framework/src/Illuminate/Pipeline/Pipeline.php(137): Illuminate\\Pipeline\\Pipeline->Illuminate\\Pipeline\\{closure}(Object(Illuminate\\Http\\Request))
#50 /Users/alejandroleon/Documents/PROYECTOS CLIENTES/SINERGIA-WEB/vendor/laravel/framework/src/Illuminate/Foundation/Http/Kernel.php(175): Illuminate\\Pipeline\\Pipeline->then(Object(Closure))
#51 /Users/alejandroleon/Documents/PROYECTOS CLIENTES/SINERGIA-WEB/vendor/laravel/framework/src/Illuminate/Foundation/Http/Kernel.php(144): Illuminate\\Foundation\\Http\\Kernel->sendRequestThroughRouter(Object(Illuminate\\Http\\Request))
#52 /Users/alejandroleon/Documents/PROYECTOS CLIENTES/SINERGIA-WEB/vendor/laravel/framework/src/Illuminate/Foundation/Application.php(1220): Illuminate\\Foundation\\Http\\Kernel->handle(Object(Illuminate\\Http\\Request))
#53 /Users/alejandroleon/Documents/PROYECTOS CLIENTES/SINERGIA-WEB/public/index.php(17): Illuminate\\Foundation\\Application->handleRequest(Object(Illuminate\\Http\\Request))
#54 /Users/alejandroleon/Documents/PROYECTOS CLIENTES/SINERGIA-WEB/vendor/laravel/framework/src/Illuminate/Foundation/resources/server.php(23): require_once('/Users/alejandr...')
#55 {main}

[previous exception] [object] (Error(code: 0): Class \"Livewire\\Mechanisms\\ExtendBlade\\ExtendBlade\" not found at /Users/alejandroleon/Documents/PROYECTOS CLIENTES/SINERGIA-WEB/storage/framework/views/955dfe8b9f7f1af8668779189872e438.php:9)
[stacktrace]
#0 /Users/alejandroleon/Documents/PROYECTOS CLIENTES/SINERGIA-WEB/vendor/laravel/framework/src/Illuminate/Filesystem/Filesystem.php(123): require()
#1 /Users/alejandroleon/Documents/PROYECTOS CLIENTES/SINERGIA-WEB/vendor/laravel/framework/src/Illuminate/Filesystem/Filesystem.php(124): Illuminate\\Filesystem\\Filesystem::Illuminate\\Filesystem\\{closure}()
#2 /Users/alejandroleon/Documents/PROYECTOS CLIENTES/SINERGIA-WEB/vendor/laravel/framework/src/Illuminate/View/Engines/PhpEngine.php(57): Illuminate\\Filesystem\\Filesystem->getRequire('/Users/alejandr...', Array)
#3 /Users/alejandroleon/Documents/PROYECTOS CLIENTES/SINERGIA-WEB/vendor/laravel/framework/src/Illuminate/View/Engines/CompilerEngine.php(76): Illuminate\\View\\Engines\\PhpEngine->evaluatePath('/Users/alejandr...', Array)
#4 /Users/alejandroleon/Documents/PROYECTOS CLIENTES/SINERGIA-WEB/vendor/laravel/framework/src/Illuminate/View/View.php(208): Illuminate\\View\\Engines\\CompilerEngine->get('/Users/alejandr...', Array)
#5 /Users/alejandroleon/Documents/PROYECTOS CLIENTES/SINERGIA-WEB/vendor/laravel/framework/src/Illuminate/View/View.php(191): Illuminate\\View\\View->getContents()
#6 /Users/alejandroleon/Documents/PROYECTOS CLIENTES/SINERGIA-WEB/vendor/laravel/framework/src/Illuminate/View/View.php(160): Illuminate\\View\\View->renderContents()
#7 /Users/alejandroleon/Documents/PROYECTOS CLIENTES/SINERGIA-WEB/vendor/laravel/framework/src/Illuminate/Http/Response.php(78): Illuminate\\View\\View->render()
#8 /Users/alejandroleon/Documents/PROYECTOS CLIENTES/SINERGIA-WEB/vendor/laravel/framework/src/Illuminate/Http/Response.php(34): Illuminate\\Http\\Response->setContent(Object(Illuminate\\View\\View))
#9 /Users/alejandroleon/Documents/PROYECTOS CLIENTES/SINERGIA-WEB/vendor/laravel/framework/src/Illuminate/Routing/Router.php(939): Illuminate\\Http\\Response->__construct(Object(Illuminate\\View\\View), 200, Array)
#10 /Users/alejandroleon/Documents/PROYECTOS CLIENTES/SINERGIA-WEB/vendor/laravel/framework/src/Illuminate/Routing/Router.php(906): Illuminate\\Routing\\Router::toResponse(Object(Illuminate\\Http\\Request), Object(Illuminate\\View\\View))
#11 /Users/alejandroleon/Documents/PROYECTOS CLIENTES/SINERGIA-WEB/vendor/laravel/framework/src/Illuminate/Routing/Router.php(821): Illuminate\\Routing\\Router->prepareResponse(Object(Illuminate\\Http\\Request), Object(Illuminate\\View\\View))
#12 /Users/alejandroleon/Documents/PROYECTOS CLIENTES/SINERGIA-WEB/vendor/laravel/framework/src/Illuminate/Pipeline/Pipeline.php(180): Illuminate\\Routing\\Router->Illuminate\\Routing\\{closure}(Object(Illuminate\\Http\\Request))
#13 /Users/alejandroleon/Documents/PROYECTOS CLIENTES/SINERGIA-WEB/vendor/laravel/framework/src/Illuminate/Routing/Middleware/SubstituteBindings.php(50): Illuminate\\Pipeline\\Pipeline->Illuminate\\Pipeline\\{closure}(Object(Illuminate\\Http\\Request))
#14 /Users/alejandroleon/Documents/PROYECTOS CLIENTES/SINERGIA-WEB/vendor/laravel/framework/src/Illuminate/Pipeline/Pipeline.php(219): Illuminate\\Routing\\Middleware\\SubstituteBindings->handle(Object(Illuminate\\Http\\Request), Object(Closure))
#15 /Users/alejandroleon/Documents/PROYECTOS CLIENTES/SINERGIA-WEB/vendor/laravel/framework/src/Illuminate/Foundation/Http/Middleware/VerifyCsrfToken.php(87): Illuminate\\Pipeline\\Pipeline->Illuminate\\Pipeline\\{closure}(Object(Illuminate\\Http\\Request))
#16 /Users/alejandroleon/Documents/PROYECTOS CLIENTES/SINERGIA-WEB/vendor/laravel/framework/src/Illuminate/Pipeline/Pipeline.php(219): Illuminate\\Foundation\\Http\\Middleware\\VerifyCsrfToken->handle(Object(Illuminate\\Http\\Request), Object(Closure))
#17 /Users/alejandroleon/Documents/PROYECTOS CLIENTES/SINERGIA-WEB/vendor/laravel/framework/src/Illuminate/View/Middleware/ShareErrorsFromSession.php(48): Illuminate\\Pipeline\\Pipeline->Illuminate\\Pipeline\\{closure}(Object(Illuminate\\Http\\Request))
#18 /Users/alejandroleon/Documents/PROYECTOS CLIENTES/SINERGIA-WEB/vendor/laravel/framework/src/Illuminate/Pipeline/Pipeline.php(219): Illuminate\\View\\Middleware\\ShareErrorsFromSession->handle(Object(Illuminate\\Http\\Request), Object(Closure))
#19 /Users/alejandroleon/Documents/PROYECTOS CLIENTES/SINERGIA-WEB/vendor/laravel/framework/src/Illuminate/Session/Middleware/StartSession.php(120): Illuminate\\Pipeline\\Pipeline->Illuminate\\Pipeline\\{closure}(Object(Illuminate\\Http\\Request))
#20 /Users/alejandroleon/Documents/PROYECTOS CLIENTES/SINERGIA-WEB/vendor/laravel/framework/src/Illuminate/Session/Middleware/StartSession.php(63): Illuminate\\Session\\Middleware\\StartSession->handleStatefulRequest(Object(Illuminate\\Http\\Request), Object(Illuminate\\Session\\Store), Object(Closure))
#21 /Users/alejandroleon/Documents/PROYECTOS CLIENTES/SINERGIA-WEB/vendor/laravel/framework/src/Illuminate/Pipeline/Pipeline.php(219): Illuminate\\Session\\Middleware\\StartSession->handle(Object(Illuminate\\Http\\Request), Object(Closure))
#22 /Users/alejandroleon/Documents/PROYECTOS CLIENTES/SINERGIA-WEB/vendor/laravel/framework/src/Illuminate/Cookie/Middleware/AddQueuedCookiesToResponse.php(36): Illuminate\\Pipeline\\Pipeline->Illuminate\\Pipeline\\{closure}(Object(Illuminate\\Http\\Request))
#23 /Users/alejandroleon/Documents/PROYECTOS CLIENTES/SINERGIA-WEB/vendor/laravel/framework/src/Illuminate/Pipeline/Pipeline.php(219): Illuminate\\Cookie\\Middleware\\AddQueuedCookiesToResponse->handle(Object(Illuminate\\Http\\Request), Object(Closure))
#24 /Users/alejandroleon/Documents/PROYECTOS CLIENTES/SINERGIA-WEB/vendor/laravel/framework/src/Illuminate/Cookie/Middleware/EncryptCookies.php(74): Illuminate\\Pipeline\\Pipeline->Illuminate\\Pipeline\\{closure}(Object(Illuminate\\Http\\Request))
#25 /Users/alejandroleon/Documents/PROYECTOS CLIENTES/SINERGIA-WEB/vendor/laravel/framework/src/Illuminate/Pipeline/Pipeline.php(219): Illuminate\\Cookie\\Middleware\\EncryptCookies->handle(Object(Illuminate\\Http\\Request), Object(Closure))
#26 /Users/alejandroleon/Documents/PROYECTOS CLIENTES/SINERGIA-WEB/vendor/laravel/framework/src/Illuminate/Pipeline/Pipeline.php(137): Illuminate\\Pipeline\\Pipeline->Illuminate\\Pipeline\\{closure}(Object(Illuminate\\Http\\Request))
#27 /Users/alejandroleon/Documents/PROYECTOS CLIENTES/SINERGIA-WEB/vendor/laravel/framework/src/Illuminate/Routing/Router.php(821): Illuminate\\Pipeline\\Pipeline->then(Object(Closure))
#28 /Users/alejandroleon/Documents/PROYECTOS CLIENTES/SINERGIA-WEB/vendor/laravel/framework/src/Illuminate/Routing/Router.php(800): Illuminate\\Routing\\Router->runRouteWithinStack(Object(Illuminate\\Routing\\Route), Object(Illuminate\\Http\\Request))
#29 /Users/alejandroleon/Documents/PROYECTOS CLIENTES/SINERGIA-WEB/vendor/laravel/framework/src/Illuminate/Routing/Router.php(764): Illuminate\\Routing\\Router->runRoute(Object(Illuminate\\Http\\Request), Object(Illuminate\\Routing\\Route))
#30 /Users/alejandroleon/Documents/PROYECTOS CLIENTES/SINERGIA-WEB/vendor/laravel/framework/src/Illuminate/Routing/Router.php(753): Illuminate\\Routing\\Router->dispatchToRoute(Object(Illuminate\\Http\\Request))
#31 /Users/alejandroleon/Documents/PROYECTOS CLIENTES/SINERGIA-WEB/vendor/laravel/framework/src/Illuminate/Foundation/Http/Kernel.php(200): Illuminate\\Routing\\Router->dispatch(Object(Illuminate\\Http\\Request))
#32 /Users/alejandroleon/Documents/PROYECTOS CLIENTES/SINERGIA-WEB/vendor/laravel/framework/src/Illuminate/Pipeline/Pipeline.php(180): Illuminate\\Foundation\\Http\\Kernel->Illuminate\\Foundation\\Http\\{closure}(Object(Illuminate\\Http\\Request))
#33 /Users/alejandroleon/Documents/PROYECTOS CLIENTES/SINERGIA-WEB/vendor/laravel/framework/src/Illuminate/Foundation/Http/Middleware/TransformsRequest.php(21): Illuminate\\Pipeline\\Pipeline->Illuminate\\Pipeline\\{closure}(Object(Illuminate\\Http\\Request))
#34 /Users/alejandroleon/Documents/PROYECTOS CLIENTES/SINERGIA-WEB/vendor/laravel/framework/src/Illuminate/Foundation/Http/Middleware/ConvertEmptyStringsToNull.php(31): Illuminate\\Foundation\\Http\\Middleware\\TransformsRequest->handle(Object(Illuminate\\Http\\Request), Object(Closure))
#35 /Users/alejandroleon/Documents/PROYECTOS CLIENTES/SINERGIA-WEB/vendor/laravel/framework/src/Illuminate/Pipeline/Pipeline.php(219): Illuminate\\Foundation\\Http\\Middleware\\ConvertEmptyStringsToNull->handle(Object(Illuminate\\Http\\Request), Object(Closure))
#36 /Users/alejandroleon/Documents/PROYECTOS CLIENTES/SINERGIA-WEB/vendor/laravel/framework/src/Illuminate/Foundation/Http/Middleware/TransformsRequest.php(21): Illuminate\\Pipeline\\Pipeline->Illuminate\\Pipeline\\{closure}(Object(Illuminate\\Http\\Request))
#37 /Users/alejandroleon/Documents/PROYECTOS CLIENTES/SINERGIA-WEB/vendor/laravel/framework/src/Illuminate/Foundation/Http/Middleware/TrimStrings.php(51): Illuminate\\Foundation\\Http\\Middleware\\TransformsRequest->handle(Object(Illuminate\\Http\\Request), Object(Closure))
#38 /Users/alejandroleon/Documents/PROYECTOS CLIENTES/SINERGIA-WEB/vendor/laravel/framework/src/Illuminate/Pipeline/Pipeline.php(219): Illuminate\\Foundation\\Http\\Middleware\\TrimStrings->handle(Object(Illuminate\\Http\\Request), Object(Closure))
#39 /Users/alejandroleon/Documents/PROYECTOS CLIENTES/SINERGIA-WEB/vendor/laravel/framework/src/Illuminate/Http/Middleware/ValidatePostSize.php(27): Illuminate\\Pipeline\\Pipeline->Illuminate\\Pipeline\\{closure}(Object(Illuminate\\Http\\Request))
#40 /Users/alejandroleon/Documents/PROYECTOS CLIENTES/SINERGIA-WEB/vendor/laravel/framework/src/Illuminate/Pipeline/Pipeline.php(219): Illuminate\\Http\\Middleware\\ValidatePostSize->handle(Object(Illuminate\\Http\\Request), Object(Closure))
#41 /Users/alejandroleon/Documents/PROYECTOS CLIENTES/SINERGIA-WEB/vendor/laravel/framework/src/Illuminate/Foundation/Http/Middleware/PreventRequestsDuringMaintenance.php(109): Illuminate\\Pipeline\\Pipeline->Illuminate\\Pipeline\\{closure}(Object(Illuminate\\Http\\Request))
#42 /Users/alejandroleon/Documents/PROYECTOS CLIENTES/SINERGIA-WEB/vendor/laravel/framework/src/Illuminate/Pipeline/Pipeline.php(219): Illuminate\\Foundation\\Http\\Middleware\\PreventRequestsDuringMaintenance->handle(Object(Illuminate\\Http\\Request), Object(Closure))
#43 /Users/alejandroleon/Documents/PROYECTOS CLIENTES/SINERGIA-WEB/vendor/laravel/framework/src/Illuminate/Http/Middleware/HandleCors.php(61): Illuminate\\Pipeline\\Pipeline->Illuminate\\Pipeline\\{closure}(Object(Illuminate\\Http\\Request))
#44 /Users/alejandroleon/Documents/PROYECTOS CLIENTES/SINERGIA-WEB/vendor/laravel/framework/src/Illuminate/Pipeline/Pipeline.php(219): Illuminate\\Http\\Middleware\\HandleCors->handle(Object(Illuminate\\Http\\Request), Object(Closure))
#45 /Users/alejandroleon/Documents/PROYECTOS CLIENTES/SINERGIA-WEB/vendor/laravel/framework/src/Illuminate/Http/Middleware/TrustProxies.php(58): Illuminate\\Pipeline\\Pipeline->Illuminate\\Pipeline\\{closure}(Object(Illuminate\\Http\\Request))
#46 /Users/alejandroleon/Documents/PROYECTOS CLIENTES/SINERGIA-WEB/vendor/laravel/framework/src/Illuminate/Pipeline/Pipeline.php(219): Illuminate\\Http\\Middleware\\TrustProxies->handle(Object(Illuminate\\Http\\Request), Object(Closure))
#47 /Users/alejandroleon/Documents/PROYECTOS CLIENTES/SINERGIA-WEB/vendor/laravel/framework/src/Illuminate/Foundation/Http/Middleware/InvokeDeferredCallbacks.php(22): Illuminate\\Pipeline\\Pipeline->Illuminate\\Pipeline\\{closure}(Object(Illuminate\\Http\\Request))
#48 /Users/alejandroleon/Documents/PROYECTOS CLIENTES/SINERGIA-WEB/vendor/laravel/framework/src/Illuminate/Pipeline/Pipeline.php(219): Illuminate\\Foundation\\Http\\Middleware\\InvokeDeferredCallbacks->handle(Object(Illuminate\\Http\\Request), Object(Closure))
#49 /Users/alejandroleon/Documents/PROYECTOS CLIENTES/SINERGIA-WEB/vendor/laravel/framework/src/Illuminate/Http/Middleware/ValidatePathEncoding.php(26): Illuminate\\Pipeline\\Pipeline->Illuminate\\Pipeline\\{closure}(Object(Illuminate\\Http\\Request))
#50 /Users/alejandroleon/Documents/PROYECTOS CLIENTES/SINERGIA-WEB/vendor/laravel/framework/src/Illuminate/Pipeline/Pipeline.php(219): Illuminate\\Http\\Middleware\\ValidatePathEncoding->handle(Object(Illuminate\\Http\\Request), Object(Closure))
#51 /Users/alejandroleon/Documents/PROYECTOS CLIENTES/SINERGIA-WEB/vendor/laravel/framework/src/Illuminate/Pipeline/Pipeline.php(137): Illuminate\\Pipeline\\Pipeline->Illuminate\\Pipeline\\{closure}(Object(Illuminate\\Http\\Request))
#52 /Users/alejandroleon/Documents/PROYECTOS CLIENTES/SINERGIA-WEB/vendor/laravel/framework/src/Illuminate/Foundation/Http/Kernel.php(175): Illuminate\\Pipeline\\Pipeline->then(Object(Closure))
#53 /Users/alejandroleon/Documents/PROYECTOS CLIENTES/SINERGIA-WEB/vendor/laravel/framework/src/Illuminate/Foundation/Http/Kernel.php(144): Illuminate\\Foundation\\Http\\Kernel->sendRequestThroughRouter(Object(Illuminate\\Http\\Request))
#54 /Users/alejandroleon/Documents/PROYECTOS CLIENTES/SINERGIA-WEB/vendor/laravel/framework/src/Illuminate/Foundation/Application.php(1220): Illuminate\\Foundation\\Http\\Kernel->handle(Object(Illuminate\\Http\\Request))
#55 /Users/alejandroleon/Documents/PROYECTOS CLIENTES/SINERGIA-WEB/public/index.php(17): Illuminate\\Foundation\\Application->handleRequest(Object(Illuminate\\Http\\Request))
#56 /Users/alejandroleon/Documents/PROYECTOS CLIENTES/SINERGIA-WEB/vendor/laravel/framework/src/Illuminate/Foundation/resources/server.php(23): require_once('/Users/alejandr...')
#57 {main}
"} 
